1,,입금,324215,월급,2025-03-13
2,,출금,101543,생필품,2025-03-20
3,,출금,454934,의료/건강,2025-07-11
4,,입금,2168820,기타,2025-07-05
5,,출금,278746,패션/미용,2025-04-10
6,,입금,233878,부수입,2025-02-01
7,,출금,465844,교통비,2025-06-29
8,,출금,145862,생필품,2025-03-20
9,,출금,93768,패션/미용,2025-06-19
10,,출금,307798,생필품,2025-04-30
11,,출금,266375,주거/공과금,2025-03-23
12,,입금,1619728,월급,2025-05-30
13,,입금,1088765,기타,2025-01-29
14,,출금,38978,패션/미용,2025-03-31
15,,입금,277178,월급,2025-04-07
16,,출금,71220,패션/미용,2025-01-20
17,,출금,83863,의료/건강,2025-03-18
18,,출금,226171,생필품,2025-03-08
19,,출금,48181,식비,2025-07-15
20,,입금,255377,기타,2025-07-29
21,,입금,2390312,월급,2025-02-09
22,,출금,79739,식비,2025-06-14
23,,출금,258639,패션/미용,2025-05-16
24,,입금,663053,부수입,2025-06-23
25,,출금,128652,식비,2025-03-19
26,,출금,403727,교통비,2025-05-04
27,,출금,437283,생필품,2025-05-19
28,,입금,94545,부수입,2025-04-05
29,,출금,222725,기타,2025-01-12
30,,출금,222632,식비,2025-02-27
31,,출금,320511,패션/미용,2025-07-10
32,,출금,140152,주거/공과금,2025-03-04
33,,출금,348011,기타,2025-03-12
34,,출금,145180,패션/미용,2025-07-30
35,,입금,375949,월급,2025-07-24
36,,출금,194843,의료/건강,2025-06-24
37,,출금,208590,교통비,2025-02-18
38,,입금,1504694,기타,2025-07-25
39,,입금,717368,부수입,2025-02-19
40,,입금,2280643,부수입,2025-01-19
41,,출금,347062,주거/공과금,2025-02-03
42,,출금,178797,기타,2025-07-14
43,,입금,1855863,부수입,2025-04-05
44,,입금,544267,기타,2025-03-13
45,,출금,222559,주거/공과금,2025-01-03
46,,출금,81854,기타,2025-04-26
47,,출금,258796,교통비,2025-03-19
48,,입금,57056,부수입,2025-07-13
49,,출금,452797,의료/건강,2025-01-07
50,,출금,435941,의료/건강,2025-05-27
51,,출금,169183,패션/미용,2025-06-17
52,,출금,171971,생필품,2025-02-12
53,,출금,149981,교통비,2025-01-25
54,,출금,51132,기타,2025-02-15
55,,출금,137456,기타,2025-01-04
56,,출금,240630,생필품,2025-04-10
57,,출금,103814,생필품,2025-02-18
58,,출금,128545,의료/건강,2025-07-11
59,,출금,421174,식비,2025-01-13
60,,출금,183161,생필품,2025-05-26
61,,출금,178679,기타,2025-07-21
62,,출금,287314,패션/미용,2025-06-05
63,,출금,136217,의료/건강,2025-07-13
64,,출금,237301,생필품,2025-03-02
65,,입금,1223552,부수입,2025-01-15
66,,입금,993876,부수입,2025-02-25
67,,출금,88236,패션/미용,2025-02-12
68,,입금,2199962,월급,2025-04-24
69,,출금,343595,주거/공과금,2025-03-05
70,,출금,496588,문화생활/여가,2025-04-14
71,,출금,34221,교통비,2025-04-26
72,,출금,144526,패션/미용,2025-01-26
73,,출금,11065,생필품,2025-07-19
74,,입금,937147,월급,2025-04-09
75,,출금,365677,주거/공과금,2025-06-15
76,,입금,1362956,기타,2025-03-12
77,,입금,2375729,월급,2025-02-14
78,,출금,222572,교통비,2025-02-22
79,,출금,406868,기타,2025-01-28
80,,출금,270004,기타,2025-01-06
81,,출금,324359,교통비,2025-03-08
82,,출금,92235,식비,2025-06-04
83,,출금,28700,기타,2025-02-03
84,,입금,750869,부수입,2025-02-14
85,,출금,465890,기타,2025-06-03
86,,출금,159340,교통비,2025-05-04
87,,출금,144209,교통비,2025-01-15
88,,입금,1170361,월급,2025-01-16
89,,입금,693796,기타,2025-05-26
90,,출금,95324,식비,2025-03-29
91,,출금,41712,주거/공과금,2025-04-15
92,,출금,425901,교통비,2025-06-22
93,,출금,461883,패션/미용,2025-06-20
94,,입금,184061,월급,2025-02-15
95,,출금,187954,주거/공과금,2025-07-02
96,,출금,339207,의료/건강,2025-06-26
97,,입금,383304,부수입,2025-06-20
98,,입금,83705,부수입,2025-03-28
99,,입금,1018603,부수입,2025-06-07
100,,출금,97560,기타,2025-07-28
101,,출금,114820,의료/건강,2025-01-09
102,,출금,283103,생필품,2025-02-01
103,,출금,438114,교통비,2025-05-02
104,,출금,216465,의료/건강,2025-03-20
105,,출금,438725,교통비,2025-01-26
106,,출금,178693,패션/미용,2025-02-26
107,,출금,473346,주거/공과금,2025-05-31
108,,출금,378657,주거/공과금,2025-07-19
109,,출금,57580,문화생활/여가,2025-01-19
110,,출금,43217,패션/미용,2025-06-07
111,,출금,61290,패션/미용,2025-07-25
112,,출금,385388,패션/미용,2025-03-07
113,,입금,727634,부수입,2025-07-18
114,,출금,392104,식비,2025-05-13
115,,출금,466153,교통비,2025-07-29
116,,출금,237286,식비,2025-03-02
117,,출금,458843,생필품,2025-07-18
118,,출금,459350,기타,2025-04-16
119,,입금,926582,월급,2025-03-11
120,,출금,127887,생필품,2025-05-07
121,,입금,1453408,기타,2025-04-09
122,,출금,47680,교통비,2025-04-03
123,,출금,451972,주거/공과금,2025-01-13
124,,출금,47953,교통비,2025-01-21
125,,출금,64585,기타,2025-01-11
126,,입금,1415657,기타,2025-02-24
127,,출금,430700,식비,2025-06-26
128,,입금,1152895,월급,2025-04-11
129,,출금,447542,기타,2025-07-07
130,,입금,2151439,기타,2025-04-28
131,,출금,250981,식비,2025-06-17
132,,출금,343167,패션/미용,2025-06-08
133,,출금,299765,패션/미용,2025-01-29
134,,출금,169515,패션/미용,2025-05-12
135,,출금,22850,식비,2025-03-25
136,,출금,54499,주거/공과금,2025-07-27
137,,출금,472051,주거/공과금,2025-05-14
138,,출금,280411,기타,2025-03-18
139,,입금,1695308,부수입,2025-02-02
140,,출금,278289,기타,2025-06-27
141,,출금,112744,의료/건강,2025-03-12
142,,출금,233707,교통비,2025-07-03
143,,출금,127477,기타,2025-06-28
144,,출금,228193,패션/미용,2025-04-03
145,,입금,1441091,기타,2025-07-22
146,,입금,919680,월급,2025-04-03
147,,출금,364844,의료/건강,2025-02-06
148,,출금,464595,교통비,2025-04-19
149,,출금,383408,교통비,2025-01-09
150,,출금,486130,생필품,2025-03-31
151,,입금,1770243,부수입,2025-05-25
152,,출금,274324,교통비,2025-05-05
153,,출금,419908,주거/공과금,2025-04-29
154,,입금,705608,기타,2025-01-13
155,,출금,289585,생필품,2025-03-08
156,,입금,1837255,부수입,2025-03-08
157,,출금,198391,기타,2025-02-07
158,,출금,457045,의료/건강,2025-07-15
159,,출금,241756,문화생활/여가,2025-06-01
160,,출금,75055,기타,2025-05-17
161,,출금,280263,식비,2025-07-04
162,,입금,363218,월급,2025-05-30
163,,출금,204474,생필품,2025-05-01
164,,출금,322933,기타,2025-06-27
165,,출금,435064,문화생활/여가,2025-01-28
166,,입금,2255467,기타,2025-06-12
167,,출금,373769,의료/건강,2025-07-02
168,,입금,554574,기타,2025-06-13
169,,출금,450197,문화생활/여가,2025-07-18
170,,입금,691441,기타,2025-07-24
171,,입금,1638092,부수입,2025-01-23
172,,출금,144548,교통비,2025-06-19
173,,출금,318375,문화생활/여가,2025-06-27
174,,입금,1636364,월급,2025-01-22
175,,출금,490868,패션/미용,2025-07-25
176,,출금,270122,주거/공과금,2025-06-02
177,,출금,482338,주거/공과금,2025-01-18
178,,출금,322354,교통비,2025-01-20
179,,입금,2002903,기타,2025-05-10
180,,출금,104792,의료/건강,2025-04-03
181,,출금,303902,교통비,2025-03-04
182,,출금,23744,문화생활/여가,2025-03-20
183,,출금,223431,기타,2025-07-29
184,,입금,1151370,기타,2025-06-03
185,,출금,383405,식비,2025-05-21
186,,출금,459227,패션/미용,2025-05-06
187,,입금,401887,월급,2025-01-12
188,,입금,375601,기타,2025-03-15
189,,출금,311211,교통비,2025-04-06
190,,입금,895091,부수입,2025-07-09
191,,출금,335746,패션/미용,2025-03-26
192,,입금,727886,월급,2025-06-04
193,,출금,130466,생필품,2025-06-29
194,,입금,1706963,부수입,2025-04-13
195,,출금,193413,교통비,2025-01-08
196,,출금,39427,식비,2025-07-14
197,,출금,404380,주거/공과금,2025-07-01
198,,출금,207925,문화생활/여가,2025-02-28
199,,출금,36901,기타,2025-04-25
200,,출금,10943,의료/건강,2025-05-13
201,,출금,41363,기타,2025-06-19
202,,입금,2186757,기타,2025-04-23
203,,출금,451245,생필품,2025-01-30
204,,입금,2227605,부수입,2025-02-05
205,,출금,346039,식비,2025-04-14
206,,출금,240628,생필품,2025-01-16
207,,출금,170183,교통비,2025-07-08
208,,출금,79334,생필품,2025-01-19
209,,출금,443667,교통비,2025-07-01
210,,출금,288043,의료/건강,2025-02-24
211,,출금,257525,식비,2025-05-03
212,,출금,462993,교통비,2025-07-15
213,,출금,310804,식비,2025-06-06
214,,출금,398363,식비,2025-07-06
215,,입금,2282154,월급,2025-01-12
216,,출금,373042,교통비,2025-07-18
217,,출금,80730,주거/공과금,2025-02-19
218,,입금,87841,부수입,2025-02-09
219,,출금,173506,교통비,2025-03-13
220,,출금,261402,문화생활/여가,2025-03-09
221,,출금,58826,기타,2025-06-28
222,,출금,476257,생필품,2025-07-19
223,,입금,198162,부수입,2025-04-24
224,,출금,464498,교통비,2025-06-07
225,,출금,101053,의료/건강,2025-04-02
226,,출금,330428,식비,2025-07-20
227,,입금,510635,기타,2025-05-06
228,,출금,408020,문화생활/여가,2025-01-27
229,,출금,305106,식비,2025-02-06
230,,입금,2010976,기타,2025-01-25
231,,입금,1156444,월급,2025-05-17
232,,출금,114937,의료/건강,2025-03-02
233,,입금,1478744,월급,2025-03-19
234,,입금,224592,월급,2025-02-19
235,,출금,44021,문화생활/여가,2025-07-21
236,,출금,308524,기타,2025-05-20
237,,입금,1300178,기타,2025-05-13
238,,출금,74994,주거/공과금,2025-04-08
239,,입금,1031960,부수입,2025-06-25
240,,입금,2182527,기타,2025-04-22
241,,출금,85117,의료/건강,2025-03-31
242,,출금,265896,식비,2025-01-28
243,,출금,96225,기타,2025-01-11
244,,출금,241686,주거/공과금,2025-07-23
245,,출금,31913,식비,2025-02-06
246,,입금,508201,월급,2025-02-07
247,,출금,398623,의료/건강,2025-04-13
248,,출금,342104,생필품,2025-03-12
249,,출금,308480,패션/미용,2025-04-24
250,,출금,368947,주거/공과금,2025-06-07
251,,출금,190302,주거/공과금,2025-05-07
252,,출금,342676,문화생활/여가,2025-02-15
253,,출금,201436,의료/건강,2025-05-21
254,,출금,10930,식비,2025-02-25
255,,출금,158418,생필품,2025-01-25
256,,출금,53657,생필품,2025-05-01
257,,출금,338175,생필품,2025-02-19
258,,입금,423073,부수입,2025-01-19
259,,출금,141798,패션/미용,2025-04-08
260,,출금,328039,생필품,2025-06-22
261,,출금,252664,교통비,2025-04-08
262,,출금,142456,주거/공과금,2025-07-24
263,,출금,228289,교통비,2025-04-13
264,,출금,393145,식비,2025-01-15
265,,입금,91571,월급,2025-05-19
266,,출금,476361,문화생활/여가,2025-01-03
267,,입금,582983,월급,2025-01-19
268,,입금,1942536,월급,2025-06-06
269,,출금,372467,패션/미용,2025-01-26
270,,출금,71745,패션/미용,2025-05-17
271,,입금,1899492,기타,2025-07-17
272,,출금,34336,패션/미용,2025-02-15
273,,입금,311829,월급,2025-04-24
274,,출금,32855,식비,2025-01-05
275,,출금,276287,문화생활/여가,2025-07-30
276,,출금,141066,주거/공과금,2025-03-19
277,,출금,268621,의료/건강,2025-06-23
278,,출금,382170,기타,2025-06-10
279,,입금,777421,기타,2025-01-23
280,,출금,386871,의료/건강,2025-07-23
281,,출금,417703,생필품,2025-03-31
282,,입금,2047515,기타,2025-07-30
283,,출금,328232,패션/미용,2025-01-14
284,,입금,858707,부수입,2025-02-10
285,,출금,260255,기타,2025-07-02
286,,출금,384362,생필품,2025-07-12
287,,입금,2442398,부수입,2025-03-16
288,,입금,528992,부수입,2025-05-14
289,,출금,345900,의료/건강,2025-02-01
290,,출금,56520,교통비,2025-05-19
291,,입금,2067376,월급,2025-06-29
292,,입금,2292078,부수입,2025-06-05
293,,출금,302857,교통비,2025-05-27
294,,출금,119823,문화생활/여가,2025-03-19
295,,출금,480837,문화생활/여가,2025-06-16
296,,출금,361336,패션/미용,2025-02-13
297,,입금,1040210,부수입,2025-03-18
298,,출금,408026,식비,2025-06-29
299,,출금,452249,문화생활/여가,2025-04-18
300,,출금,332254,의료/건강,2025-01-17
301,,출금,231032,주거/공과금,2025-02-10
302,,출금,96973,기타,2025-07-07
303,,출금,37439,의료/건강,2025-03-23
304,,입금,1915211,부수입,2025-03-25
305,,출금,14973,기타,2025-02-07
306,,입금,2488097,부수입,2025-07-22
307,,출금,343919,주거/공과금,2025-05-20
308,,입금,2498099,부수입,2025-04-09
309,,입금,1873906,부수입,2025-01-02
310,,출금,111895,의료/건강,2025-02-21
311,,출금,316643,식비,2025-02-13
312,,출금,480126,기타,2025-02-25
313,,출금,141356,문화생활/여가,2025-04-28
314,,출금,39891,패션/미용,2025-04-21
315,,출금,379437,주거/공과금,2025-05-11
316,,출금,121721,식비,2025-06-12
317,,입금,389280,월급,2025-03-07
318,,출금,72818,교통비,2025-03-04
319,,입금,1792024,부수입,2025-07-08
320,,출금,496670,문화생활/여가,2025-05-14
321,,출금,77302,교통비,2025-01-02
322,,입금,557102,부수입,2025-06-13
323,,출금,11996,교통비,2025-05-31
324,,출금,214364,패션/미용,2025-01-27
325,,출금,463253,교통비,2025-04-20
326,,출금,92299,교통비,2025-05-18
327,,출금,138520,문화생활/여가,2025-07-09
328,,출금,129268,문화생활/여가,2025-02-15
329,,출금,418346,교통비,2025-02-22
330,,입금,413799,월급,2025-04-20
331,,출금,380516,문화생활/여가,2025-07-27
332,,출금,488663,패션/미용,2025-03-31
333,,출금,152867,식비,2025-01-25
334,,출금,78802,기타,2025-01-29
335,,입금,277935,부수입,2025-03-13
336,,입금,1722410,월급,2025-01-24
337,,입금,2234209,기타,2025-03-21
338,,출금,177360,기타,2025-04-24
339,,출금,476685,문화생활/여가,2025-02-04
340,,출금,58776,기타,2025-05-27
341,,출금,476331,식비,2025-01-16
342,,출금,267560,식비,2025-06-02
343,,출금,102075,의료/건강,2025-02-22
344,,입금,1563877,부수입,2025-03-28
345,,입금,2495475,부수입,2025-01-29
346,,입금,128089,기타,2025-07-02
347,,출금,304909,문화생활/여가,2025-02-28
348,,입금,1272232,월급,2025-07-26
349,,입금,2279712,부수입,2025-02-27
350,,입금,1740921,부수입,2025-06-25
351,,입금,2055834,부수입,2025-03-01
352,,출금,202990,의료/건강,2025-03-17
353,,출금,408862,교통비,2025-05-02
354,,출금,330527,식비,2025-01-23
355,,출금,168873,교통비,2025-05-10
356,,출금,160159,생필품,2025-05-17
357,,입금,1904993,부수입,2025-07-15
358,,입금,481392,부수입,2025-04-14
359,,출금,88460,교통비,2025-05-31
360,,출금,99133,식비,2025-05-16
361,,출금,217689,식비,2025-07-25
362,,출금,43755,식비,2025-04-27
363,,출금,75841,교통비,2025-06-13
364,,출금,306396,문화생활/여가,2025-03-12
365,,입금,1891461,기타,2025-01-18
366,,출금,236337,의료/건강,2025-03-18
367,,입금,2434676,기타,2025-03-14
368,,출금,111973,패션/미용,2025-03-13
369,,입금,2245739,부수입,2025-07-23
370,,출금,471999,기타,2025-02-17
371,,출금,384479,주거/공과금,2025-05-11
372,,입금,828362,부수입,2025-07-20
373,,출금,424473,의료/건강,2025-05-09
374,,입금,2318655,부수입,2025-07-24
375,,입금,2119353,부수입,2025-03-10
376,,출금,172434,주거/공과금,2025-07-14
377,,출금,135747,교통비,2025-07-11
378,,출금,363389,교통비,2025-03-13
379,,입금,264401,기타,2025-02-23
380,,출금,103867,교통비,2025-02-07
381,,출금,1710,패션/미용,2025-05-07
382,,입금,377156,기타,2025-06-30
383,,출금,101190,교통비,2025-06-07
384,,출금,199709,생필품,2025-03-24
385,,출금,181102,패션/미용,2025-02-24
386,,출금,204763,식비,2025-01-19
387,,출금,462413,교통비,2025-07-24
388,,입금,1981481,부수입,2025-06-04
389,,출금,443781,교통비,2025-05-14
390,,출금,394949,생필품,2025-07-27
391,,출금,339242,패션/미용,2025-01-22
392,,출금,489033,문화생활/여가,2025-01-10
393,,출금,30397,패션/미용,2025-05-09
394,,출금,37963,문화생활/여가,2025-07-02
395,,출금,432871,생필품,2025-02-16
396,,출금,73792,기타,2025-01-09
397,,출금,70337,문화생활/여가,2025-05-13
398,,출금,456829,문화생활/여가,2025-01-27
399,,출금,163443,기타,2025-04-17
400,,출금,149599,주거/공과금,2025-06-21
401,,출금,175203,기타,2025-06-17
402,,출금,107484,교통비,2025-01-05
403,,출금,274512,교통비,2025-03-28
404,,출금,167062,기타,2025-02-16
405,,입금,1380891,부수입,2025-02-14
406,,입금,1336465,부수입,2025-01-10
407,,출금,375096,생필품,2025-02-18
408,,출금,496985,패션/미용,2025-03-29
409,,출금,416260,패션/미용,2025-06-10
410,,출금,333728,생필품,2025-04-29
411,,입금,412218,기타,2025-01-01
412,,출금,408697,생필품,2025-04-20
413,,출금,398713,식비,2025-07-15
414,,출금,346660,교통비,2025-04-26
415,,출금,115044,생필품,2025-04-25
416,,출금,383526,문화생활/여가,2025-01-12
417,,입금,133984,부수입,2025-06-17
418,,출금,276398,식비,2025-01-04
419,,출금,341416,식비,2025-02-10
420,,입금,868782,부수입,2025-05-27
421,,입금,257359,부수입,2025-07-27
422,,입금,2472791,부수입,2025-05-02
423,,출금,374055,의료/건강,2025-07-11
424,,출금,230220,의료/건강,2025-01-20
425,,출금,397772,교통비,2025-03-14
426,,입금,735394,부수입,2025-01-28
427,,입금,1912926,월급,2025-06-19
428,,입금,217146,기타,2025-04-25
429,,입금,1778050,기타,2025-03-14
430,,출금,230767,기타,2025-03-28
431,,출금,453033,생필품,2025-03-17
432,,출금,342161,생필품,2025-02-26
433,,출금,111537,패션/미용,2025-01-08
434,,출금,162885,생필품,2025-01-11
435,,출금,299126,주거/공과금,2025-02-22
436,,출금,400007,문화생활/여가,2025-02-24
437,,입금,1563706,부수입,2025-05-19
438,,입금,528314,기타,2025-06-25
439,,출금,251281,교통비,2025-05-31
440,,출금,83998,교통비,2025-05-17
441,,입금,1616125,부수입,2025-02-23
442,,출금,210092,교통비,2025-05-21
443,,출금,31344,식비,2025-04-22
444,,입금,453459,월급,2025-03-11
445,,출금,16601,기타,2025-04-28
446,,출금,499606,생필품,2025-05-05
447,,입금,137920,기타,2025-03-08
448,,입금,2126601,월급,2025-05-28
449,,출금,34027,교통비,2025-07-14
450,,출금,429865,교통비,2025-06-01
451,,입금,2139687,월급,2025-07-04
452,,입금,145054,월급,2025-05-04
453,,입금,399058,월급,2025-03-23
454,,출금,296055,주거/공과금,2025-07-01
455,,입금,537175,월급,2025-03-02
456,,출금,74690,주거/공과금,2025-02-14
457,,출금,342918,주거/공과금,2025-07-16
458,,입금,1100178,월급,2025-01-22
459,,출금,233671,의료/건강,2025-04-05
460,,출금,120571,문화생활/여가,2025-03-27
461,,출금,298059,패션/미용,2025-02-23
462,,입금,158428,월급,2025-02-01
463,,입금,2383582,기타,2025-01-15
464,,출금,446585,기타,2025-07-25
465,,입금,459474,월급,2025-05-01
466,,출금,377938,패션/미용,2025-07-28
467,,입금,262556,월급,2025-06-14
468,,출금,241852,문화생활/여가,2025-04-19
469,,출금,264369,교통비,2025-05-11
470,,출금,366447,문화생활/여가,2025-01-26
471,,출금,157604,의료/건강,2025-07-29
472,,입금,1578947,월급,2025-07-28
473,,입금,2418508,월급,2025-06-08
474,,출금,444489,식비,2025-04-30
475,,출금,327049,기타,2025-07-22
476,,입금,2078329,기타,2025-05-01
477,,입금,2225823,부수입,2025-06-19
478,,출금,230693,의료/건강,2025-01-20
479,,입금,1729599,월급,2025-04-10
480,,입금,414892,기타,2025-05-17
481,,출금,461582,패션/미용,2025-01-25
482,,출금,485604,주거/공과금,2025-06-04
483,,입금,1715288,부수입,2025-01-22
484,,입금,1984652,기타,2025-03-01
485,,출금,270759,패션/미용,2025-06-19
486,,입금,358763,월급,2025-06-02
487,,출금,186620,패션/미용,2025-02-01
488,,출금,17652,문화생활/여가,2025-04-29
489,,입금,778572,부수입,2025-05-23
490,,출금,260506,생필품,2025-07-27
491,,출금,257118,의료/건강,2025-04-11
492,,출금,53128,교통비,2025-07-12
493,,출금,348491,의료/건강,2025-07-28
494,,입금,472373,월급,2025-04-25
495,,출금,351414,의료/건강,2025-01-30
496,,출금,269997,교통비,2025-05-21
497,,출금,302713,기타,2025-04-27
498,,출금,77351,식비,2025-06-06
499,,입금,1576346,부수입,2025-06-28
500,,입금,1805242,기타,2025-04-08
501,,입금,1040480,기타,2025-01-15
502,,출금,498512,교통비,2025-03-26
503,,출금,110285,식비,2025-07-05
504,,입금,1893177,기타,2025-04-26
505,,출금,69953,생필품,2025-05-07
506,,입금,602557,월급,2025-04-13
507,,출금,88076,생필품,2025-02-23
508,,출금,186119,패션/미용,2025-05-20
509,,출금,434864,의료/건강,2025-03-06
510,,출금,353778,의료/건강,2025-07-09
511,,입금,1802074,월급,2025-07-22
512,,출금,195358,의료/건강,2025-05-28
513,,출금,197161,의료/건강,2025-01-05
514,,출금,192776,생필품,2025-01-01
515,,출금,244123,주거/공과금,2025-02-14
516,,출금,359295,문화생활/여가,2025-07-24
517,,출금,387034,패션/미용,2025-06-01
518,,입금,2321377,기타,2025-06-04
519,,입금,1907506,기타,2025-03-10
520,,출금,84442,식비,2025-02-03
521,,출금,433936,생필품,2025-07-11
522,,출금,14841,기타,2025-05-28
523,,입금,716733,기타,2025-05-19
524,,입금,380940,부수입,2025-04-13
525,,입금,2037197,부수입,2025-01-28
526,,입금,936369,월급,2025-05-28
527,,출금,179453,생필품,2025-07-04
528,,출금,53062,의료/건강,2025-02-04
529,,출금,422461,패션/미용,2025-04-01
530,,출금,69129,교통비,2025-05-20
531,,입금,1813599,부수입,2025-06-20
532,,입금,965844,기타,2025-01-20
533,,입금,2046951,기타,2025-04-03
534,,입금,327205,월급,2025-04-12
535,,출금,266199,문화생활/여가,2025-01-14
536,,출금,59482,교통비,2025-03-12
537,,출금,433526,문화생활/여가,2025-01-04
538,,출금,375620,생필품,2025-03-17
539,,입금,1667056,부수입,2025-05-06
540,,출금,352904,패션/미용,2025-03-03
541,,출금,442114,기타,2025-05-17
542,,출금,28942,패션/미용,2025-03-28
543,,출금,413804,기타,2025-01-31
544,,출금,464043,기타,2025-04-06
545,,입금,787758,부수입,2025-07-21
546,,출금,205014,생필품,2025-01-25
547,,입금,1647304,부수입,2025-03-13
548,,출금,45264,패션/미용,2025-02-10
549,,출금,328018,기타,2025-06-28
550,,출금,54219,주거/공과금,2025-01-29
551,,출금,79397,교통비,2025-02-26
552,,출금,257438,생필품,2025-01-22
553,,출금,9400,주거/공과금,2025-03-07
554,,입금,2308533,기타,2025-06-19
555,,입금,143598,월급,2025-03-28
556,,입금,1265954,기타,2025-02-12
557,,출금,394228,주거/공과금,2025-03-28
558,,입금,1823867,기타,2025-02-09
559,,출금,155196,기타,2025-02-28
560,,출금,99064,식비,2025-07-01
561,,출금,61860,패션/미용,2025-03-02
562,,입금,832446,월급,2025-01-23
563,,출금,477915,의료/건강,2025-01-24
564,,출금,406347,식비,2025-04-14
565,,출금,120891,의료/건강,2025-02-01
566,,출금,466917,문화생활/여가,2025-01-05
567,,출금,146076,기타,2025-06-09
568,,출금,54656,의료/건강,2025-05-21
569,,입금,1273477,월급,2025-02-13
570,,출금,56884,식비,2025-06-26
571,,출금,347556,패션/미용,2025-01-14
572,,입금,411315,부수입,2025-01-10
573,,입금,760044,월급,2025-02-27
574,,입금,2067633,월급,2025-02-16
575,,출금,321124,패션/미용,2025-02-28
576,,출금,260801,패션/미용,2025-03-17
577,,출금,429644,문화생활/여가,2025-01-12
578,,출금,430791,문화생활/여가,2025-06-16
579,,출금,112957,식비,2025-05-01
580,,입금,1764557,월급,2025-07-30
581,,출금,209722,기타,2025-06-23
582,,출금,189135,문화생활/여가,2025-06-07
583,,입금,2397458,월급,2025-05-18
584,,입금,883938,부수입,2025-06-17
585,,입금,1852515,부수입,2025-04-10
586,,입금,1312695,월급,2025-03-18
587,,입금,2491841,월급,2025-01-02
588,,입금,1198531,기타,2025-04-27
589,,출금,468855,주거/공과금,2025-05-29
590,,입금,1820513,부수입,2025-07-02
591,,출금,60755,패션/미용,2025-05-15
592,,입금,2217823,월급,2025-01-09
593,,입금,178062,기타,2025-02-21
594,,입금,1503949,월급,2025-03-22
595,,입금,757199,월급,2025-01-23
596,,입금,2294159,월급,2025-02-06
597,,출금,79867,문화생활/여가,2025-05-09
598,,입금,2353524,기타,2025-02-27
599,,출금,122260,기타,2025-07-07
600,,입금,1174374,기타,2025-03-26
601,,출금,74257,주거/공과금,2025-05-05
602,,출금,110769,의료/건강,2025-07-09
603,,출금,455697,패션/미용,2025-01-24
604,,입금,1341852,부수입,2025-02-05
605,,출금,380058,문화생활/여가,2025-05-23
606,,출금,139110,기타,2025-02-08
607,,출금,37396,문화생활/여가,2025-03-19
608,,출금,183514,생필품,2025-06-28
609,,입금,426321,부수입,2025-05-31
610,,출금,84028,문화생활/여가,2025-06-30
611,,출금,344261,패션/미용,2025-04-10
612,,출금,401944,생필품,2025-06-17
613,,출금,200489,문화생활/여가,2025-01-07
614,,출금,164288,교통비,2025-03-16
615,,입금,1454373,부수입,2025-06-14
616,,출금,179820,주거/공과금,2025-06-13
617,,출금,16782,패션/미용,2025-06-18
618,,출금,415988,패션/미용,2025-02-07
619,,입금,1495687,부수입,2025-02-20
620,,입금,1355532,부수입,2025-05-14
621,,출금,180158,의료/건강,2025-03-13
622,,출금,101225,기타,2025-01-29
623,,출금,447446,의료/건강,2025-01-12
624,,출금,485256,식비,2025-06-30
625,,입금,387417,월급,2025-04-10
626,,입금,1426695,기타,2025-01-08
627,,입금,522668,기타,2025-02-14
628,,출금,88190,의료/건강,2025-06-07
629,,입금,281399,부수입,2025-01-08
630,,출금,474450,패션/미용,2025-01-26
631,,출금,43113,교통비,2025-02-15
632,,출금,131528,생필품,2025-06-05
633,,입금,517674,월급,2025-06-09
634,,출금,99775,의료/건강,2025-07-17
635,,출금,406576,생필품,2025-04-09
636,,출금,73132,문화생활/여가,2025-03-25
637,,입금,946413,기타,2025-02-05
638,,출금,490040,주거/공과금,2025-05-08
639,,입금,2436718,월급,2025-04-10
640,,출금,373008,기타,2025-02-22
641,,출금,392083,문화생활/여가,2025-03-02
642,,출금,497415,교통비,2025-05-17
643,,출금,451691,생필품,2025-03-13
644,,출금,331185,주거/공과금,2025-06-01
645,,출금,226347,교통비,2025-04-12
646,,출금,417634,생필품,2025-01-07
647,,입금,1862352,기타,2025-03-24
648,,출금,38560,기타,2025-05-18
649,,출금,189531,식비,2025-05-06
650,,출금,217685,문화생활/여가,2025-03-30
651,,출금,416084,교통비,2025-03-22
652,,출금,322551,패션/미용,2025-02-20
653,,출금,67279,식비,2025-03-19
654,,입금,2426683,부수입,2025-01-22
655,,출금,177118,문화생활/여가,2025-06-13
656,,출금,308397,생필품,2025-06-07
657,,출금,154980,교통비,2025-04-05
658,,입금,1043515,기타,2025-07-02
659,,출금,219428,교통비,2025-02-02
660,,출금,133925,기타,2025-05-04
661,,출금,376557,생필품,2025-06-05
662,,출금,425913,패션/미용,2025-06-28
663,,출금,287954,교통비,2025-03-16
664,,출금,118024,주거/공과금,2025-03-24
665,,출금,367447,생필품,2025-07-12
666,,출금,43302,의료/건강,2025-05-04
667,,입금,1113756,월급,2025-05-23
668,,출금,331484,식비,2025-02-05
669,,입금,1644627,월급,2025-05-13
670,,출금,434843,의료/건강,2025-01-01
671,,입금,228328,기타,2025-07-16
672,,입금,588677,부수입,2025-02-21
673,,출금,111746,문화생활/여가,2025-03-07
674,,입금,387543,월급,2025-01-06
675,,출금,209180,주거/공과금,2025-07-30
676,,출금,253185,식비,2025-01-09
677,,출금,441839,기타,2025-06-18
678,,출금,211938,문화생활/여가,2025-03-05
679,,출금,245780,문화생활/여가,2025-06-01
680,,출금,356736,기타,2025-02-14
681,,입금,1984555,월급,2025-05-17
682,,입금,916020,월급,2025-06-04
683,,출금,260876,식비,2025-01-24
684,,출금,89551,기타,2025-05-15
685,,출금,284469,기타,2025-01-09
686,,출금,366125,생필품,2025-01-14
687,,입금,1943956,월급,2025-04-25
688,,입금,1762217,기타,2025-05-17
689,,출금,169011,주거/공과금,2025-03-25
690,,출금,138878,의료/건강,2025-07-08
691,,입금,254406,기타,2025-04-08
692,,출금,38286,생필품,2025-06-04
693,,출금,181501,주거/공과금,2025-06-10
694,,출금,18525,의료/건강,2025-02-09
695,,입금,2289155,부수입,2025-03-03
696,,입금,2251339,월급,2025-03-02
697,,출금,34388,의료/건강,2025-07-18
698,,입금,2224998,월급,2025-07-17
699,,입금,1604225,기타,2025-02-28
700,,출금,444454,문화생활/여가,2025-05-21
701,,입금,1915321,부수입,2025-04-26
702,,출금,227367,의료/건강,2025-01-26
703,,출금,360672,기타,2025-05-23
704,,출금,436810,패션/미용,2025-02-22
705,,출금,353509,식비,2025-06-23
706,,출금,179021,기타,2025-03-16
707,,입금,143218,기타,2025-07-06
708,,출금,321064,패션/미용,2025-01-28
709,,입금,2003600,월급,2025-03-06
710,,출금,248302,기타,2025-05-25
711,,출금,91908,생필품,2025-01-18
712,,출금,425762,의료/건강,2025-01-14
713,,출금,301984,패션/미용,2025-06-16
714,,입금,2250404,월급,2025-02-12
715,,출금,223354,패션/미용,2025-07-22
716,,출금,495149,패션/미용,2025-01-11
717,,입금,1683682,부수입,2025-01-19
718,,출금,18880,주거/공과금,2025-02-05
719,,출금,166030,주거/공과금,2025-05-02
720,,출금,29015,주거/공과금,2025-02-05
721,,출금,82101,기타,2025-03-02
722,,출금,4843,생필품,2025-07-09
723,,출금,128369,의료/건강,2025-06-13
724,,입금,150617,부수입,2025-06-15
725,,입금,2373519,월급,2025-02-15
726,,출금,343309,문화생활/여가,2025-07-06
727,,입금,1522422,월급,2025-05-12
728,,출금,388658,생필품,2025-01-26
729,,출금,75933,식비,2025-03-31
730,,출금,462696,기타,2025-07-17
731,,출금,231618,문화생활/여가,2025-06-08
732,,출금,37206,교통비,2025-07-30
733,,입금,888887,기타,2025-04-06
734,,출금,87537,기타,2025-02-22
735,,출금,128105,문화생활/여가,2025-06-05
736,,출금,68380,교통비,2025-06-21
737,,입금,1347981,기타,2025-01-01
738,,출금,459174,기타,2025-07-07
739,,입금,1447729,기타,2025-04-22
740,,출금,155822,문화생활/여가,2025-03-07
741,,입금,352046,월급,2025-06-18
742,,입금,319148,부수입,2025-06-30
743,,출금,33474,교통비,2025-06-18
744,,출금,149411,문화생활/여가,2025-01-28
745,,입금,642973,기타,2025-05-13
746,,입금,1972803,월급,2025-05-27
747,,출금,3747,패션/미용,2025-01-03
748,,출금,486568,식비,2025-03-28
749,,입금,631974,부수입,2025-02-10
750,,출금,432449,의료/건강,2025-04-22
751,,출금,498999,문화생활/여가,2025-05-05
752,,출금,257081,생필품,2025-06-21
753,,출금,181086,의료/건강,2025-04-18
754,,출금,478064,의료/건강,2025-07-22
755,,입금,974343,월급,2025-03-25
756,,입금,1381587,부수입,2025-02-26
757,,출금,191087,문화생활/여가,2025-03-18
758,,입금,1050412,부수입,2025-05-02
759,,출금,97238,문화생활/여가,2025-07-17
760,,입금,1188202,기타,2025-01-28
761,,출금,218235,패션/미용,2025-07-02
762,,입금,2404619,기타,2025-05-27
763,,출금,130807,식비,2025-03-23
764,,출금,382038,생필품,2025-01-21
765,,출금,68650,주거/공과금,2025-03-02
766,,입금,154093,부수입,2025-05-11
767,,출금,450658,기타,2025-01-16
768,,출금,205749,생필품,2025-07-23
769,,출금,175777,교통비,2025-05-25
770,,출금,284441,문화생활/여가,2025-04-25
771,,입금,1875359,월급,2025-03-05
772,,입금,447602,기타,2025-04-24
773,,출금,58477,문화생활/여가,2025-03-26
774,,출금,301874,주거/공과금,2025-04-06
775,,출금,61558,의료/건강,2025-02-22
776,,출금,373707,교통비,2025-02-26
777,,입금,1880095,부수입,2025-01-06
778,,출금,441380,문화생활/여가,2025-05-25
779,,입금,2384425,부수입,2025-05-13
780,,출금,29791,생필품,2025-04-22
781,,입금,2229573,월급,2025-03-01
782,,입금,100741,월급,2025-06-26
783,,출금,352968,문화생활/여가,2025-06-21
784,,입금,1779013,부수입,2025-01-03
785,,출금,171750,주거/공과금,2025-06-08
786,,출금,415897,의료/건강,2025-02-13
787,,입금,1394711,부수입,2025-03-27
788,,출금,486179,교통비,2025-05-23
789,,출금,351393,기타,2025-05-22
790,,출금,424769,주거/공과금,2025-02-11
791,,출금,455320,의료/건강,2025-01-30
792,,출금,89994,기타,2025-03-29
793,,출금,304174,교통비,2025-06-12
794,,입금,1570833,기타,2025-07-26
795,,출금,290910,생필품,2025-03-29
796,,출금,260237,주거/공과금,2025-03-19
797,,입금,1309923,기타,2025-05-27
798,,입금,902464,월급,2025-01-21
799,,출금,54812,생필품,2025-06-16
800,,출금,144896,의료/건강,2025-01-16
801,,출금,437618,주거/공과금,2025-04-29
802,,출금,428220,문화생활/여가,2025-04-25
803,,출금,437985,생필품,2025-05-12
804,,출금,151897,문화생활/여가,2025-06-11
805,,입금,827033,월급,2025-05-22
806,,출금,97146,생필품,2025-06-27
807,,출금,86290,패션/미용,2025-05-25
808,,출금,1983,문화생활/여가,2025-04-12
809,,출금,493402,식비,2025-01-06
810,,출금,31862,식비,2025-05-07
811,,입금,371085,부수입,2025-02-15
812,,출금,194575,의료/건강,2025-04-04
813,,입금,379854,월급,2025-01-01
814,,출금,304815,패션/미용,2025-04-18
815,,출금,10833,패션/미용,2025-02-26
816,,출금,366029,문화생활/여가,2025-01-05
817,,출금,421611,생필품,2025-05-22
818,,출금,82764,문화생활/여가,2025-05-25
819,,출금,64314,생필품,2025-07-17
820,,출금,348291,기타,2025-02-21
821,,출금,244008,식비,2025-06-26
822,,입금,2155895,부수입,2025-06-26
823,,입금,2303325,부수입,2025-06-20
824,,출금,128621,패션/미용,2025-07-27
825,,출금,236438,교통비,2025-03-21
826,,입금,1108021,월급,2025-07-19
827,,출금,383715,교통비,2025-01-06
828,,출금,493734,교통비,2025-06-09
829,,출금,377676,패션/미용,2025-04-04
830,,입금,1755128,기타,2025-01-06
831,,입금,2399251,기타,2025-05-14
832,,출금,174360,문화생활/여가,2025-07-20
833,,입금,193688,기타,2025-05-30
834,,입금,529223,월급,2025-06-02
835,,출금,378191,의료/건강,2025-02-01
836,,출금,271949,교통비,2025-02-23
837,,출금,194017,기타,2025-06-03
838,,출금,204271,주거/공과금,2025-06-02
839,,입금,1052341,월급,2025-07-09
840,,출금,37752,의료/건강,2025-06-16
841,,출금,466031,주거/공과금,2025-04-08
842,,입금,1277450,월급,2025-03-05
843,,입금,943266,월급,2025-02-21
844,,출금,437341,교통비,2025-02-25
845,,입금,2335770,월급,2025-04-02
846,,입금,563943,월급,2025-05-29
847,,출금,22005,문화생활/여가,2025-04-14
848,,입금,90320,기타,2025-05-14
849,,출금,439128,의료/건강,2025-07-12
850,,출금,365074,문화생활/여가,2025-05-28
851,,출금,122140,문화생활/여가,2025-03-28
852,,입금,1564993,기타,2025-02-23
853,,출금,289847,문화생활/여가,2025-02-20
854,,출금,40782,의료/건강,2025-06-23
855,,출금,175015,생필품,2025-01-23
856,,출금,117009,기타,2025-01-16
857,,출금,298334,식비,2025-06-17
858,,출금,194478,생필품,2025-04-22
859,,출금,143921,주거/공과금,2025-07-29
860,,입금,529888,월급,2025-06-01
861,,입금,218742,부수입,2025-06-20
862,,출금,217409,생필품,2025-04-22
863,,입금,1281925,월급,2025-04-08
864,,출금,385815,생필품,2025-07-24
865,,출금,207615,문화생활/여가,2025-01-30
866,,입금,508210,월급,2025-05-23
867,,출금,368282,식비,2025-05-20
868,,출금,387173,생필품,2025-01-15
869,,입금,80375,기타,2025-06-05
870,,출금,2338,교통비,2025-01-26
871,,출금,301974,주거/공과금,2025-05-06
872,,출금,155478,문화생활/여가,2025-07-06
873,,입금,1082298,월급,2025-03-21
874,,출금,53304,생필품,2025-04-23
875,,출금,343258,문화생활/여가,2025-05-30
876,,출금,8747,의료/건강,2025-02-11
877,,출금,194415,기타,2025-07-04
878,,입금,61641,기타,2025-05-29
879,,입금,735453,부수입,2025-02-16
880,,입금,136019,기타,2025-03-07
881,,출금,355857,교통비,2025-07-16
882,,출금,349424,문화생활/여가,2025-02-02
883,,출금,47654,기타,2025-07-29
884,,출금,386416,생필품,2025-03-26
885,,출금,264759,식비,2025-07-02
886,,입금,1381506,기타,2025-06-12
887,,출금,302235,문화생활/여가,2025-03-08
888,,출금,478148,문화생활/여가,2025-05-22
889,,출금,223834,생필품,2025-02-18
890,,출금,392353,패션/미용,2025-06-16
891,,입금,185817,월급,2025-03-21
892,,출금,137526,식비,2025-04-11
893,,출금,52969,주거/공과금,2025-04-26
894,,출금,413669,기타,2025-01-11
895,,입금,347672,부수입,2025-01-23
896,,출금,490867,식비,2025-06-13
897,,입금,1759251,기타,2025-05-20
898,,출금,326757,의료/건강,2025-07-13
899,,출금,439019,식비,2025-07-13
900,,출금,475482,생필품,2025-06-25
901,,출금,183627,교통비,2025-05-17
902,,출금,227676,식비,2025-04-16
903,,출금,287140,의료/건강,2025-02-18
904,,입금,1127759,부수입,2025-02-05
905,,입금,1071715,부수입,2025-03-24
906,,출금,372148,교통비,2025-01-02
907,,입금,237699,월급,2025-07-25
908,,입금,2382547,부수입,2025-05-01
909,,입금,2432841,부수입,2025-06-08
910,,출금,174885,기타,2025-03-08
911,,출금,490988,교통비,2025-03-21
912,,출금,42748,생필품,2025-05-30
913,,입금,1009120,기타,2025-06-05
914,,출금,158321,의료/건강,2025-05-15
915,,출금,52657,교통비,2025-05-22
916,,출금,216608,식비,2025-07-05
917,,출금,166667,주거/공과금,2025-03-25
918,,출금,397237,생필품,2025-01-03
919,,출금,414660,주거/공과금,2025-06-15
920,,출금,77999,문화생활/여가,2025-06-24
921,,출금,403648,문화생활/여가,2025-07-28
922,,출금,260205,주거/공과금,2025-06-08
923,,출금,245540,패션/미용,2025-03-09
924,,출금,96934,문화생활/여가,2025-06-19
925,,출금,123732,문화생활/여가,2025-03-30
926,,출금,281512,식비,2025-01-10
927,,출금,236802,주거/공과금,2025-02-24
928,,입금,2421245,월급,2025-05-05
929,,입금,870183,부수입,2025-06-28
930,,출금,132248,기타,2025-01-01
931,,출금,395459,문화생활/여가,2025-04-06
932,,입금,118445,기타,2025-01-09
933,,입금,628604,기타,2025-03-22
934,,출금,439750,생필품,2025-06-17
935,,출금,8093,생필품,2025-07-29
936,,출금,20940,식비,2025-04-25
937,,출금,95811,식비,2025-05-30
938,,출금,41775,식비,2025-02-15
939,,출금,452677,패션/미용,2025-03-24
940,,출금,187368,생필품,2025-04-20
941,,출금,234466,주거/공과금,2025-05-17
942,,출금,156753,기타,2025-01-29
943,,입금,797608,부수입,2025-02-26
944,,입금,2113013,월급,2025-06-10
945,,입금,1814280,부수입,2025-02-23
946,,출금,355893,기타,2025-07-18
947,,입금,136514,부수입,2025-03-20
948,,출금,323468,의료/건강,2025-04-17
949,,입금,1053803,부수입,2025-04-11
950,,출금,81977,주거/공과금,2025-04-17
951,,입금,1065105,기타,2025-01-31
952,,출금,166407,문화생활/여가,2025-03-25
953,,출금,391521,의료/건강,2025-04-02
954,,입금,1210554,월급,2025-01-25
955,,입금,2341596,월급,2025-01-23
956,,출금,339324,주거/공과금,2025-05-06
957,,입금,493115,기타,2025-07-26
958,,출금,383744,문화생활/여가,2025-07-02
959,,출금,222378,생필품,2025-03-03
960,,출금,5171,패션/미용,2025-02-24
961,,출금,219091,문화생활/여가,2025-03-29
962,,입금,930134,월급,2025-05-13
963,,출금,170623,의료/건강,2025-02-19
964,,출금,49630,기타,2025-02-23
965,,입금,1025930,기타,2025-02-28
966,,입금,450954,부수입,2025-02-23
967,,출금,386538,교통비,2025-07-08
968,,출금,205287,의료/건강,2025-05-12
969,,출금,462189,기타,2025-05-31
970,,입금,2173209,월급,2025-07-15
971,,출금,221754,의료/건강,2025-06-26
972,,출금,455553,교통비,2025-04-16
973,,출금,417155,식비,2025-07-21
974,,출금,95452,식비,2025-07-29
975,,출금,74151,패션/미용,2025-03-14
976,,출금,441817,기타,2025-05-31
977,,입금,1638848,월급,2025-02-16
978,,출금,135498,식비,2025-02-19
979,,출금,472863,의료/건강,2025-01-17
980,,입금,1589154,부수입,2025-07-17
981,,출금,175291,의료/건강,2025-01-09
982,,입금,807826,월급,2025-04-15
983,,입금,1087845,기타,2025-03-25
984,,입금,1525011,월급,2025-01-15
985,,입금,1020297,월급,2025-07-03
986,,출금,289206,기타,2025-05-20
987,,출금,368401,의료/건강,2025-05-30
988,,출금,268669,패션/미용,2025-01-15
989,,입금,2421762,부수입,2025-06-18
990,,출금,499646,기타,2025-06-30
991,,출금,162975,문화생활/여가,2025-04-03
992,,입금,1007628,부수입,2025-06-13
993,,입금,2294000,월급,2025-07-15
994,,출금,454493,생필품,2025-05-20
995,,입금,2323230,부수입,2025-06-04
996,,출금,349307,기타,2025-04-10
997,,출금,75800,생필품,2025-07-11
998,,출금,2812,패션/미용,2025-05-27
999,,출금,286246,기타,2025-02-27
1000,,출금,225185,교통비,2025-03-01
1001,,입금,1638828,월급,2025-04-05
1002,,출금,428624,생필품,2025-06-27
1003,,입금,2121848,기타,2025-05-19
1004,,입금,1671247,부수입,2025-05-31
1005,,출금,34692,식비,2025-01-02
1006,,출금,449520,문화생활/여가,2025-03-28
1007,,입금,2218652,부수입,2025-06-08
1008,,출금,347912,기타,2025-07-28
1009,,입금,113049,월급,2025-02-07
1010,,출금,139272,주거/공과금,2025-03-26
1011,,입금,1204888,월급,2025-05-30
1012,,출금,318938,문화생활/여가,2025-02-26
1013,,출금,450389,생필품,2025-03-30
1014,,출금,87668,의료/건강,2025-05-08
1015,,입금,1985368,월급,2025-06-28
1016,,입금,1829258,기타,2025-03-19
1017,,출금,287097,식비,2025-06-17
1018,,입금,1354596,부수입,2025-03-21
1019,,출금,442320,식비,2025-02-10
1020,,출금,455493,교통비,2025-01-02
1021,,출금,191934,교통비,2025-02-09
1022,,출금,427364,식비,2025-06-14
1023,,출금,422964,기타,2025-04-04
1024,,출금,182822,문화생활/여가,2025-05-06
1025,,출금,370384,식비,2025-07-10
1026,,출금,143233,생필품,2025-07-22
1027,,출금,353380,생필품,2025-06-20
1028,,출금,92263,생필품,2025-03-01
1029,,입금,1427711,기타,2025-01-03
1030,,출금,141996,기타,2025-07-08
1031,,출금,428275,기타,2025-02-09
1032,,출금,364360,문화생활/여가,2025-06-28
1033,,출금,290465,교통비,2025-02-14
1034,,입금,2372069,부수입,2025-02-12
1035,,입금,239014,기타,2025-06-06
1036,,출금,329154,생필품,2025-02-21
1037,,출금,155220,문화생활/여가,2025-02-14
1038,,입금,249767,기타,2025-01-04
1039,,입금,1378308,부수입,2025-01-07
1040,,출금,339493,주거/공과금,2025-06-06
1041,,입금,303506,부수입,2025-07-29
1042,,출금,404077,생필품,2025-02-18
1043,,출금,38927,주거/공과금,2025-06-02
1044,,입금,769254,부수입,2025-01-22
1045,,입금,1990480,부수입,2025-01-08
1046,,출금,329850,의료/건강,2025-05-16
1047,,출금,432872,생필품,2025-01-24
1048,,입금,1368720,부수입,2025-04-18
1049,,출금,456355,생필품,2025-07-28
1050,,입금,163959,부수입,2025-06-22
1051,,입금,2489850,부수입,2025-03-23
1052,,입금,1731760,기타,2025-05-13
1053,,출금,176775,기타,2025-04-08
1054,,출금,342122,의료/건강,2025-06-08
1055,,입금,1930213,월급,2025-05-05
1056,,입금,1787786,월급,2025-01-18
1057,,입금,1872702,부수입,2025-01-03
1058,,출금,373445,패션/미용,2025-06-18
1059,,입금,1322558,부수입,2025-05-25
1060,,출금,270640,패션/미용,2025-03-04
1061,,출금,257401,패션/미용,2025-07-28
1062,,출금,259633,교통비,2025-06-30
1063,,출금,244359,주거/공과금,2025-02-08
1064,,출금,342533,패션/미용,2025-03-03
1065,,출금,418040,식비,2025-03-11
1066,,입금,391119,기타,2025-03-07
1067,,출금,240158,의료/건강,2025-02-06
1068,,출금,302853,문화생활/여가,2025-03-16
1069,,출금,142711,교통비,2025-06-15
1070,,출금,461924,의료/건강,2025-03-01
1071,,출금,471807,주거/공과금,2025-03-17
1072,,출금,499655,교통비,2025-07-30
1073,,출금,350968,생필품,2025-07-04
1074,,출금,114666,식비,2025-07-30
1075,,입금,1578810,부수입,2025-05-08
1076,,출금,447502,문화생활/여가,2025-04-22
1077,,출금,30359,기타,2025-05-06
1078,,출금,113081,문화생활/여가,2025-01-20
1079,,출금,163818,기타,2025-05-30
1080,,출금,171265,의료/건강,2025-01-12
1081,,입금,1718453,부수입,2025-07-05
1082,,출금,279851,생필품,2025-01-02
1083,,출금,349593,패션/미용,2025-07-12
1084,,출금,213243,의료/건강,2025-04-23
1085,,출금,316216,식비,2025-02-27
1086,,출금,436854,식비,2025-07-19
1087,,출금,199616,기타,2025-03-05
1088,,출금,48767,식비,2025-06-22
1089,,출금,486670,교통비,2025-05-21
1090,,출금,171667,주거/공과금,2025-07-07
1091,,입금,2400337,부수입,2025-03-30
1092,,출금,194874,교통비,2025-06-05
1093,,출금,149887,기타,2025-01-26
1094,,출금,400587,식비,2025-04-01
1095,,출금,359096,생필품,2025-01-04
1096,,출금,129098,패션/미용,2025-04-09
1097,,입금,109492,월급,2025-02-13
1098,,출금,198938,주거/공과금,2025-03-16
1099,,입금,1031678,부수입,2025-05-25
1100,,출금,257817,의료/건강,2025-06-17
1101,,출금,311639,패션/미용,2025-04-04
1102,,출금,161472,의료/건강,2025-03-17
1103,,입금,1367273,기타,2025-07-04
1104,,입금,1165569,기타,2025-03-14
1105,,출금,2158,주거/공과금,2025-05-28
1106,,출금,179997,식비,2025-01-13
1107,,출금,152925,문화생활/여가,2025-04-29
1108,,출금,180149,기타,2025-06-13
1109,,출금,304610,식비,2025-04-16
1110,,출금,291104,주거/공과금,2025-06-19
1111,,출금,241721,주거/공과금,2025-04-24
1112,,입금,862903,부수입,2025-07-09
1113,,출금,183221,문화생활/여가,2025-04-18
1114,,출금,224629,주거/공과금,2025-02-25
1115,,출금,189824,생필품,2025-07-06
1116,,출금,431876,생필품,2025-07-29
1117,,출금,401456,주거/공과금,2025-03-11
1118,,출금,35925,문화생활/여가,2025-06-09
1119,,출금,262746,패션/미용,2025-03-11
1120,,출금,263689,교통비,2025-01-19
1121,,출금,152457,의료/건강,2025-01-22
1122,,입금,152118,월급,2025-05-31
1123,,출금,227688,주거/공과금,2025-01-09
1124,,입금,1828048,기타,2025-04-19
1125,,출금,467911,패션/미용,2025-02-09
1126,,입금,877933,부수입,2025-03-07
1127,,출금,424682,패션/미용,2025-01-28
1128,,출금,153736,기타,2025-06-15
1129,,출금,165538,기타,2025-05-08
1130,,출금,127005,식비,2025-05-19
1131,,입금,1362941,기타,2025-04-11
1132,,입금,2214543,부수입,2025-01-29
1133,,입금,1150499,월급,2025-03-24
1134,,출금,449510,식비,2025-01-14
1135,,출금,410885,교통비,2025-05-23
1136,,출금,454079,교통비,2025-04-28
1137,,입금,317922,월급,2025-03-07
1138,,출금,373527,교통비,2025-03-16
1139,,입금,2199081,기타,2025-06-24
1140,,출금,381889,문화생활/여가,2025-06-04
1141,,출금,401151,기타,2025-03-05
1142,,입금,1548482,부수입,2025-07-30
1143,,출금,336328,식비,2025-06-28
1144,,출금,201469,식비,2025-06-22
1145,,출금,142351,의료/건강,2025-04-27
1146,,출금,224936,주거/공과금,2025-05-25
1147,,입금,392110,월급,2025-06-22
1148,,출금,38772,교통비,2025-03-04
1149,,출금,312661,기타,2025-06-04
1150,,출금,454478,교통비,2025-01-12
1151,,출금,376212,패션/미용,2025-04-07
1152,,입금,1206052,기타,2025-02-07
1153,,입금,939371,월급,2025-04-03
1154,,출금,437497,주거/공과금,2025-06-15
1155,,입금,1731602,월급,2025-05-11
1156,,입금,1484371,부수입,2025-07-24
1157,,출금,206578,교통비,2025-05-14
1158,,입금,1582130,월급,2025-05-10
1159,,출금,156523,의료/건강,2025-06-07
1160,,출금,476503,교통비,2025-02-04
1161,,출금,195492,기타,2025-03-07
1162,,출금,404396,의료/건강,2025-03-04
1163,,출금,84629,패션/미용,2025-02-25
1164,,입금,1247511,부수입,2025-03-10
1165,,출금,332048,패션/미용,2025-02-10
1166,,출금,174719,주거/공과금,2025-02-14
1167,,출금,228948,기타,2025-02-02
1168,,출금,274967,교통비,2025-01-15
1169,,입금,1066179,월급,2025-01-01
1170,,출금,311666,교통비,2025-07-25
1171,,입금,857461,월급,2025-05-13
1172,,출금,237083,생필품,2025-05-03
1173,,출금,98489,교통비,2025-06-24
1174,,입금,1175921,기타,2025-07-22
1175,,입금,436671,기타,2025-03-07
1176,,출금,273531,교통비,2025-02-28
1177,,입금,1548668,기타,2025-07-18
1178,,출금,139144,기타,2025-01-14
1179,,입금,561810,기타,2025-05-15
1180,,출금,19982,생필품,2025-07-02
1181,,출금,86248,주거/공과금,2025-03-14
1182,,출금,413655,의료/건강,2025-06-01
1183,,출금,223415,기타,2025-02-20
1184,,입금,132200,기타,2025-06-19
1185,,출금,267639,교통비,2025-05-19
1186,,입금,1115259,기타,2025-05-29
1187,,입금,2127161,월급,2025-07-03
1188,,입금,1842077,기타,2025-01-25
1189,,출금,4589,패션/미용,2025-05-11
1190,,입금,1786139,월급,2025-02-19
1191,,출금,434104,의료/건강,2025-06-22
1192,,입금,1392351,부수입,2025-06-13
1193,,출금,495946,문화생활/여가,2025-04-26
1194,,출금,470370,문화생활/여가,2025-04-20
1195,,출금,22388,패션/미용,2025-04-30
1196,,출금,186873,식비,2025-02-20
1197,,입금,103205,월급,2025-07-27
1198,,입금,2011456,기타,2025-04-23
1199,,출금,198136,의료/건강,2025-07-26
1200,,입금,88589,부수입,2025-03-21
1201,,입금,1425501,월급,2025-04-16
1202,,입금,1186300,기타,2025-06-17
1203,,출금,399428,주거/공과금,2025-07-11
1204,,출금,61145,기타,2025-07-18
1205,,입금,57601,월급,2025-05-10
1206,,출금,247986,식비,2025-01-14
1207,,출금,368457,문화생활/여가,2025-05-01
1208,,출금,337712,문화생활/여가,2025-06-04
1209,,출금,154638,주거/공과금,2025-01-29
1210,,출금,333047,의료/건강,2025-07-15
1211,,출금,466705,문화생활/여가,2025-06-01
1212,,출금,150981,생필품,2025-05-02
1213,,입금,1117860,부수입,2025-05-24
1214,,출금,212559,문화생활/여가,2025-06-20
1215,,출금,178416,문화생활/여가,2025-06-19
1216,,입금,1899598,기타,2025-06-03
1217,,출금,425582,교통비,2025-07-29
1218,,입금,521843,부수입,2025-06-12
1219,,출금,389509,문화생활/여가,2025-02-02
1220,,입금,2283486,기타,2025-04-15
1221,,출금,5542,문화생활/여가,2025-01-14
1222,,입금,1279615,부수입,2025-05-09
1223,,출금,165987,의료/건강,2025-03-08
1224,,출금,5109,교통비,2025-01-26
1225,,출금,355976,의료/건강,2025-03-07
1226,,출금,406607,패션/미용,2025-01-27
1227,,출금,318139,식비,2025-01-25
1228,,출금,63847,기타,2025-06-12
1229,,출금,77723,기타,2025-06-05
1230,,출금,77476,주거/공과금,2025-02-22
1231,,입금,128787,기타,2025-06-03
1232,,출금,373894,교통비,2025-05-19
1233,,출금,328896,문화생활/여가,2025-03-18
1234,,입금,1476472,부수입,2025-01-01
1235,,입금,245456,부수입,2025-01-18
1236,,출금,441212,기타,2025-02-11
1237,,입금,111529,부수입,2025-02-23
1238,,출금,214291,교통비,2025-01-02
1239,,입금,2302815,부수입,2025-04-13
1240,,출금,71449,문화생활/여가,2025-01-13
1241,,입금,2092872,월급,2025-01-28
1242,,입금,1701368,부수입,2025-02-08
1243,,출금,351180,식비,2025-06-06
1244,,출금,126786,패션/미용,2025-02-26
1245,,입금,513180,기타,2025-02-05
1246,,출금,19099,문화생활/여가,2025-01-17
1247,,출금,108673,패션/미용,2025-05-23
1248,,출금,145049,주거/공과금,2025-01-14
1249,,입금,2022106,기타,2025-07-29
1250,,출금,215988,생필품,2025-01-13
1251,,출금,477841,교통비,2025-04-03
1252,,출금,88323,식비,2025-06-27
1253,,입금,931468,월급,2025-05-21
1254,,출금,390893,의료/건강,2025-02-05
1255,,출금,156159,교통비,2025-03-28
1256,,입금,105738,월급,2025-02-22
1257,,출금,365965,식비,2025-07-30
1258,,출금,176688,교통비,2025-02-24
1259,,출금,206435,교통비,2025-02-13
1260,,입금,999623,부수입,2025-06-25
1261,,입금,1865528,월급,2025-01-04
1262,,입금,976896,월급,2025-02-17
1263,,출금,442984,주거/공과금,2025-04-17
1264,,입금,1832701,월급,2025-01-16
1265,,출금,455187,식비,2025-05-01
1266,,출금,184419,교통비,2025-05-27
1267,,입금,1520073,월급,2025-07-29
1268,,출금,107496,의료/건강,2025-02-15
1269,,출금,199078,기타,2025-02-15
1270,,입금,1233393,부수입,2025-02-10
1271,,출금,489454,주거/공과금,2025-03-10
1272,,출금,494095,주거/공과금,2025-02-18
1273,,입금,1130068,월급,2025-01-23
1274,,출금,167568,기타,2025-05-07
1275,,입금,1330093,부수입,2025-01-09
1276,,출금,390616,의료/건강,2025-01-12
1277,,입금,728729,기타,2025-07-16
1278,,출금,471786,문화생활/여가,2025-07-08
1279,,입금,276895,부수입,2025-02-06
1280,,출금,243607,의료/건강,2025-05-19
1281,,출금,17645,의료/건강,2025-03-28
1282,,출금,17496,기타,2025-07-05
1283,,입금,237879,기타,2025-07-06
1284,,입금,1203806,기타,2025-07-19
1285,,입금,2106103,기타,2025-07-07
1286,,입금,463308,월급,2025-03-09
1287,,출금,133551,의료/건강,2025-05-16
1288,,출금,416710,기타,2025-02-18
1289,,입금,895791,부수입,2025-01-24
1290,,입금,1023065,월급,2025-03-26
1291,,출금,186081,문화생활/여가,2025-02-25
1292,,출금,222292,문화생활/여가,2025-04-02
1293,,입금,2243765,기타,2025-07-14
1294,,입금,2475091,기타,2025-01-19
1295,,출금,476364,생필품,2025-02-14
1296,,입금,2165352,월급,2025-04-30
1297,,출금,416431,패션/미용,2025-03-13
1298,,출금,13253,의료/건강,2025-04-07
1299,,입금,862304,월급,2025-01-03
1300,,출금,6800,문화생활/여가,2025-05-01
1301,,출금,436854,주거/공과금,2025-05-09
1302,,출금,386530,기타,2025-02-05
1303,,출금,192832,생필품,2025-02-10
1304,,출금,438382,교통비,2025-04-05
1305,,출금,9747,교통비,2025-01-29
1306,,출금,445155,문화생활/여가,2025-04-15
1307,,입금,909249,월급,2025-05-10
1308,,출금,387884,의료/건강,2025-06-15
1309,,출금,206605,식비,2025-05-03
1310,,출금,200293,의료/건강,2025-06-05
1311,,출금,101530,기타,2025-03-23
1312,,입금,1871325,기타,2025-01-01
1313,,출금,469787,주거/공과금,2025-05-15
1314,,출금,420170,교통비,2025-06-21
1315,,출금,127866,기타,2025-03-28
1316,,입금,904489,부수입,2025-06-11
1317,,입금,1772402,기타,2025-02-04
1318,,입금,1723328,월급,2025-06-15
1319,,입금,661348,월급,2025-04-29
1320,,출금,8865,의료/건강,2025-02-25
1321,,출금,298678,식비,2025-01-23
1322,,출금,301111,의료/건강,2025-01-18
1323,,출금,69303,문화생활/여가,2025-03-12
1324,,입금,1701204,기타,2025-04-08
1325,,입금,940461,월급,2025-01-12
1326,,출금,266189,교통비,2025-01-02
1327,,출금,38364,교통비,2025-04-20
1328,,출금,494503,문화생활/여가,2025-01-27
1329,,입금,1245299,기타,2025-01-04
1330,,입금,140647,기타,2025-06-26
1331,,출금,436854,주거/공과금,2025-07-22
1332,,출금,401054,주거/공과금,2025-01-24
1333,,출금,15088,패션/미용,2025-02-19
1334,,출금,425335,식비,2025-01-22
1335,,출금,14516,교통비,2025-06-30
1336,,출금,17304,패션/미용,2025-04-06
1337,,출금,405555,의료/건강,2025-05-17
1338,,입금,1184902,부수입,2025-05-06
1339,,입금,1489505,기타,2025-04-25
1340,,출금,108598,기타,2025-04-28
1341,,출금,441778,의료/건강,2025-06-21
1342,,입금,2377537,부수입,2025-04-04
1343,,입금,1957188,부수입,2025-03-10
1344,,출금,481905,기타,2025-02-08
1345,,출금,203608,식비,2025-01-07
1346,,출금,492678,생필품,2025-06-21
1347,,출금,499135,주거/공과금,2025-01-27
1348,,출금,458267,기타,2025-03-03
1349,,출금,406077,의료/건강,2025-05-03
1350,,출금,472943,교통비,2025-02-15
1351,,입금,1267491,기타,2025-03-16
1352,,출금,115101,패션/미용,2025-02-07
1353,,출금,83785,패션/미용,2025-01-30
1354,,출금,265318,식비,2025-06-25
1355,,출금,351223,패션/미용,2025-04-04
1356,,출금,346665,식비,2025-06-18
1357,,출금,498871,생필품,2025-07-26
1358,,출금,319251,문화생활/여가,2025-02-17
1359,,출금,238401,기타,2025-05-14
1360,,출금,91300,기타,2025-05-18
1361,,출금,123343,교통비,2025-04-26
1362,,출금,324801,생필품,2025-05-15
1363,,출금,24045,생필품,2025-04-02
1364,,출금,277413,패션/미용,2025-06-13
1365,,출금,67164,주거/공과금,2025-05-07
1366,,입금,1415357,부수입,2025-07-22
1367,,출금,335715,주거/공과금,2025-06-07
1368,,출금,320323,주거/공과금,2025-05-17
1369,,입금,2157756,기타,2025-05-21
1370,,입금,1045849,부수입,2025-05-11
1371,,출금,41166,교통비,2025-05-16
1372,,출금,91140,식비,2025-02-12
1373,,출금,208376,기타,2025-02-01
1374,,출금,67823,패션/미용,2025-02-18
1375,,출금,15331,패션/미용,2025-01-29
1376,,출금,131959,생필품,2025-05-22
1377,,출금,387688,주거/공과금,2025-05-09
1378,,출금,311113,기타,2025-04-18
1379,,출금,156086,문화생활/여가,2025-06-06
1380,,입금,1758955,부수입,2025-07-17
1381,,출금,383574,기타,2025-06-07
1382,,출금,229077,주거/공과금,2025-06-17
1383,,출금,312932,식비,2025-04-20
1384,,출금,499105,교통비,2025-05-06
1385,,출금,92926,교통비,2025-07-06
1386,,입금,1281881,월급,2025-01-19
1387,,입금,110032,부수입,2025-01-25
1388,,출금,128716,의료/건강,2025-05-14
1389,,출금,181903,교통비,2025-03-06
1390,,입금,736406,부수입,2025-07-29
1391,,출금,236093,문화생활/여가,2025-04-19
1392,,입금,807416,기타,2025-03-15
1393,,출금,97730,주거/공과금,2025-01-15
1394,,출금,289583,기타,2025-06-14
1395,,출금,269196,기타,2025-05-01
1396,,출금,140525,교통비,2025-02-24
1397,,입금,974070,부수입,2025-04-28
1398,,출금,382438,교통비,2025-01-19
1399,,출금,180042,패션/미용,2025-05-03
1400,,입금,873370,부수입,2025-06-14
1401,,출금,282777,의료/건강,2025-04-10
1402,,출금,47802,의료/건강,2025-05-04
1403,,입금,1243796,월급,2025-04-12
1404,,출금,276941,교통비,2025-06-13
1405,,입금,1184176,기타,2025-06-13
1406,,입금,1097809,부수입,2025-02-17
1407,,출금,186287,주거/공과금,2025-04-12
1408,,출금,44401,주거/공과금,2025-02-02
1409,,출금,367990,문화생활/여가,2025-03-11
1410,,입금,197313,월급,2025-07-01
1411,,출금,77796,패션/미용,2025-05-09
1412,,출금,268565,의료/건강,2025-04-25
1413,,출금,475276,문화생활/여가,2025-01-12
1414,,출금,192541,주거/공과금,2025-07-08
1415,,입금,2443792,부수입,2025-02-14
1416,,출금,469399,문화생활/여가,2025-07-21
1417,,입금,559792,기타,2025-06-29
1418,,입금,1670899,부수입,2025-07-12
1419,,입금,1096466,월급,2025-03-01
1420,,출금,132435,기타,2025-02-14
1421,,출금,65618,교통비,2025-07-02
1422,,출금,372615,교통비,2025-07-11
1423,,출금,49827,패션/미용,2025-05-09
1424,,출금,109383,생필품,2025-02-13
1425,,출금,7222,식비,2025-04-21
1426,,출금,492489,주거/공과금,2025-07-15
1427,,출금,395970,패션/미용,2025-03-03
1428,,입금,1218604,기타,2025-05-27
1429,,출금,407992,식비,2025-05-21
1430,,출금,100583,생필품,2025-06-04
1431,,입금,521690,부수입,2025-04-10
1432,,출금,332688,의료/건강,2025-02-21
1433,,입금,1923662,월급,2025-04-14
1434,,입금,589672,월급,2025-07-19
1435,,출금,294048,교통비,2025-04-14
1436,,출금,44827,패션/미용,2025-03-08
1437,,출금,397950,주거/공과금,2025-07-07
1438,,출금,474961,패션/미용,2025-01-28
1439,,출금,149133,문화생활/여가,2025-06-29
1440,,입금,1415366,기타,2025-01-22
1441,,출금,437640,의료/건강,2025-06-14
1442,,출금,195991,교통비,2025-06-26
1443,,출금,179077,의료/건강,2025-01-20
1444,,출금,452990,식비,2025-04-11
1445,,출금,449080,기타,2025-05-15
1446,,입금,1872432,부수입,2025-07-04
1447,,출금,259427,문화생활/여가,2025-04-16
1448,,입금,314819,기타,2025-04-26
1449,,입금,1539243,기타,2025-05-04
1450,,입금,930820,기타,2025-06-12
1451,,출금,318305,주거/공과금,2025-04-05
1452,,입금,1815473,월급,2025-07-26
1453,,출금,107420,주거/공과금,2025-05-19
1454,,입금,1787118,부수입,2025-03-17
1455,,출금,439113,식비,2025-02-07
1456,,입금,366860,월급,2025-06-08
1457,,출금,194527,생필품,2025-02-13
1458,,출금,111691,의료/건강,2025-04-26
1459,,출금,128157,생필품,2025-01-21
1460,,출금,255623,패션/미용,2025-06-03
1461,,출금,474015,의료/건강,2025-04-28
1462,,출금,262538,의료/건강,2025-04-15
1463,,출금,453566,문화생활/여가,2025-04-30
1464,,출금,378588,기타,2025-07-16
1465,,출금,478959,의료/건강,2025-02-27
1466,,출금,424144,문화생활/여가,2025-04-27
1467,,입금,451257,부수입,2025-05-05
1468,,출금,440928,식비,2025-02-25
1469,,출금,301747,생필품,2025-03-18
1470,,입금,1335908,기타,2025-06-22
1471,,입금,1936576,부수입,2025-02-25
1472,,출금,258091,생필품,2025-02-07
1473,,출금,62603,생필품,2025-03-12
1474,,입금,2175778,기타,2025-03-12
1475,,입금,1630931,기타,2025-03-10
1476,,입금,920468,기타,2025-06-30
1477,,출금,77706,교통비,2025-06-16
1478,,출금,353511,문화생활/여가,2025-07-01
1479,,출금,356624,기타,2025-05-15
1480,,출금,216159,패션/미용,2025-03-31
1481,,출금,202795,기타,2025-01-23
1482,,출금,158835,기타,2025-01-23
1483,,출금,152187,생필품,2025-04-16
1484,,출금,199395,교통비,2025-03-13
1485,,입금,811012,부수입,2025-06-22
1486,,출금,124655,식비,2025-07-22
1487,,입금,761149,월급,2025-01-24
1488,,출금,26581,기타,2025-07-24
1489,,출금,282480,문화생활/여가,2025-06-24
1490,,출금,223671,기타,2025-01-23
1491,,입금,1318777,월급,2025-04-16
1492,,출금,23296,패션/미용,2025-02-10
1493,,출금,413559,문화생활/여가,2025-05-27
1494,,출금,258487,기타,2025-02-21
1495,,입금,1999224,부수입,2025-02-10
1496,,출금,345991,문화생활/여가,2025-01-04
1497,,출금,182894,교통비,2025-04-26
1498,,출금,18095,식비,2025-03-09
1499,,출금,80451,교통비,2025-04-02
1500,,입금,138460,월급,2025-01-31
1501,,입금,1916108,부수입,2025-02-08
1502,,출금,286816,패션/미용,2025-05-04
1503,,출금,181884,생필품,2025-06-11
1504,,출금,255586,생필품,2025-04-29
1505,,입금,1014044,기타,2025-01-14
1506,,입금,2476003,부수입,2025-06-29
1507,,출금,167086,주거/공과금,2025-03-12
1508,,출금,394595,패션/미용,2025-05-18
1509,,입금,2357978,기타,2025-02-18
1510,,입금,959066,월급,2025-02-23
1511,,출금,134058,문화생활/여가,2025-05-28
1512,,입금,1850619,기타,2025-02-23
1513,,입금,692758,부수입,2025-03-06
1514,,입금,728062,월급,2025-02-27
1515,,입금,366163,부수입,2025-04-26
1516,,출금,64252,식비,2025-05-12
1517,,출금,130651,기타,2025-01-10
1518,,입금,1291154,부수입,2025-07-07
1519,,입금,1107490,월급,2025-01-28
1520,,입금,1291974,기타,2025-07-23
1521,,출금,130879,의료/건강,2025-03-17
1522,,출금,42568,문화생활/여가,2025-05-24
1523,,입금,652666,월급,2025-07-16
1524,,출금,126474,주거/공과금,2025-03-22
1525,,출금,473107,교통비,2025-01-21
1526,,입금,2290219,기타,2025-02-08
1527,,입금,2202275,부수입,2025-01-19
1528,,출금,72613,교통비,2025-02-16
1529,,출금,70765,생필품,2025-06-17
1530,,출금,317517,문화생활/여가,2025-05-03
1531,,출금,227598,패션/미용,2025-01-22
1532,,출금,158587,생필품,2025-02-06
1533,,입금,288190,기타,2025-06-24
1534,,출금,351712,식비,2025-04-27
1535,,입금,881033,기타,2025-05-16
1536,,출금,349773,기타,2025-03-13
1537,,출금,253668,기타,2025-06-30
1538,,출금,451245,주거/공과금,2025-04-08
1539,,입금,539423,기타,2025-07-10
1540,,출금,436510,기타,2025-06-06
1541,,출금,245046,식비,2025-05-19
1542,,출금,78417,패션/미용,2025-05-12
1543,,출금,12484,주거/공과금,2025-07-14
1544,,출금,28187,문화생활/여가,2025-06-18
1545,,입금,2295185,월급,2025-03-20
1546,,출금,70204,식비,2025-05-07
1547,,출금,66557,의료/건강,2025-04-14
1548,,출금,290939,의료/건강,2025-05-22
1549,,출금,143133,생필품,2025-06-25
1550,,입금,2204476,월급,2025-03-07
1551,,출금,386359,패션/미용,2025-07-04
1552,,입금,1557755,부수입,2025-01-22
1553,,출금,356471,문화생활/여가,2025-05-28
1554,,출금,212021,주거/공과금,2025-06-07
1555,,입금,1514989,부수입,2025-04-05
1556,,출금,259913,식비,2025-01-24
1557,,입금,1340779,월급,2025-03-24
1558,,입금,1662726,부수입,2025-02-02
1559,,출금,291877,의료/건강,2025-03-01
1560,,출금,96613,주거/공과금,2025-04-23
1561,,출금,333891,교통비,2025-03-15
1562,,출금,268901,주거/공과금,2025-01-15
1563,,출금,282939,생필품,2025-03-01
1564,,출금,321730,의료/건강,2025-03-17
1565,,입금,2367512,월급,2025-01-09
1566,,입금,324869,기타,2025-02-13
1567,,출금,14756,패션/미용,2025-01-27
1568,,출금,298177,의료/건강,2025-07-21
1569,,입금,226863,부수입,2025-07-18
1570,,출금,415197,주거/공과금,2025-05-05
1571,,입금,1475804,기타,2025-06-23
1572,,출금,496273,생필품,2025-01-13
1573,,입금,1615488,기타,2025-02-15
1574,,입금,2245759,기타,2025-02-23
1575,,입금,1185021,월급,2025-02-02
1576,,입금,2461551,월급,2025-04-11
1577,,입금,109313,기타,2025-04-23
1578,,출금,364019,교통비,2025-04-09
1579,,입금,801961,부수입,2025-01-26
1580,,입금,229315,월급,2025-05-12
1581,,출금,123710,기타,2025-01-26
1582,,입금,943989,부수입,2025-06-18
1583,,입금,1514983,기타,2025-02-03
1584,,입금,1426524,기타,2025-02-13
1585,,출금,459702,문화생활/여가,2025-05-15
1586,,출금,443335,주거/공과금,2025-07-17
1587,,출금,165429,패션/미용,2025-01-14
1588,,입금,330762,월급,2025-06-25
1589,,출금,327608,식비,2025-05-30
1590,,출금,394027,생필품,2025-03-14
1591,,출금,234381,기타,2025-06-20
1592,,출금,18157,패션/미용,2025-06-03
1593,,입금,1583227,월급,2025-06-26
1594,,출금,336903,주거/공과금,2025-07-28
1595,,출금,350290,기타,2025-04-05
1596,,출금,411744,기타,2025-04-14
1597,,출금,141465,주거/공과금,2025-04-09
1598,,출금,200145,의료/건강,2025-05-06
1599,,출금,454867,의료/건강,2025-04-05
1600,,출금,63634,주거/공과금,2025-01-08
1601,,출금,380106,생필품,2025-02-03
1602,,출금,373638,생필품,2025-01-10
1603,,입금,1406140,부수입,2025-03-02
1604,,출금,462361,교통비,2025-06-17
1605,,출금,195658,주거/공과금,2025-04-12
1606,,입금,388151,기타,2025-04-08
1607,,출금,191195,식비,2025-06-24
1608,,출금,333146,교통비,2025-06-06
1609,,출금,414160,의료/건강,2025-02-03
1610,,입금,595507,부수입,2025-03-27
1611,,출금,8704,주거/공과금,2025-07-23
1612,,출금,53667,교통비,2025-06-18
1613,,출금,218467,생필품,2025-03-31
1614,,출금,106887,교통비,2025-04-01
1615,,출금,215163,주거/공과금,2025-07-13
1616,,출금,10962,패션/미용,2025-02-07
1617,,출금,45575,식비,2025-02-28
1618,,출금,350927,주거/공과금,2025-07-16
1619,,출금,474775,패션/미용,2025-02-17
1620,,출금,212923,문화생활/여가,2025-05-20
1621,,출금,295997,의료/건강,2025-01-17
1622,,출금,328648,주거/공과금,2025-01-29
1623,,출금,247683,기타,2025-04-12
1624,,출금,273649,문화생활/여가,2025-04-26
1625,,출금,158935,문화생활/여가,2025-03-18
1626,,출금,490209,기타,2025-04-12
1627,,출금,301864,기타,2025-04-26
1628,,출금,203925,교통비,2025-05-26
1629,,입금,1255482,기타,2025-05-25
1630,,입금,924274,부수입,2025-02-08
1631,,입금,2193251,기타,2025-07-13
1632,,출금,306254,의료/건강,2025-04-12
1633,,입금,1141097,월급,2025-05-18
1634,,입금,1977292,기타,2025-03-10
1635,,입금,1222955,부수입,2025-04-19
1636,,입금,1041073,월급,2025-06-01
1637,,출금,234137,식비,2025-02-21
1638,,출금,493825,주거/공과금,2025-02-05
1639,,출금,43258,식비,2025-03-26
1640,,입금,1720634,기타,2025-06-13
1641,,출금,73043,패션/미용,2025-01-25
1642,,입금,2057603,부수입,2025-06-19
1643,,입금,2290476,월급,2025-01-27
1644,,출금,148746,교통비,2025-07-21
1645,,출금,386235,의료/건강,2025-03-22
1646,,출금,54592,주거/공과금,2025-04-23
1647,,출금,362147,주거/공과금,2025-01-14
1648,,출금,178906,기타,2025-03-28
1649,,출금,142990,패션/미용,2025-05-23
1650,,출금,1296,식비,2025-02-12
1651,,입금,2496983,부수입,2025-01-03
1652,,출금,311501,패션/미용,2025-05-31
1653,,입금,1907692,월급,2025-05-24
1654,,출금,315254,주거/공과금,2025-02-19
1655,,출금,136990,의료/건강,2025-01-29
1656,,출금,115554,문화생활/여가,2025-04-08
1657,,입금,1957594,기타,2025-07-12
1658,,출금,481323,문화생활/여가,2025-07-12
1659,,출금,169679,교통비,2025-05-27
1660,,출금,383974,주거/공과금,2025-01-29
1661,,출금,345297,의료/건강,2025-07-06
1662,,입금,2414273,부수입,2025-04-23
1663,,입금,1218690,기타,2025-06-19
1664,,입금,1319067,부수입,2025-01-22
1665,,출금,254642,교통비,2025-04-20
1666,,입금,2437814,월급,2025-01-14
1667,,출금,241709,식비,2025-01-10
1668,,출금,467489,주거/공과금,2025-05-20
1669,,출금,463986,주거/공과금,2025-02-26
1670,,출금,99695,식비,2025-06-19
1671,,출금,120554,기타,2025-02-21
1672,,출금,126089,식비,2025-06-13
1673,,입금,1808549,부수입,2025-07-27
1674,,출금,122413,식비,2025-04-09
1675,,출금,68789,식비,2025-04-18
1676,,입금,1423774,기타,2025-04-19
1677,,입금,1045248,기타,2025-02-03
1678,,입금,625064,월급,2025-04-03
1679,,출금,431566,주거/공과금,2025-01-26
1680,,출금,236294,의료/건강,2025-06-29
1681,,출금,413727,식비,2025-06-08
1682,,출금,483354,생필품,2025-02-16
1683,,출금,300986,생필품,2025-03-05
1684,,출금,439095,패션/미용,2025-01-13
1685,,출금,413258,생필품,2025-06-23
1686,,입금,776431,부수입,2025-01-04
1687,,입금,2120483,부수입,2025-03-23
1688,,출금,480382,생필품,2025-07-25
1689,,출금,437231,문화생활/여가,2025-05-08
1690,,출금,100716,문화생활/여가,2025-03-17
1691,,출금,338004,패션/미용,2025-03-25
1692,,입금,1842719,월급,2025-05-18
1693,,출금,13411,기타,2025-04-16
1694,,출금,54502,문화생활/여가,2025-03-03
1695,,입금,1826124,월급,2025-06-13
1696,,출금,31591,생필품,2025-07-04
1697,,입금,1287803,월급,2025-02-24
1698,,출금,417461,주거/공과금,2025-03-06
1699,,입금,1173508,기타,2025-01-06
1700,,출금,127756,주거/공과금,2025-06-21
1701,,입금,392129,월급,2025-02-01
1702,,입금,2384984,월급,2025-05-04
1703,,출금,452132,식비,2025-04-18
1704,,출금,202787,생필품,2025-03-25
1705,,출금,386449,교통비,2025-02-27
1706,,입금,1682749,기타,2025-03-13
1707,,출금,454638,생필품,2025-02-18
1708,,출금,72932,생필품,2025-03-26
1709,,출금,327789,패션/미용,2025-05-06
1710,,출금,23025,의료/건강,2025-04-06
1711,,출금,414002,생필품,2025-04-27
1712,,출금,294291,교통비,2025-07-06
1713,,출금,346699,문화생활/여가,2025-02-10
1714,,출금,319230,의료/건강,2025-05-23
1715,,입금,1891435,부수입,2025-04-13
1716,,출금,48701,의료/건강,2025-05-24
1717,,입금,106553,기타,2025-03-05
1718,,출금,396363,패션/미용,2025-03-14
1719,,출금,290658,의료/건강,2025-01-31
1720,,출금,338869,교통비,2025-02-21
1721,,출금,403320,식비,2025-01-13
1722,,출금,156105,주거/공과금,2025-07-13
1723,,출금,40466,패션/미용,2025-01-03
1724,,출금,393457,식비,2025-01-18
1725,,출금,112361,문화생활/여가,2025-07-06
1726,,출금,27043,식비,2025-05-11
1727,,출금,369866,주거/공과금,2025-01-31
1728,,출금,430220,패션/미용,2025-01-22
1729,,입금,250340,월급,2025-01-02
1730,,출금,63676,교통비,2025-04-27
1731,,입금,2254303,월급,2025-05-19
1732,,입금,2184102,기타,2025-06-20
1733,,출금,204706,생필품,2025-04-01
1734,,출금,1525,문화생활/여가,2025-05-09
1735,,입금,412973,월급,2025-05-02
1736,,출금,202151,패션/미용,2025-02-18
1737,,출금,125659,기타,2025-02-09
1738,,출금,159744,기타,2025-04-24
1739,,출금,342495,의료/건강,2025-07-22
1740,,입금,2376079,기타,2025-01-19
1741,,입금,1158429,부수입,2025-02-23
1742,,입금,1802976,부수입,2025-06-05
1743,,출금,113934,식비,2025-01-17
1744,,입금,707600,부수입,2025-06-08
1745,,입금,1321179,월급,2025-06-25
1746,,출금,321632,기타,2025-04-17
1747,,출금,229699,생필품,2025-02-14
1748,,출금,474877,기타,2025-05-10
1749,,출금,294601,패션/미용,2025-03-11
1750,,출금,423139,기타,2025-01-26
1751,,출금,404193,생필품,2025-06-25
1752,,출금,329029,기타,2025-04-26
1753,,출금,283903,문화생활/여가,2025-05-24
1754,,출금,281338,교통비,2025-06-18
1755,,출금,228081,의료/건강,2025-07-15
1756,,출금,394200,기타,2025-02-05
1757,,출금,55108,생필품,2025-04-11
1758,,출금,133867,식비,2025-01-03
1759,,출금,234492,문화생활/여가,2025-05-06
1760,,입금,825126,기타,2025-06-28
1761,,출금,293711,식비,2025-03-28
1762,,입금,2255737,기타,2025-06-16
1763,,출금,218427,의료/건강,2025-04-17
1764,,출금,23085,패션/미용,2025-07-13
1765,,출금,237128,식비,2025-07-06
1766,,출금,400843,교통비,2025-06-02
1767,,출금,300277,의료/건강,2025-05-29
1768,,출금,118461,교통비,2025-05-07
1769,,입금,534246,월급,2025-02-06
1770,,출금,81684,기타,2025-02-05
1771,,출금,396684,교통비,2025-04-09
1772,,입금,157398,부수입,2025-07-01
1773,,출금,150114,기타,2025-03-31
1774,,입금,1053463,부수입,2025-06-30
1775,,출금,337030,의료/건강,2025-05-13
1776,,입금,1041906,월급,2025-06-06
1777,,출금,38788,교통비,2025-05-12
1778,,출금,150555,주거/공과금,2025-02-06
1779,,출금,499446,교통비,2025-03-23
1780,,출금,54725,주거/공과금,2025-04-01
1781,,출금,361603,식비,2025-07-25
1782,,출금,142666,식비,2025-05-23
1783,,입금,1370588,기타,2025-02-28
1784,,출금,285710,패션/미용,2025-01-06
1785,,출금,379023,패션/미용,2025-06-30
1786,,출금,59695,의료/건강,2025-02-19
1787,,출금,437522,의료/건강,2025-03-29
1788,,입금,1042539,부수입,2025-02-26
1789,,입금,1936247,월급,2025-06-09
1790,,출금,433788,식비,2025-06-14
1791,,입금,63845,월급,2025-04-14
1792,,출금,476697,의료/건강,2025-01-10
1793,,출금,220297,기타,2025-05-15
1794,,입금,1825189,기타,2025-01-30
1795,,출금,33846,교통비,2025-07-09
1796,,입금,2429879,부수입,2025-06-29
1797,,입금,1470606,월급,2025-01-11
1798,,출금,120978,의료/건강,2025-03-06
1799,,입금,1893448,월급,2025-07-05
1800,,입금,2492478,월급,2025-03-16
1801,,출금,19664,생필품,2025-01-02
1802,,입금,2110647,월급,2025-07-24
1803,,입금,716298,월급,2025-04-23
1804,,출금,183804,패션/미용,2025-05-27
1805,,출금,460492,식비,2025-06-15
1806,,출금,80831,패션/미용,2025-02-19
1807,,출금,314283,생필품,2025-02-15
1808,,출금,18339,문화생활/여가,2025-07-04
1809,,입금,1637645,부수입,2025-01-14
1810,,출금,470332,주거/공과금,2025-04-16
1811,,출금,15919,생필품,2025-04-05
1812,,출금,83969,의료/건강,2025-03-20
1813,,출금,464047,문화생활/여가,2025-01-30
1814,,출금,365255,문화생활/여가,2025-06-04
1815,,입금,2288868,월급,2025-02-04
1816,,입금,582478,월급,2025-07-24
1817,,출금,467187,패션/미용,2025-05-11
1818,,출금,544,의료/건강,2025-06-29
1819,,출금,75714,패션/미용,2025-01-16
1820,,입금,2281008,기타,2025-07-26
1821,,출금,484977,패션/미용,2025-06-13
1822,,출금,147758,주거/공과금,2025-06-25
1823,,출금,165640,생필품,2025-06-18
1824,,입금,1667850,기타,2025-01-04
1825,,출금,305174,패션/미용,2025-01-10
1826,,출금,397401,기타,2025-07-27
1827,,출금,97521,생필품,2025-07-28
1828,,입금,2008825,기타,2025-07-23
1829,,출금,35247,식비,2025-03-24
1830,,출금,42101,식비,2025-02-17
1831,,출금,236720,패션/미용,2025-01-14
1832,,입금,2146416,월급,2025-02-05
1833,,입금,1356635,부수입,2025-01-07
1834,,입금,2260936,기타,2025-02-17
1835,,입금,972954,기타,2025-01-09
1836,,출금,92001,문화생활/여가,2025-07-15
1837,,출금,292752,주거/공과금,2025-02-15
1838,,출금,225293,주거/공과금,2025-06-02
1839,,출금,284416,의료/건강,2025-02-20
1840,,입금,283449,월급,2025-03-04
1841,,입금,390814,부수입,2025-05-28
1842,,입금,2207082,월급,2025-02-27
1843,,출금,373228,생필품,2025-01-30
1844,,출금,169820,문화생활/여가,2025-05-25
1845,,출금,415865,의료/건강,2025-05-12
1846,,출금,367084,주거/공과금,2025-07-17
1847,,출금,62173,의료/건강,2025-05-05
1848,,입금,746674,기타,2025-03-01
1849,,입금,1386098,월급,2025-05-12
1850,,출금,2279,패션/미용,2025-06-15
1851,,출금,241229,패션/미용,2025-05-01
1852,,출금,188689,패션/미용,2025-06-26
1853,,입금,2268140,월급,2025-04-07
1854,,출금,30242,기타,2025-06-03
1855,,입금,2280508,월급,2025-07-10
1856,,출금,380547,패션/미용,2025-01-08
1857,,입금,431772,부수입,2025-05-15
1858,,입금,552431,부수입,2025-01-19
1859,,출금,428415,생필품,2025-01-12
1860,,출금,292374,교통비,2025-07-20
1861,,입금,2044436,기타,2025-04-18
1862,,입금,1213019,월급,2025-02-17
1863,,출금,1004,교통비,2025-07-30
1864,,출금,404452,패션/미용,2025-07-28
1865,,출금,19247,생필품,2025-06-08
1866,,출금,256440,패션/미용,2025-05-25
1867,,출금,139642,주거/공과금,2025-01-11
1868,,출금,359082,기타,2025-03-14
1869,,출금,354469,문화생활/여가,2025-05-17
1870,,출금,220290,식비,2025-06-08
1871,,출금,6212,주거/공과금,2025-02-02
1872,,출금,488048,생필품,2025-05-20
1873,,출금,390424,문화생활/여가,2025-04-09
1874,,출금,142730,식비,2025-06-12
1875,,출금,354643,기타,2025-04-09
1876,,출금,79006,의료/건강,2025-07-03
1877,,출금,234230,식비,2025-06-23
1878,,출금,229823,주거/공과금,2025-05-07
1879,,입금,414589,기타,2025-06-10
1880,,입금,1173990,부수입,2025-03-15
1881,,출금,119432,식비,2025-01-21
1882,,출금,307539,생필품,2025-07-13
1883,,입금,138285,부수입,2025-05-04
1884,,출금,84635,의료/건강,2025-04-06
1885,,출금,368342,교통비,2025-06-01
1886,,출금,225346,교통비,2025-02-16
1887,,출금,359694,생필품,2025-04-06
1888,,입금,1083621,월급,2025-07-17
1889,,출금,224242,주거/공과금,2025-03-09
1890,,입금,385718,월급,2025-04-10
1891,,출금,111939,의료/건강,2025-01-19
1892,,출금,483075,문화생활/여가,2025-03-17
1893,,출금,149035,패션/미용,2025-05-08
1894,,출금,227111,교통비,2025-03-19
1895,,입금,818398,부수입,2025-01-08
1896,,출금,217646,주거/공과금,2025-04-15
1897,,출금,169303,패션/미용,2025-06-18
1898,,출금,310752,기타,2025-02-22
1899,,입금,347469,월급,2025-05-28
1900,,출금,347508,생필품,2025-01-09
1901,,입금,2216840,부수입,2025-02-16
1902,,출금,330166,주거/공과금,2025-07-16
1903,,입금,375167,기타,2025-04-12
1904,,출금,217002,패션/미용,2025-03-13
1905,,출금,398918,기타,2025-07-26
1906,,출금,298865,식비,2025-05-26
1907,,출금,460997,주거/공과금,2025-05-30
1908,,출금,321884,생필품,2025-04-21
1909,,입금,1363998,부수입,2025-01-06
1910,,입금,1555764,월급,2025-03-10
1911,,출금,288637,교통비,2025-01-19
1912,,출금,8333,교통비,2025-06-09
1913,,출금,39732,주거/공과금,2025-01-20
1914,,출금,272345,문화생활/여가,2025-04-28
1915,,출금,269419,교통비,2025-05-19
1916,,출금,453578,패션/미용,2025-07-23
1917,,출금,361151,생필품,2025-05-09
1918,,출금,118980,생필품,2025-03-24
1919,,출금,289642,문화생활/여가,2025-06-23
1920,,입금,1382084,월급,2025-03-26
1921,,출금,324339,문화생활/여가,2025-07-03
1922,,출금,45464,패션/미용,2025-03-17
1923,,입금,1332339,월급,2025-07-08
1924,,출금,424324,문화생활/여가,2025-04-05
1925,,출금,398935,기타,2025-07-15
1926,,입금,136211,부수입,2025-01-21
1927,,출금,364176,교통비,2025-04-30
1928,,입금,2091474,부수입,2025-06-10
1929,,입금,2431182,부수입,2025-07-01
1930,,출금,453750,기타,2025-06-30
1931,,입금,681088,월급,2025-06-29
1932,,입금,1989886,월급,2025-05-22
1933,,입금,2058804,월급,2025-06-30
1934,,출금,443013,의료/건강,2025-07-27
1935,,출금,153901,식비,2025-02-09
1936,,출금,147635,식비,2025-04-03
1937,,입금,758166,기타,2025-04-13
1938,,출금,331654,교통비,2025-04-16
1939,,출금,391310,생필품,2025-04-07
1940,,출금,336243,교통비,2025-01-03
1941,,출금,351665,기타,2025-04-19
1942,,출금,37059,교통비,2025-07-17
1943,,출금,243633,문화생활/여가,2025-03-22
1944,,입금,1566961,월급,2025-06-01
1945,,출금,443322,주거/공과금,2025-04-19
1946,,출금,124252,기타,2025-05-03
1947,,출금,226164,교통비,2025-06-21
1948,,출금,96835,문화생활/여가,2025-06-12
1949,,출금,27592,생필품,2025-05-23
1950,,입금,681851,기타,2025-05-19
1951,,입금,1604222,기타,2025-02-22
1952,,출금,466762,기타,2025-01-14
1953,,입금,616968,기타,2025-02-14
1954,,입금,1878962,월급,2025-03-31
1955,,출금,436516,생필품,2025-05-26
1956,,입금,2272363,기타,2025-01-06
1957,,출금,314835,패션/미용,2025-03-07
1958,,출금,155168,주거/공과금,2025-05-14
1959,,출금,109766,기타,2025-05-19
1960,,출금,494938,문화생활/여가,2025-05-22
1961,,출금,34417,문화생활/여가,2025-04-02
1962,,출금,275547,기타,2025-06-19
1963,,출금,457125,교통비,2025-05-09
1964,,출금,58197,교통비,2025-01-05
1965,,출금,377651,식비,2025-04-17
1966,,출금,131271,문화생활/여가,2025-02-25
1967,,출금,130844,생필품,2025-05-26
1968,,출금,295594,주거/공과금,2025-04-24
1969,,출금,348952,문화생활/여가,2025-01-14
1970,,출금,489016,주거/공과금,2025-02-23
1971,,입금,835381,월급,2025-05-30
1972,,출금,202476,생필품,2025-02-03
1973,,입금,1668268,월급,2025-06-04
1974,,출금,115544,주거/공과금,2025-03-24
1975,,출금,56999,주거/공과금,2025-06-05
1976,,출금,198528,교통비,2025-02-11
1977,,출금,467490,주거/공과금,2025-05-07
1978,,출금,419873,패션/미용,2025-04-22
1979,,출금,239678,의료/건강,2025-04-20
1980,,출금,14846,의료/건강,2025-05-25
1981,,출금,108057,생필품,2025-07-18
1982,,출금,139599,교통비,2025-06-15
1983,,입금,935014,월급,2025-06-05
1984,,출금,321928,의료/건강,2025-05-02
1985,,출금,131554,생필품,2025-04-14
1986,,출금,106523,교통비,2025-02-26
1987,,입금,711010,부수입,2025-06-16
1988,,출금,231740,기타,2025-03-07
1989,,출금,311556,의료/건강,2025-02-03
1990,,출금,91563,식비,2025-03-16
1991,,입금,264137,월급,2025-04-29
1992,,출금,456765,주거/공과금,2025-01-31
1993,,출금,88812,주거/공과금,2025-07-14
1994,,출금,89256,생필품,2025-06-22
1995,,출금,123627,생필품,2025-02-02
1996,,출금,339511,식비,2025-01-10
1997,,입금,142946,월급,2025-01-28
1998,,입금,1507327,부수입,2025-04-28
1999,,출금,474947,기타,2025-01-08
2000,,출금,195525,기타,2025-07-13
2001,,입금,1482285,부수입,2025-03-30
2002,,입금,585821,부수입,2025-02-07
2003,,출금,225896,기타,2025-06-20
2004,,출금,222865,생필품,2025-05-14
2005,,출금,23034,기타,2025-03-29
2006,,출금,156595,주거/공과금,2025-02-05
2007,,출금,249455,패션/미용,2025-04-01
2008,,출금,198340,문화생활/여가,2025-07-01
2009,,출금,50515,교통비,2025-06-27
2010,,출금,315361,의료/건강,2025-03-23
2011,,입금,1588916,월급,2025-07-08
2012,,출금,264128,생필품,2025-01-04
2013,,출금,403629,생필품,2025-03-08
2014,,입금,152904,기타,2025-07-25
2015,,출금,261988,주거/공과금,2025-04-12
2016,,입금,2499129,월급,2025-07-05
2017,,출금,238385,기타,2025-02-05
2018,,출금,261461,생필품,2025-01-11
2019,,출금,235820,식비,2025-07-29
2020,,출금,54492,교통비,2025-05-06
2021,,출금,81478,문화생활/여가,2025-07-19
2022,,출금,335790,패션/미용,2025-07-16
2023,,출금,17144,패션/미용,2025-07-25
2024,,입금,1760736,월급,2025-01-06
2025,,출금,399713,문화생활/여가,2025-07-13
2026,,출금,93824,문화생활/여가,2025-03-08
2027,,출금,322033,생필품,2025-04-27
2028,,출금,52489,식비,2025-07-21
2029,,출금,282658,의료/건강,2025-05-23
2030,,출금,46571,기타,2025-03-09
2031,,출금,244695,문화생활/여가,2025-05-19
2032,,출금,102570,기타,2025-05-05
2033,,출금,53849,의료/건강,2025-05-09
2034,,출금,302084,식비,2025-04-30
2035,,입금,1093866,부수입,2025-06-02
2036,,입금,1413985,월급,2025-02-06
2037,,출금,248285,생필품,2025-03-05
2038,,출금,307257,패션/미용,2025-02-16
2039,,출금,241322,생필품,2025-01-27
2040,,출금,366329,주거/공과금,2025-04-16
2041,,입금,1085825,월급,2025-05-29
2042,,출금,289922,문화생활/여가,2025-02-22
2043,,입금,1339367,부수입,2025-05-24
2044,,출금,222750,패션/미용,2025-03-12
2045,,출금,275938,생필품,2025-03-12
2046,,출금,12276,교통비,2025-04-30
2047,,입금,1774433,월급,2025-06-18
2048,,입금,1149481,기타,2025-01-11
2049,,출금,372045,식비,2025-07-11
2050,,출금,353456,식비,2025-06-12
2051,,출금,495392,식비,2025-02-22
2052,,출금,170443,주거/공과금,2025-01-16
2053,,출금,333078,패션/미용,2025-02-18
2054,,출금,460017,패션/미용,2025-02-05
2055,,입금,2284703,월급,2025-01-21
2056,,입금,2383591,기타,2025-01-15
2057,,입금,2218371,부수입,2025-04-09
2058,,입금,683623,부수입,2025-07-06
2059,,출금,154720,생필품,2025-03-08
2060,,출금,56034,주거/공과금,2025-03-24
2061,,출금,293913,주거/공과금,2025-01-25
2062,,입금,887634,부수입,2025-05-28
2063,,출금,129236,식비,2025-04-11
2064,,입금,145661,월급,2025-07-29
2065,,출금,407822,식비,2025-07-29
2066,,입금,264410,기타,2025-04-03
2067,,출금,444332,의료/건강,2025-02-02
2068,,출금,437687,식비,2025-06-17
2069,,입금,646062,부수입,2025-01-28
2070,,출금,477685,생필품,2025-06-24
2071,,입금,1933815,월급,2025-01-22
2072,,출금,451644,식비,2025-02-06
2073,,출금,353093,교통비,2025-06-23
2074,,출금,400841,교통비,2025-05-07
2075,,출금,225529,식비,2025-06-30
2076,,출금,474823,식비,2025-04-19
2077,,출금,8913,의료/건강,2025-07-17
2078,,출금,79301,생필품,2025-07-29
2079,,출금,476572,의료/건강,2025-05-21
2080,,출금,488608,주거/공과금,2025-07-26
2081,,출금,98714,교통비,2025-06-10
2082,,출금,464457,기타,2025-01-17
2083,,출금,198337,문화생활/여가,2025-01-23
2084,,입금,137266,기타,2025-06-28
2085,,입금,865787,월급,2025-04-28
2086,,출금,94950,생필품,2025-01-03
2087,,출금,133034,식비,2025-04-08
2088,,입금,163522,월급,2025-05-08
2089,,입금,58957,월급,2025-03-12
2090,,출금,338644,생필품,2025-03-17
2091,,출금,30750,식비,2025-07-26
2092,,출금,199884,생필품,2025-05-29
2093,,출금,289347,문화생활/여가,2025-05-21
2094,,입금,1362285,부수입,2025-02-23
2095,,출금,475675,식비,2025-07-27
2096,,출금,449500,기타,2025-03-05
2097,,출금,270418,의료/건강,2025-07-26
2098,,입금,1749501,부수입,2025-07-17
2099,,출금,341574,교통비,2025-01-17
2100,,출금,52859,문화생활/여가,2025-01-08
2101,,출금,323193,패션/미용,2025-01-20
2102,,입금,1118405,기타,2025-05-14
2103,,출금,157922,기타,2025-07-09
2104,,입금,2000596,부수입,2025-05-09
2105,,출금,318001,교통비,2025-04-11
2106,,입금,120480,월급,2025-04-18
2107,,출금,21464,주거/공과금,2025-03-16
2108,,입금,1079293,기타,2025-04-02
2109,,출금,4336,주거/공과금,2025-04-24
2110,,출금,127385,생필품,2025-05-09
2111,,출금,173392,의료/건강,2025-03-21
2112,,출금,254320,식비,2025-07-08
2113,,출금,239334,주거/공과금,2025-04-13
2114,,출금,493611,주거/공과금,2025-06-23
2115,,출금,148438,의료/건강,2025-07-01
2116,,출금,226258,기타,2025-03-26
2117,,입금,264006,부수입,2025-04-10
2118,,출금,342306,기타,2025-04-03
2119,,입금,1497711,부수입,2025-05-18
2120,,입금,1219657,월급,2025-06-09
2121,,입금,2368559,부수입,2025-04-02
2122,,출금,150486,교통비,2025-02-28
2123,,출금,41933,교통비,2025-05-12
2124,,입금,1768314,월급,2025-06-20
2125,,출금,224155,생필품,2025-04-06
2126,,출금,49799,주거/공과금,2025-05-18
2127,,출금,299557,의료/건강,2025-01-09
2128,,입금,1248203,부수입,2025-04-23
2129,,출금,116231,생필품,2025-03-01
2130,,출금,362242,패션/미용,2025-06-18
2131,,출금,393169,의료/건강,2025-05-06
2132,,출금,109215,주거/공과금,2025-06-18
2133,,입금,742824,월급,2025-03-25
2134,,입금,1453781,기타,2025-04-28
2135,,출금,471095,문화생활/여가,2025-06-07
2136,,출금,178218,문화생활/여가,2025-05-27
2137,,출금,261750,문화생활/여가,2025-03-03
2138,,출금,106033,문화생활/여가,2025-02-24
2139,,입금,343297,부수입,2025-01-03
2140,,출금,182575,식비,2025-07-15
2141,,출금,23255,기타,2025-04-10
2142,,출금,121263,식비,2025-06-22
2143,,출금,379263,기타,2025-06-09
2144,,출금,43068,문화생활/여가,2025-04-22
2145,,출금,425011,문화생활/여가,2025-01-12
2146,,출금,206136,생필품,2025-07-09
2147,,출금,452056,문화생활/여가,2025-02-27
2148,,출금,402899,생필품,2025-03-24
2149,,출금,236233,기타,2025-03-09
2150,,출금,37389,교통비,2025-02-11
2151,,출금,415533,패션/미용,2025-05-21
2152,,출금,476553,의료/건강,2025-05-15
2153,,출금,47767,생필품,2025-01-06
2154,,출금,442839,패션/미용,2025-07-19
2155,,출금,217321,문화생활/여가,2025-06-29
2156,,출금,120440,문화생활/여가,2025-07-06
2157,,출금,4354,교통비,2025-07-12
2158,,출금,460901,생필품,2025-01-03
2159,,입금,1661440,부수입,2025-02-01
2160,,입금,1004696,월급,2025-06-09
2161,,출금,421281,기타,2025-06-07
2162,,입금,2332735,월급,2025-05-03
2163,,입금,268795,부수입,2025-06-10
2164,,출금,390185,문화생활/여가,2025-02-10
2165,,출금,102015,기타,2025-05-27
2166,,출금,18953,문화생활/여가,2025-06-27
2167,,출금,335626,패션/미용,2025-02-07
2168,,출금,113994,기타,2025-02-10
2169,,입금,2490624,기타,2025-03-27
2170,,입금,426587,월급,2025-05-24
2171,,출금,370202,문화생활/여가,2025-04-24
2172,,출금,71020,패션/미용,2025-04-10
2173,,입금,1380448,기타,2025-04-14
2174,,출금,150060,교통비,2025-05-03
2175,,출금,416745,패션/미용,2025-01-13
2176,,출금,352787,문화생활/여가,2025-02-16
2177,,출금,410711,주거/공과금,2025-04-17
2178,,출금,48176,의료/건강,2025-03-06
2179,,출금,371239,기타,2025-06-19
2180,,출금,348115,식비,2025-01-21
2181,,입금,1350471,기타,2025-07-08
2182,,입금,104772,부수입,2025-01-19
2183,,입금,1240132,부수입,2025-04-24
2184,,입금,1291102,부수입,2025-03-31
2185,,출금,455250,의료/건강,2025-06-27
2186,,출금,197783,식비,2025-07-07
2187,,입금,117812,월급,2025-04-14
2188,,출금,217698,패션/미용,2025-03-24
2189,,출금,353632,의료/건강,2025-04-05
2190,,입금,2466485,부수입,2025-01-16
2191,,출금,137705,생필품,2025-06-28
2192,,출금,408884,문화생활/여가,2025-04-28
2193,,출금,47632,패션/미용,2025-02-08
2194,,출금,476389,문화생활/여가,2025-07-28
2195,,출금,186485,패션/미용,2025-04-06
2196,,입금,1077158,기타,2025-06-27
2197,,입금,1560989,기타,2025-05-23
2198,,출금,107737,패션/미용,2025-01-04
2199,,출금,147520,기타,2025-05-29
2200,,출금,186270,식비,2025-04-14
2201,,입금,2356178,기타,2025-03-24
2202,,입금,141295,부수입,2025-07-21
2203,,출금,296630,주거/공과금,2025-02-15
2204,,출금,152411,생필품,2025-05-02
2205,,출금,311453,패션/미용,2025-05-16
2206,,출금,424880,주거/공과금,2025-02-01
2207,,출금,487605,의료/건강,2025-06-01
2208,,출금,209861,교통비,2025-04-03
2209,,출금,344509,생필품,2025-05-17
2210,,입금,1973955,월급,2025-06-21
2211,,출금,489074,기타,2025-03-30
2212,,입금,1873970,월급,2025-05-14
2213,,출금,128431,의료/건강,2025-06-11
2214,,출금,12192,기타,2025-01-01
2215,,출금,448636,생필품,2025-01-26
2216,,출금,223117,문화생활/여가,2025-04-15
2217,,출금,358355,식비,2025-05-31
2218,,출금,49959,식비,2025-03-16
2219,,출금,345206,기타,2025-03-14
2220,,출금,290238,교통비,2025-04-13
2221,,출금,216888,식비,2025-04-26
2222,,출금,298219,패션/미용,2025-01-13
2223,,입금,1071607,기타,2025-07-18
2224,,입금,1861377,기타,2025-06-14
2225,,출금,132875,기타,2025-06-06
2226,,출금,488960,기타,2025-01-16
2227,,출금,410734,의료/건강,2025-06-14
2228,,입금,193712,월급,2025-05-23
2229,,출금,34906,패션/미용,2025-02-02
2230,,출금,215761,기타,2025-07-23
2231,,입금,1433039,기타,2025-03-06
2232,,출금,308130,생필품,2025-01-22
2233,,입금,596243,기타,2025-01-26
2234,,출금,295668,문화생활/여가,2025-06-12
2235,,입금,162435,부수입,2025-04-13
2236,,출금,278200,기타,2025-07-30
2237,,출금,131992,생필품,2025-07-05
2238,,출금,86804,생필품,2025-02-11
2239,,출금,141918,기타,2025-02-23
2240,,출금,98736,주거/공과금,2025-03-28
2241,,출금,126501,문화생활/여가,2025-04-11
2242,,출금,164693,문화생활/여가,2025-07-24
2243,,출금,326224,의료/건강,2025-03-30
2244,,입금,1567732,부수입,2025-01-31
2245,,출금,30417,주거/공과금,2025-05-31
2246,,입금,1764126,월급,2025-05-14
2247,,출금,124125,생필품,2025-02-17
2248,,입금,936703,기타,2025-05-28
2249,,입금,326149,기타,2025-04-01
2250,,출금,41828,기타,2025-06-22
2251,,출금,445241,생필품,2025-05-21
2252,,출금,376271,주거/공과금,2025-01-26
2253,,출금,69402,패션/미용,2025-07-28
2254,,출금,299169,문화생활/여가,2025-05-29
2255,,입금,1920833,월급,2025-07-25
2256,,출금,464061,주거/공과금,2025-04-10
2257,,입금,2453748,월급,2025-06-01
2258,,출금,346478,주거/공과금,2025-02-26
2259,,입금,167014,부수입,2025-03-16
2260,,출금,326708,의료/건강,2025-02-07
2261,,출금,386381,교통비,2025-03-26
2262,,출금,69839,주거/공과금,2025-01-04
2263,,출금,348292,기타,2025-05-09
2264,,입금,2498547,기타,2025-07-16
2265,,입금,1806277,부수입,2025-03-10
2266,,입금,1834367,월급,2025-02-11
2267,,입금,84783,월급,2025-07-07
2268,,출금,318428,생필품,2025-07-27
2269,,입금,1233119,부수입,2025-05-30
2270,,출금,63922,주거/공과금,2025-01-10
2271,,입금,1403703,월급,2025-05-08
2272,,출금,252104,교통비,2025-05-28
2273,,입금,2263195,기타,2025-05-09
2274,,출금,34387,의료/건강,2025-04-29
2275,,출금,301933,기타,2025-01-06
2276,,출금,379754,주거/공과금,2025-07-23
2277,,입금,1001246,월급,2025-02-27
2278,,출금,371185,교통비,2025-01-11
2279,,출금,482100,식비,2025-03-03
2280,,출금,468846,기타,2025-05-29
2281,,출금,478629,기타,2025-02-04
2282,,출금,166083,생필품,2025-07-06
2283,,출금,379539,교통비,2025-06-04
2284,,출금,208714,교통비,2025-03-05
2285,,입금,1383103,부수입,2025-06-13
2286,,입금,817748,부수입,2025-01-14
2287,,출금,235170,식비,2025-01-07
2288,,출금,285718,교통비,2025-06-26
2289,,출금,379372,식비,2025-05-20
2290,,입금,286305,부수입,2025-05-23
2291,,출금,48857,의료/건강,2025-05-27
2292,,출금,143135,문화생활/여가,2025-02-20
2293,,출금,250022,식비,2025-05-07
2294,,출금,397492,기타,2025-03-26
2295,,출금,332594,주거/공과금,2025-06-05
2296,,출금,47770,문화생활/여가,2025-04-21
2297,,출금,161549,식비,2025-02-06
2298,,출금,290144,교통비,2025-05-29
2299,,입금,432474,월급,2025-01-30
2300,,출금,417769,의료/건강,2025-06-17
2301,,출금,343514,생필품,2025-05-02
2302,,출금,120890,패션/미용,2025-06-29
2303,,출금,457758,생필품,2025-03-06
2304,,입금,2173747,부수입,2025-04-15
2305,,출금,64723,의료/건강,2025-07-20
2306,,입금,1115618,부수입,2025-03-22
2307,,출금,486788,주거/공과금,2025-05-09
2308,,출금,65426,의료/건강,2025-03-27
2309,,출금,39029,교통비,2025-02-16
2310,,출금,171122,기타,2025-05-24
2311,,출금,444965,기타,2025-04-26
2312,,출금,429446,생필품,2025-06-23
2313,,입금,561702,월급,2025-06-25
2314,,입금,990421,월급,2025-01-15
2315,,입금,1288905,기타,2025-01-02
2316,,출금,382110,주거/공과금,2025-02-04
2317,,출금,330311,주거/공과금,2025-07-03
2318,,입금,2226568,기타,2025-05-08
2319,,입금,59781,월급,2025-04-03
2320,,입금,2439039,부수입,2025-05-04
2321,,출금,351803,생필품,2025-05-13
2322,,출금,208022,문화생활/여가,2025-02-26
2323,,출금,409289,주거/공과금,2025-07-15
2324,,출금,96462,주거/공과금,2025-05-29
2325,,입금,1939530,부수입,2025-01-27
2326,,입금,394794,부수입,2025-04-18
2327,,출금,405803,식비,2025-07-10
2328,,출금,57418,기타,2025-05-26
2329,,출금,20193,기타,2025-05-11
2330,,출금,82910,기타,2025-01-22
2331,,출금,382675,생필품,2025-01-06
2332,,출금,239668,식비,2025-02-16
2333,,출금,263071,식비,2025-05-27
2334,,출금,237991,식비,2025-03-05
2335,,출금,18935,식비,2025-03-11
2336,,출금,235828,문화생활/여가,2025-03-20
2337,,출금,167151,문화생활/여가,2025-01-17
2338,,출금,163895,의료/건강,2025-01-25
2339,,출금,311278,주거/공과금,2025-01-14
2340,,입금,292589,기타,2025-01-09
2341,,입금,352028,기타,2025-02-09
2342,,입금,2157080,기타,2025-02-12
2343,,출금,241269,패션/미용,2025-05-25
2344,,출금,341504,기타,2025-06-02
2345,,출금,187844,의료/건강,2025-06-30
2346,,입금,1300042,기타,2025-03-28
2347,,출금,497691,패션/미용,2025-01-03
2348,,출금,320104,의료/건강,2025-06-25
2349,,출금,230799,식비,2025-03-11
2350,,출금,6397,문화생활/여가,2025-05-18
2351,,입금,2155783,기타,2025-05-09
2352,,입금,1909471,기타,2025-06-12
2353,,출금,227435,기타,2025-03-20
2354,,출금,67458,의료/건강,2025-07-01
2355,,출금,452753,패션/미용,2025-02-13
2356,,출금,457547,의료/건강,2025-01-06
2357,,입금,2250293,기타,2025-03-05
2358,,출금,358368,식비,2025-05-08
2359,,입금,464737,부수입,2025-04-17
2360,,출금,349833,주거/공과금,2025-06-19
2361,,출금,225456,식비,2025-03-28
2362,,출금,168775,의료/건강,2025-01-24
2363,,출금,468687,의료/건강,2025-04-17
2364,,출금,212505,패션/미용,2025-04-16
2365,,출금,312210,교통비,2025-01-31
2366,,출금,448352,패션/미용,2025-07-24
2367,,출금,267196,기타,2025-06-15
2368,,출금,470147,패션/미용,2025-07-27
2369,,출금,24716,생필품,2025-03-09
2370,,출금,15242,의료/건강,2025-06-07
2371,,출금,253320,교통비,2025-03-22
2372,,출금,156894,식비,2025-07-18
2373,,입금,662055,월급,2025-07-10
2374,,출금,477450,주거/공과금,2025-04-19
2375,,입금,1216731,월급,2025-06-30
2376,,출금,42596,식비,2025-01-20
2377,,출금,198734,생필품,2025-01-09
2378,,출금,352939,교통비,2025-05-18
2379,,출금,209795,의료/건강,2025-01-06
2380,,입금,1397504,부수입,2025-02-23
2381,,입금,1193340,월급,2025-07-16
2382,,입금,1383980,기타,2025-06-11
2383,,입금,792776,부수입,2025-07-13
2384,,출금,439247,식비,2025-01-05
2385,,출금,128931,문화생활/여가,2025-07-06
2386,,입금,1889251,부수입,2025-07-04
2387,,출금,62132,패션/미용,2025-01-27
2388,,출금,107123,교통비,2025-02-09
2389,,출금,292711,패션/미용,2025-03-09
2390,,출금,193723,주거/공과금,2025-06-09
2391,,출금,363331,식비,2025-01-02
2392,,출금,376311,생필품,2025-06-21
2393,,출금,163321,의료/건강,2025-07-27
2394,,출금,369672,의료/건강,2025-01-09
2395,,출금,203948,주거/공과금,2025-02-15
2396,,출금,297348,생필품,2025-01-30
2397,,출금,494309,패션/미용,2025-04-08
2398,,입금,1075961,기타,2025-04-02
2399,,입금,907042,월급,2025-03-12
2400,,출금,365972,패션/미용,2025-04-10
2401,,입금,2274173,월급,2025-01-28
2402,,입금,2202996,월급,2025-05-02
2403,,출금,7023,기타,2025-04-24
2404,,입금,2261330,월급,2025-05-30
2405,,출금,477738,기타,2025-07-10
2406,,출금,219415,생필품,2025-03-26
2407,,출금,487583,식비,2025-03-28
2408,,출금,465555,기타,2025-05-08
2409,,입금,968712,월급,2025-05-10
2410,,출금,49276,기타,2025-01-06
2411,,출금,99460,문화생활/여가,2025-01-11
2412,,출금,345182,문화생활/여가,2025-04-03
2413,,출금,83757,기타,2025-02-23
2414,,출금,328659,식비,2025-07-29
2415,,출금,378730,교통비,2025-02-20
2416,,출금,65082,기타,2025-05-29
2417,,출금,181083,교통비,2025-04-14
2418,,출금,488404,패션/미용,2025-01-31
2419,,출금,471288,기타,2025-03-05
2420,,출금,442355,패션/미용,2025-04-07
2421,,출금,493018,주거/공과금,2025-07-16
2422,,출금,110070,주거/공과금,2025-03-06
2423,,출금,424281,주거/공과금,2025-06-16
2424,,출금,62744,기타,2025-03-06
2425,,입금,706873,월급,2025-03-15
2426,,출금,314900,패션/미용,2025-06-06
2427,,출금,325511,주거/공과금,2025-03-08
2428,,출금,459348,주거/공과금,2025-01-27
2429,,출금,313032,의료/건강,2025-04-04
2430,,출금,319688,의료/건강,2025-04-18
2431,,입금,2484660,기타,2025-05-18
2432,,출금,363478,의료/건강,2025-03-21
2433,,출금,239140,생필품,2025-01-19
2434,,출금,242003,패션/미용,2025-02-21
2435,,입금,1185845,부수입,2025-02-14
2436,,입금,311333,월급,2025-03-25
2437,,출금,123405,교통비,2025-01-14
2438,,입금,1340344,부수입,2025-01-21
2439,,출금,240868,교통비,2025-01-02
2440,,출금,331267,주거/공과금,2025-01-26
2441,,출금,427980,기타,2025-02-02
2442,,출금,453456,의료/건강,2025-03-29
2443,,출금,442451,문화생활/여가,2025-05-03
2444,,출금,266898,의료/건강,2025-04-04
2445,,출금,119975,문화생활/여가,2025-05-08
2446,,출금,242239,기타,2025-03-29
2447,,출금,449013,주거/공과금,2025-06-12
2448,,출금,228891,교통비,2025-04-02
2449,,출금,18768,식비,2025-06-18
2450,,입금,1225481,기타,2025-03-10
2451,,출금,5086,기타,2025-01-13
2452,,입금,1876657,부수입,2025-01-27
2453,,출금,356943,문화생활/여가,2025-07-25
2454,,출금,243402,주거/공과금,2025-04-06
2455,,출금,101159,생필품,2025-05-27
2456,,입금,896826,기타,2025-01-07
2457,,출금,347230,주거/공과금,2025-04-30
2458,,입금,1160773,월급,2025-01-22
2459,,출금,187027,패션/미용,2025-01-21
2460,,입금,401997,기타,2025-02-03
2461,,출금,119774,주거/공과금,2025-03-11
2462,,출금,419498,문화생활/여가,2025-06-24
2463,,출금,7517,식비,2025-01-30
2464,,입금,326875,기타,2025-04-23
2465,,입금,301566,부수입,2025-02-17
2466,,입금,518237,월급,2025-05-20
2467,,입금,1566790,기타,2025-01-19
2468,,출금,434687,패션/미용,2025-05-15
2469,,출금,364780,식비,2025-01-08
2470,,출금,271566,패션/미용,2025-01-10
2471,,입금,866393,기타,2025-02-26
2472,,입금,1936382,월급,2025-06-25
2473,,출금,385249,생필품,2025-01-08
2474,,출금,189248,교통비,2025-03-13
2475,,입금,1562984,월급,2025-03-06
2476,,출금,7113,생필품,2025-05-01
2477,,출금,142667,식비,2025-02-07
2478,,입금,2015768,월급,2025-07-07
2479,,출금,52972,식비,2025-03-27
2480,,출금,137452,교통비,2025-02-24
2481,,입금,1286177,월급,2025-02-19
2482,,입금,1209825,부수입,2025-03-31
2483,,출금,5219,교통비,2025-07-03
2484,,출금,97852,생필품,2025-02-16
2485,,입금,1758577,월급,2025-05-17
2486,,출금,488823,의료/건강,2025-02-13
2487,,출금,311212,생필품,2025-05-05
2488,,입금,96326,기타,2025-05-15
2489,,출금,262153,생필품,2025-01-25
2490,,입금,1306285,부수입,2025-06-07
2491,,출금,167865,생필품,2025-06-17
2492,,입금,1510033,부수입,2025-05-04
2493,,출금,198459,기타,2025-01-08
2494,,입금,248884,부수입,2025-05-03
2495,,출금,70219,주거/공과금,2025-01-22
2496,,입금,1215449,월급,2025-04-25
2497,,출금,113681,의료/건강,2025-02-28
2498,,입금,1195198,기타,2025-07-30
2499,,출금,27848,문화생활/여가,2025-03-14
2500,,출금,452238,식비,2025-02-23
2501,,입금,189371,월급,2025-01-03
2502,,입금,703346,기타,2025-05-02
2503,,입금,510440,기타,2025-05-27
2504,,출금,496254,문화생활/여가,2025-01-21
2505,,입금,411661,월급,2025-03-10
2506,,출금,372703,의료/건강,2025-06-19
2507,,출금,150515,생필품,2025-07-24
2508,,입금,424847,기타,2025-05-01
2509,,입금,1372849,기타,2025-02-04
2510,,입금,2466145,월급,2025-03-05
2511,,출금,186608,생필품,2025-01-17
2512,,출금,64102,생필품,2025-01-12
2513,,출금,289349,교통비,2025-02-04
2514,,출금,388413,교통비,2025-02-21
2515,,입금,2026697,부수입,2025-07-13
2516,,출금,274657,식비,2025-04-17
2517,,출금,110238,식비,2025-01-20
2518,,출금,236322,문화생활/여가,2025-04-07
2519,,출금,353279,교통비,2025-06-11
2520,,입금,1937584,부수입,2025-06-07
2521,,출금,390007,주거/공과금,2025-03-27
2522,,출금,177630,식비,2025-05-14
2523,,입금,1578254,기타,2025-04-14
2524,,출금,381534,교통비,2025-07-03
2525,,출금,418847,주거/공과금,2025-07-26
2526,,입금,1044723,부수입,2025-04-01
2527,,입금,1441943,부수입,2025-06-05
2528,,출금,352415,교통비,2025-05-08
2529,,출금,166659,식비,2025-04-08
2530,,입금,2128807,기타,2025-04-27
2531,,출금,338407,생필품,2025-06-05
2532,,출금,199464,의료/건강,2025-06-27
2533,,출금,85415,교통비,2025-06-29
2534,,출금,377012,의료/건강,2025-07-16
2535,,출금,406096,기타,2025-04-15
2536,,출금,259627,교통비,2025-03-18
2537,,입금,1489014,부수입,2025-05-21
2538,,입금,1678722,월급,2025-02-26
2539,,출금,119317,문화생활/여가,2025-01-01
2540,,출금,325288,교통비,2025-05-06
2541,,출금,252544,교통비,2025-03-02
2542,,출금,163511,기타,2025-03-28
2543,,입금,1409235,기타,2025-04-10
2544,,출금,236777,식비,2025-04-01
2545,,입금,1564619,기타,2025-03-22
2546,,출금,238281,교통비,2025-07-29
2547,,출금,44527,교통비,2025-07-07
2548,,출금,418837,문화생활/여가,2025-02-06
2549,,출금,397193,생필품,2025-05-11
2550,,출금,297882,패션/미용,2025-03-02
2551,,출금,458984,식비,2025-03-16
2552,,출금,142265,교통비,2025-02-25
2553,,출금,423865,교통비,2025-04-18
2554,,출금,470352,패션/미용,2025-03-21
2555,,출금,486115,문화생활/여가,2025-03-19
2556,,출금,260048,패션/미용,2025-01-27
2557,,입금,2410300,부수입,2025-05-08
2558,,출금,305223,식비,2025-05-21
2559,,입금,2489673,부수입,2025-02-20
2560,,입금,1595896,부수입,2025-05-31
2561,,출금,3465,주거/공과금,2025-01-13
2562,,출금,25414,생필품,2025-07-21
2563,,출금,139277,주거/공과금,2025-03-24
2564,,입금,579221,기타,2025-01-22
2565,,출금,481225,교통비,2025-01-14
2566,,입금,877109,기타,2025-01-30
2567,,출금,235999,주거/공과금,2025-03-15
2568,,출금,270190,생필품,2025-03-13
2569,,출금,423661,주거/공과금,2025-07-22
2570,,출금,133656,생필품,2025-01-16
2571,,입금,733438,기타,2025-07-20
2572,,입금,2342067,부수입,2025-02-25
2573,,입금,1035705,월급,2025-07-01
2574,,출금,27844,생필품,2025-07-03
2575,,출금,27946,생필품,2025-03-19
2576,,출금,186335,기타,2025-05-24
2577,,입금,1853222,부수입,2025-03-27
2578,,출금,97495,주거/공과금,2025-07-24
2579,,출금,56747,교통비,2025-05-05
2580,,출금,456536,주거/공과금,2025-04-06
2581,,출금,94838,주거/공과금,2025-06-25
2582,,입금,90990,월급,2025-02-02
2583,,입금,971751,부수입,2025-07-03
2584,,출금,475506,주거/공과금,2025-05-07
2585,,출금,108153,의료/건강,2025-02-11
2586,,출금,296552,패션/미용,2025-05-05
2587,,출금,379683,의료/건강,2025-01-20
2588,,출금,281863,의료/건강,2025-05-24
2589,,출금,246708,식비,2025-03-06
2590,,출금,199105,패션/미용,2025-03-19
2591,,출금,51940,주거/공과금,2025-07-18
2592,,출금,91568,주거/공과금,2025-07-15
2593,,출금,482542,교통비,2025-02-03
2594,,출금,211466,교통비,2025-04-20
2595,,출금,390227,생필품,2025-04-12
2596,,출금,87282,생필품,2025-05-15
2597,,입금,1886061,부수입,2025-06-13
2598,,출금,350204,주거/공과금,2025-04-25
2599,,출금,14895,생필품,2025-06-13
2600,,출금,217445,교통비,2025-02-18
2601,,입금,993232,월급,2025-01-11
2602,,입금,2487215,월급,2025-01-24
2603,,출금,231792,교통비,2025-05-08
2604,,입금,884719,기타,2025-02-10
2605,,입금,538978,월급,2025-05-09
2606,,입금,140251,기타,2025-01-16
2607,,입금,781522,월급,2025-02-11
2608,,출금,38819,교통비,2025-06-10
2609,,출금,306260,교통비,2025-02-19
2610,,입금,1618730,기타,2025-06-29
2611,,출금,181947,주거/공과금,2025-04-10
2612,,출금,353482,주거/공과금,2025-07-24
2613,,출금,445862,주거/공과금,2025-03-18
2614,,출금,278266,식비,2025-04-18
2615,,출금,460419,주거/공과금,2025-02-07
2616,,출금,117175,생필품,2025-06-23
2617,,출금,479904,패션/미용,2025-05-29
2618,,출금,441871,교통비,2025-05-24
2619,,입금,1346011,부수입,2025-01-27
2620,,출금,244699,패션/미용,2025-03-29
2621,,출금,30386,패션/미용,2025-01-29
2622,,출금,73317,기타,2025-05-27
2623,,출금,10928,의료/건강,2025-01-26
2624,,출금,72911,패션/미용,2025-03-21
2625,,출금,316238,교통비,2025-02-10
2626,,출금,474215,의료/건강,2025-02-28
2627,,출금,334129,식비,2025-07-27
2628,,입금,1123175,부수입,2025-01-07
2629,,출금,218792,교통비,2025-02-28
2630,,출금,298781,주거/공과금,2025-07-06
2631,,입금,2167822,기타,2025-02-07
2632,,출금,393629,교통비,2025-01-24
2633,,출금,406702,문화생활/여가,2025-02-14
2634,,출금,22781,식비,2025-05-19
2635,,입금,1450470,월급,2025-03-20
2636,,출금,288920,패션/미용,2025-05-21
2637,,출금,330021,의료/건강,2025-06-07
2638,,출금,353725,주거/공과금,2025-05-17
2639,,입금,2033824,월급,2025-02-25
2640,,출금,21774,기타,2025-03-27
2641,,출금,392575,기타,2025-01-01
2642,,출금,8169,패션/미용,2025-07-27
2643,,입금,1370633,부수입,2025-05-21
2644,,출금,252561,생필품,2025-01-22
2645,,출금,181875,교통비,2025-06-21
2646,,입금,2177029,기타,2025-01-10
2647,,출금,274189,패션/미용,2025-02-25
2648,,출금,466521,식비,2025-06-03
2649,,출금,411402,주거/공과금,2025-01-12
2650,,입금,1522455,월급,2025-01-26
2651,,입금,1294485,부수입,2025-01-20
2652,,출금,355987,패션/미용,2025-05-20
2653,,출금,312099,기타,2025-01-31
2654,,출금,436972,패션/미용,2025-02-11
2655,,출금,326719,주거/공과금,2025-04-25
2656,,출금,271828,의료/건강,2025-04-10
2657,,출금,430705,식비,2025-06-16
2658,,입금,2209655,기타,2025-03-25
2659,,출금,144000,문화생활/여가,2025-01-16
2660,,출금,466775,문화생활/여가,2025-05-09
2661,,입금,1571303,기타,2025-04-30
2662,,출금,329013,패션/미용,2025-02-03
2663,,출금,405517,교통비,2025-06-28
2664,,입금,1350650,부수입,2025-07-24
2665,,출금,433679,교통비,2025-01-05
2666,,출금,280895,패션/미용,2025-03-26
2667,,출금,313918,패션/미용,2025-04-21
2668,,입금,646241,월급,2025-03-26
2669,,출금,472600,패션/미용,2025-07-30
2670,,출금,165743,의료/건강,2025-03-05
2671,,출금,275654,주거/공과금,2025-03-09
2672,,출금,30867,패션/미용,2025-03-26
2673,,출금,248149,생필품,2025-02-24
2674,,출금,426206,주거/공과금,2025-07-14
2675,,입금,1091141,기타,2025-02-05
2676,,출금,307204,문화생활/여가,2025-03-30
2677,,출금,93981,문화생활/여가,2025-01-31
2678,,입금,1968913,월급,2025-01-10
2679,,입금,1517326,월급,2025-06-23
2680,,입금,1068349,부수입,2025-07-01
2681,,입금,82365,월급,2025-07-22
2682,,입금,164324,부수입,2025-03-15
2683,,출금,359298,교통비,2025-07-09
2684,,출금,40955,식비,2025-01-28
2685,,출금,31908,의료/건강,2025-05-11
2686,,입금,1837925,기타,2025-04-01
2687,,출금,484692,식비,2025-01-12
2688,,출금,449934,교통비,2025-05-23
2689,,출금,196555,생필품,2025-06-23
2690,,입금,2431490,기타,2025-04-28
2691,,출금,337846,주거/공과금,2025-06-05
2692,,출금,367153,교통비,2025-04-29
2693,,출금,112752,생필품,2025-03-05
2694,,출금,249356,패션/미용,2025-07-10
2695,,출금,147908,식비,2025-01-06
2696,,출금,121892,생필품,2025-03-12
2697,,출금,52706,의료/건강,2025-05-06
2698,,출금,135747,식비,2025-03-31
2699,,입금,2028034,기타,2025-07-21
2700,,입금,607818,부수입,2025-04-30
2701,,출금,208882,생필품,2025-03-29
2702,,입금,2127208,기타,2025-05-12
2703,,출금,207757,의료/건강,2025-04-22
2704,,출금,437256,기타,2025-06-30
2705,,출금,152589,생필품,2025-01-04
2706,,출금,334234,생필품,2025-06-16
2707,,출금,290990,주거/공과금,2025-01-28
2708,,출금,404492,기타,2025-02-15
2709,,입금,823054,기타,2025-03-13
2710,,입금,2300889,부수입,2025-03-27
2711,,출금,342930,기타,2025-04-28
2712,,입금,449243,부수입,2025-01-26
2713,,출금,235343,교통비,2025-07-23
2714,,출금,17413,생필품,2025-03-18
2715,,출금,244743,기타,2025-05-31
2716,,출금,154471,교통비,2025-04-01
2717,,출금,410379,생필품,2025-07-17
2718,,입금,849248,월급,2025-02-13
2719,,출금,29569,교통비,2025-07-17
2720,,입금,1126238,월급,2025-02-01
2721,,출금,137010,생필품,2025-03-11
2722,,출금,300955,문화생활/여가,2025-07-01
2723,,입금,376394,기타,2025-04-24
2724,,출금,203495,생필품,2025-02-05
2725,,입금,385727,기타,2025-04-03
2726,,입금,1710162,기타,2025-06-13
2727,,출금,450782,교통비,2025-04-18
2728,,출금,141463,기타,2025-07-16
2729,,입금,611361,기타,2025-03-02
2730,,입금,219843,기타,2025-03-10
2731,,입금,468680,부수입,2025-01-11
2732,,출금,498156,문화생활/여가,2025-06-11
2733,,출금,304754,생필품,2025-06-23
2734,,출금,455916,문화생활/여가,2025-06-15
2735,,출금,442557,생필품,2025-03-26
2736,,출금,460649,문화생활/여가,2025-05-24
2737,,출금,259439,교통비,2025-03-06
2738,,출금,15373,생필품,2025-07-04
2739,,출금,48912,식비,2025-05-27
2740,,입금,1242212,월급,2025-03-19
2741,,출금,343633,생필품,2025-04-11
2742,,출금,478915,생필품,2025-06-10
2743,,출금,499436,패션/미용,2025-03-20
2744,,입금,1391134,부수입,2025-03-14
2745,,출금,313297,의료/건강,2025-02-10
2746,,출금,460784,주거/공과금,2025-04-04
2747,,입금,1631634,기타,2025-06-04
2748,,출금,307926,문화생활/여가,2025-01-08
2749,,출금,253388,교통비,2025-03-26
2750,,출금,157049,식비,2025-01-16
2751,,출금,167232,패션/미용,2025-03-04
2752,,출금,374430,생필품,2025-02-02
2753,,출금,81893,의료/건강,2025-05-10
2754,,출금,293655,문화생활/여가,2025-05-22
2755,,입금,864297,부수입,2025-01-13
2756,,입금,908484,월급,2025-06-22
2757,,출금,260021,문화생활/여가,2025-03-16
2758,,출금,459283,주거/공과금,2025-03-04
2759,,출금,161075,기타,2025-07-02
2760,,입금,307696,부수입,2025-03-11
2761,,입금,544665,기타,2025-01-22
2762,,출금,298104,주거/공과금,2025-07-04
2763,,출금,97980,패션/미용,2025-03-07
2764,,출금,300073,생필품,2025-05-30
2765,,출금,140244,주거/공과금,2025-04-27
2766,,출금,197962,교통비,2025-06-18
2767,,출금,106105,식비,2025-05-14
2768,,입금,584239,월급,2025-07-12
2769,,출금,340104,생필품,2025-06-23
2770,,입금,2371119,월급,2025-03-13
2771,,출금,71506,식비,2025-02-15
2772,,입금,774090,기타,2025-03-27
2773,,출금,200086,문화생활/여가,2025-04-17
2774,,입금,663659,부수입,2025-01-24
2775,,출금,67223,식비,2025-02-09
2776,,출금,467291,생필품,2025-04-20
2777,,출금,44021,의료/건강,2025-06-23
2778,,출금,179001,식비,2025-04-24
2779,,출금,398371,주거/공과금,2025-03-12
2780,,출금,453020,생필품,2025-07-08
2781,,출금,673,기타,2025-07-12
2782,,출금,445454,패션/미용,2025-03-25
2783,,출금,43847,주거/공과금,2025-02-20
2784,,출금,28303,생필품,2025-02-06
2785,,출금,273619,생필품,2025-07-07
2786,,입금,2262006,부수입,2025-04-19
2787,,입금,2059457,부수입,2025-06-14
2788,,출금,149944,생필품,2025-03-15
2789,,입금,1281037,부수입,2025-05-15
2790,,입금,917515,부수입,2025-05-04
2791,,출금,442527,패션/미용,2025-06-22
2792,,출금,363814,생필품,2025-02-27
2793,,입금,1661480,월급,2025-02-10
2794,,출금,271062,의료/건강,2025-03-27
2795,,입금,1744211,부수입,2025-07-22
2796,,입금,1413548,기타,2025-04-10
2797,,입금,389303,월급,2025-06-18
2798,,출금,266502,식비,2025-05-09
2799,,출금,30786,식비,2025-01-26
2800,,출금,211111,식비,2025-05-29
2801,,출금,176828,주거/공과금,2025-05-10
2802,,입금,1218073,부수입,2025-02-22
2803,,출금,199630,교통비,2025-04-12
2804,,출금,357595,교통비,2025-03-09
2805,,입금,401273,월급,2025-07-20
2806,,출금,183961,교통비,2025-06-27
2807,,출금,265470,패션/미용,2025-07-24
2808,,출금,115369,주거/공과금,2025-05-22
2809,,입금,1240066,부수입,2025-05-17
2810,,출금,164777,교통비,2025-05-20
2811,,출금,353910,패션/미용,2025-07-12
2812,,출금,101921,생필품,2025-02-17
2813,,입금,1522448,기타,2025-05-01
2814,,입금,2372437,기타,2025-04-06
2815,,출금,393406,교통비,2025-01-24
2816,,출금,69944,식비,2025-01-24
2817,,출금,377339,문화생활/여가,2025-02-05
2818,,출금,79722,식비,2025-03-02
2819,,입금,2205028,월급,2025-05-16
2820,,입금,1955122,월급,2025-05-18
2821,,출금,259685,패션/미용,2025-05-06
2822,,출금,128806,주거/공과금,2025-04-23
2823,,출금,290953,생필품,2025-03-24
2824,,출금,307587,문화생활/여가,2025-05-20
2825,,입금,502323,기타,2025-02-22
2826,,입금,1979699,월급,2025-04-22
2827,,출금,365126,문화생활/여가,2025-06-28
2828,,출금,275361,문화생활/여가,2025-05-31
2829,,출금,454531,주거/공과금,2025-01-17
2830,,출금,271174,패션/미용,2025-05-20
2831,,입금,658251,월급,2025-02-15
2832,,출금,427281,식비,2025-06-18
2833,,출금,104594,교통비,2025-01-27
2834,,입금,1743250,기타,2025-05-16
2835,,출금,495937,문화생활/여가,2025-05-16
2836,,출금,191003,문화생활/여가,2025-07-28
2837,,출금,20227,의료/건강,2025-03-04
2838,,출금,108329,의료/건강,2025-02-22
2839,,출금,214780,식비,2025-06-29
2840,,출금,497785,의료/건강,2025-06-21
2841,,출금,170321,문화생활/여가,2025-01-17
2842,,출금,311816,의료/건강,2025-06-18
2843,,출금,227154,식비,2025-02-11
2844,,입금,952787,기타,2025-05-25
2845,,출금,150817,의료/건강,2025-04-04
2846,,출금,439311,교통비,2025-04-06
2847,,출금,480584,생필품,2025-01-24
2848,,출금,207610,생필품,2025-07-20
2849,,입금,610239,부수입,2025-04-09
2850,,출금,351790,생필품,2025-07-04
2851,,출금,333816,의료/건강,2025-07-27
2852,,입금,1241010,부수입,2025-01-19
2853,,입금,894915,기타,2025-02-01
2854,,출금,205519,패션/미용,2025-03-22
2855,,입금,955775,부수입,2025-05-19
2856,,출금,146988,기타,2025-07-06
2857,,출금,497486,의료/건강,2025-04-20
2858,,출금,43751,주거/공과금,2025-07-18
2859,,입금,451305,부수입,2025-02-20
2860,,출금,198048,교통비,2025-07-28
2861,,출금,234420,패션/미용,2025-01-05
2862,,출금,417155,문화생활/여가,2025-02-08
2863,,출금,6157,교통비,2025-06-06
2864,,출금,312019,의료/건강,2025-01-23
2865,,출금,361391,식비,2025-07-30
2866,,출금,497140,문화생활/여가,2025-03-24
2867,,출금,123659,문화생활/여가,2025-07-27
2868,,출금,285099,의료/건강,2025-03-03
2869,,출금,485320,식비,2025-05-12
2870,,출금,261581,교통비,2025-05-06
2871,,입금,1081557,월급,2025-02-25
2872,,출금,243362,패션/미용,2025-01-03
2873,,출금,12055,생필품,2025-05-18
2874,,출금,395098,기타,2025-05-11
2875,,출금,440721,교통비,2025-07-21
2876,,입금,1754011,부수입,2025-04-10
2877,,입금,1986069,부수입,2025-03-18
2878,,출금,228861,기타,2025-01-24
2879,,입금,1740777,기타,2025-04-29
2880,,출금,354171,교통비,2025-07-19
2881,,출금,30485,생필품,2025-06-18
2882,,출금,208898,식비,2025-07-07
2883,,입금,2407740,월급,2025-07-15
2884,,출금,10080,의료/건강,2025-07-30
2885,,출금,191050,의료/건강,2025-01-18
2886,,입금,2048790,월급,2025-03-29
2887,,출금,10739,교통비,2025-04-22
2888,,출금,85575,교통비,2025-07-30
2889,,입금,1937959,기타,2025-03-22
2890,,입금,844159,월급,2025-01-22
2891,,출금,144949,기타,2025-02-16
2892,,출금,235843,교통비,2025-06-26
2893,,출금,396816,주거/공과금,2025-01-25
2894,,출금,129357,기타,2025-01-21
2895,,출금,202740,패션/미용,2025-02-22
2896,,입금,2158914,부수입,2025-05-16
2897,,출금,53760,의료/건강,2025-05-24
2898,,출금,378700,기타,2025-04-28
2899,,입금,858800,부수입,2025-03-01
2900,,출금,449960,문화생활/여가,2025-05-07
2901,,입금,1078326,월급,2025-07-15
2902,,출금,303439,식비,2025-02-04
2903,,출금,147197,생필품,2025-07-09
2904,,출금,262191,생필품,2025-02-02
2905,,출금,405461,주거/공과금,2025-01-01
2906,,출금,396728,기타,2025-02-25
2907,,출금,446639,교통비,2025-01-07
2908,,출금,198407,주거/공과금,2025-06-13
2909,,입금,382755,기타,2025-07-19
2910,,입금,2474901,기타,2025-07-06
2911,,출금,17491,교통비,2025-01-27
2912,,입금,1045723,부수입,2025-05-16
2913,,입금,571658,부수입,2025-07-11
2914,,출금,9984,식비,2025-05-22
2915,,출금,346793,기타,2025-03-15
2916,,출금,436190,패션/미용,2025-02-03
2917,,출금,459058,교통비,2025-02-05
2918,,출금,405721,주거/공과금,2025-02-20
2919,,출금,9753,패션/미용,2025-04-25
2920,,입금,1479814,부수입,2025-06-03
2921,,출금,275391,식비,2025-06-12
2922,,출금,177930,기타,2025-02-05
2923,,출금,235098,의료/건강,2025-01-01
2924,,출금,345629,생필품,2025-02-15
2925,,출금,417622,기타,2025-05-28
2926,,출금,154363,교통비,2025-06-05
2927,,출금,343460,문화생활/여가,2025-03-17
2928,,출금,193122,주거/공과금,2025-01-28
2929,,출금,121712,문화생활/여가,2025-01-22
2930,,출금,414759,식비,2025-05-06
2931,,입금,2295891,월급,2025-05-18
2932,,입금,1607912,기타,2025-02-15
2933,,출금,302666,패션/미용,2025-05-16
2934,,출금,179531,주거/공과금,2025-04-21
2935,,출금,496883,문화생활/여가,2025-03-25
2936,,출금,88856,생필품,2025-04-06
2937,,출금,195849,생필품,2025-02-20
2938,,입금,2406159,부수입,2025-01-16
2939,,출금,245252,주거/공과금,2025-05-27
2940,,출금,373187,기타,2025-01-30
2941,,입금,390367,월급,2025-03-26
2942,,출금,397509,기타,2025-01-08
2943,,출금,474826,의료/건강,2025-03-03
2944,,입금,2183181,부수입,2025-07-19
2945,,입금,182069,월급,2025-06-23
2946,,출금,318400,생필품,2025-05-11
2947,,출금,263248,교통비,2025-04-09
2948,,출금,139314,주거/공과금,2025-04-14
2949,,출금,2543,식비,2025-07-15
2950,,입금,910661,부수입,2025-07-27
2951,,출금,401123,의료/건강,2025-02-01
2952,,출금,244290,생필품,2025-07-12
2953,,출금,100410,생필품,2025-05-21
2954,,출금,370689,의료/건강,2025-02-25
2955,,출금,159052,패션/미용,2025-05-02
2956,,입금,301985,부수입,2025-03-14
2957,,입금,220927,기타,2025-05-29
2958,,출금,379257,생필품,2025-02-10
2959,,출금,362076,패션/미용,2025-04-24
2960,,입금,1899833,부수입,2025-06-23
2961,,입금,1514201,기타,2025-02-01
2962,,출금,362561,식비,2025-07-12
2963,,입금,1392972,월급,2025-01-20
2964,,출금,2842,의료/건강,2025-05-06
2965,,출금,82952,문화생활/여가,2025-07-27
2966,,출금,118777,주거/공과금,2025-05-16
2967,,입금,1030514,기타,2025-05-02
2968,,출금,227324,주거/공과금,2025-07-15
2969,,입금,1614647,월급,2025-06-26
2970,,출금,407245,교통비,2025-06-15
2971,,출금,141179,교통비,2025-07-05
2972,,출금,168046,주거/공과금,2025-05-28
2973,,출금,117559,생필품,2025-07-07
2974,,입금,1827049,월급,2025-01-28
2975,,입금,1155421,부수입,2025-03-15
2976,,출금,450066,교통비,2025-05-23
2977,,출금,177806,주거/공과금,2025-04-13
2978,,출금,200675,문화생활/여가,2025-02-12
2979,,입금,1958248,기타,2025-04-13
2980,,출금,433807,문화생활/여가,2025-03-22
2981,,입금,2256884,월급,2025-02-24
2982,,출금,442218,문화생활/여가,2025-01-29
2983,,입금,920030,기타,2025-02-09
2984,,입금,1446163,부수입,2025-03-17
2985,,입금,2052745,부수입,2025-01-19
2986,,출금,115465,기타,2025-03-07
2987,,출금,276667,교통비,2025-05-07
2988,,출금,409605,패션/미용,2025-06-04
2989,,출금,267969,패션/미용,2025-04-22
2990,,입금,275855,월급,2025-02-10
2991,,출금,353098,문화생활/여가,2025-06-16
2992,,입금,2397077,부수입,2025-04-05
2993,,입금,90399,월급,2025-06-10
2994,,출금,192176,식비,2025-05-30
2995,,입금,814795,부수입,2025-05-30
2996,,입금,193724,부수입,2025-04-22
2997,,출금,357146,주거/공과금,2025-02-24
2998,,출금,496673,교통비,2025-03-27
2999,,입금,1163191,월급,2025-07-08
3000,,입금,1924501,부수입,2025-07-24
3001,,출금,329464,기타,2025-03-23
3002,,입금,1608763,월급,2025-05-25
3003,,출금,86784,주거/공과금,2025-03-25
3004,,입금,664836,기타,2025-04-19
3005,,출금,174821,주거/공과금,2025-03-02
3006,,출금,253311,식비,2025-02-21
3007,,출금,254562,문화생활/여가,2025-02-03
3008,,출금,69804,패션/미용,2025-01-31
3009,,출금,113024,의료/건강,2025-05-04
3010,,입금,1824779,기타,2025-01-13
3011,,입금,854299,기타,2025-01-21
3012,,출금,209880,주거/공과금,2025-01-26
3013,,입금,1016908,월급,2025-01-15
3014,,입금,575001,월급,2025-05-28
3015,,출금,414692,기타,2025-07-17
3016,,출금,206052,교통비,2025-06-06
3017,,출금,174809,기타,2025-07-29
3018,,출금,241784,교통비,2025-01-28
3019,,입금,2435451,월급,2025-04-29
3020,,출금,394524,기타,2025-04-13
3021,,출금,485329,패션/미용,2025-01-24
3022,,출금,280551,의료/건강,2025-05-17
3023,,출금,47111,식비,2025-01-10
3024,,출금,480676,식비,2025-03-28
3025,,입금,1646568,월급,2025-06-07
3026,,출금,334256,패션/미용,2025-04-09
3027,,출금,45514,교통비,2025-07-28
3028,,출금,343985,생필품,2025-05-30
3029,,출금,262216,문화생활/여가,2025-01-12
3030,,출금,25992,패션/미용,2025-01-24
3031,,출금,326118,생필품,2025-05-13
3032,,출금,397417,패션/미용,2025-01-28
3033,,출금,308286,의료/건강,2025-06-20
3034,,입금,2117572,기타,2025-06-28
3035,,출금,10348,의료/건강,2025-07-02
3036,,출금,92730,식비,2025-07-21
3037,,입금,1802968,월급,2025-02-08
3038,,출금,216689,생필품,2025-04-07
3039,,출금,312736,의료/건강,2025-05-02
3040,,출금,416178,교통비,2025-03-10
3041,,출금,238489,식비,2025-05-29
3042,,출금,158828,식비,2025-07-12
3043,,입금,428650,기타,2025-07-10
3044,,출금,15745,교통비,2025-06-18
3045,,입금,989330,기타,2025-07-07
3046,,입금,1807416,월급,2025-03-31
3047,,입금,1730364,월급,2025-06-23
3048,,출금,382824,교통비,2025-03-31
3049,,출금,379939,교통비,2025-03-12
3050,,입금,449858,부수입,2025-02-18
3051,,입금,1129675,월급,2025-03-23
3052,,출금,55863,기타,2025-07-29
3053,,출금,93122,주거/공과금,2025-05-11
3054,,출금,488245,문화생활/여가,2025-05-08
3055,,입금,1570746,부수입,2025-06-29
3056,,입금,2103119,기타,2025-05-29
3057,,출금,438124,문화생활/여가,2025-03-27
3058,,출금,406375,문화생활/여가,2025-05-06
3059,,출금,51908,생필품,2025-07-18
3060,,출금,264481,문화생활/여가,2025-01-03
3061,,출금,431587,교통비,2025-01-12
3062,,출금,292223,교통비,2025-04-13
3063,,입금,413177,월급,2025-04-24
3064,,출금,92533,문화생활/여가,2025-06-09
3065,,출금,222956,주거/공과금,2025-07-09
3066,,출금,159666,의료/건강,2025-04-29
3067,,입금,2038238,기타,2025-05-13
3068,,입금,625342,부수입,2025-01-15
3069,,출금,389401,문화생활/여가,2025-03-14
3070,,입금,2093489,부수입,2025-03-10
3071,,출금,5929,문화생활/여가,2025-03-29
3072,,출금,266133,기타,2025-01-20
3073,,출금,8229,의료/건강,2025-05-17
3074,,입금,2380594,부수입,2025-03-03
3075,,출금,324881,교통비,2025-03-24
3076,,출금,358001,식비,2025-04-29
3077,,출금,36713,교통비,2025-07-14
3078,,출금,117269,생필품,2025-03-07
3079,,입금,185562,기타,2025-04-17
3080,,출금,29116,기타,2025-07-21
3081,,출금,349148,생필품,2025-07-29
3082,,출금,282356,패션/미용,2025-02-19
3083,,입금,651749,부수입,2025-01-29
3084,,출금,274402,패션/미용,2025-02-08
3085,,출금,114576,식비,2025-05-14
3086,,출금,101136,주거/공과금,2025-06-11
3087,,입금,1704113,월급,2025-02-06
3088,,입금,1267292,월급,2025-04-18
3089,,출금,429109,패션/미용,2025-06-10
3090,,출금,438326,패션/미용,2025-05-29
3091,,입금,92380,부수입,2025-05-23
3092,,출금,116961,패션/미용,2025-06-18
3093,,출금,351254,식비,2025-04-12
3094,,입금,632803,기타,2025-05-04
3095,,출금,323650,생필품,2025-03-12
3096,,출금,237119,의료/건강,2025-03-05
3097,,출금,355039,주거/공과금,2025-02-24
3098,,출금,12017,식비,2025-06-01
3099,,출금,188341,문화생활/여가,2025-03-17
3100,,출금,106952,문화생활/여가,2025-04-25
3101,,출금,339711,의료/건강,2025-04-13
3102,,입금,2264847,부수입,2025-07-18
3103,,출금,411886,생필품,2025-02-04
3104,,출금,28430,생필품,2025-03-10
3105,,입금,837511,부수입,2025-04-22
3106,,출금,488493,생필품,2025-01-23
3107,,입금,1117134,부수입,2025-01-31
3108,,입금,686299,월급,2025-02-15
3109,,출금,274245,교통비,2025-06-26
3110,,출금,97981,기타,2025-06-22
3111,,출금,231944,패션/미용,2025-06-27
3112,,입금,686757,기타,2025-01-26
3113,,출금,489226,문화생활/여가,2025-01-02
3114,,출금,193563,생필품,2025-04-03
3115,,입금,1391244,부수입,2025-01-14
3116,,입금,2329354,기타,2025-02-19
3117,,출금,261485,주거/공과금,2025-01-05
3118,,출금,449380,기타,2025-07-08
3119,,출금,353047,교통비,2025-04-25
3120,,출금,170283,의료/건강,2025-06-28
3121,,출금,303508,패션/미용,2025-06-26
3122,,출금,128329,주거/공과금,2025-02-09
3123,,출금,225359,기타,2025-05-06
3124,,출금,276788,기타,2025-01-11
3125,,출금,107307,기타,2025-07-10
3126,,입금,250798,부수입,2025-06-19
3127,,출금,416898,교통비,2025-02-06
3128,,출금,442567,교통비,2025-01-01
3129,,출금,214828,생필품,2025-07-20
3130,,출금,406706,기타,2025-02-27
3131,,출금,432480,의료/건강,2025-07-12
3132,,입금,639655,기타,2025-04-16
3133,,출금,14149,식비,2025-06-04
3134,,출금,202477,교통비,2025-03-19
3135,,출금,264284,패션/미용,2025-05-19
3136,,출금,108230,기타,2025-03-28
3137,,입금,1150179,기타,2025-02-13
3138,,입금,1921454,부수입,2025-01-24
3139,,출금,148278,기타,2025-07-29
3140,,출금,131027,주거/공과금,2025-01-04
3141,,출금,443451,문화생활/여가,2025-04-16
3142,,출금,260493,생필품,2025-07-09
3143,,출금,459203,문화생활/여가,2025-07-21
3144,,입금,113728,부수입,2025-06-04
3145,,입금,1083694,월급,2025-07-21
3146,,출금,113552,문화생활/여가,2025-05-25
3147,,입금,248931,월급,2025-06-29
3148,,출금,246786,문화생활/여가,2025-02-21
3149,,출금,245976,주거/공과금,2025-06-28
3150,,출금,176485,생필품,2025-01-15
3151,,입금,867721,부수입,2025-02-07
3152,,출금,187278,기타,2025-04-21
3153,,출금,366353,기타,2025-05-06
3154,,출금,185224,기타,2025-04-29
3155,,입금,257410,월급,2025-04-07
3156,,출금,265711,주거/공과금,2025-06-30
3157,,출금,211917,기타,2025-06-07
3158,,출금,179765,식비,2025-03-19
3159,,입금,1739193,월급,2025-05-22
3160,,출금,241279,식비,2025-05-14
3161,,입금,2321487,월급,2025-06-20
3162,,입금,2373185,기타,2025-03-16
3163,,입금,1322070,기타,2025-02-05
3164,,출금,359682,의료/건강,2025-06-18
3165,,출금,415406,문화생활/여가,2025-02-24
3166,,입금,1708931,월급,2025-04-22
3167,,입금,2020746,월급,2025-02-17
3168,,입금,106230,월급,2025-02-03
3169,,출금,72626,의료/건강,2025-05-23
3170,,출금,40419,주거/공과금,2025-06-16
3171,,출금,281321,주거/공과금,2025-06-01
3172,,출금,57110,생필품,2025-07-24
3173,,출금,439909,패션/미용,2025-03-15
3174,,출금,411111,식비,2025-07-19
3175,,출금,264062,주거/공과금,2025-01-21
3176,,입금,128543,기타,2025-07-26
3177,,입금,449121,기타,2025-07-13
3178,,입금,1760389,부수입,2025-06-14
3179,,출금,364351,교통비,2025-05-24
3180,,출금,432945,패션/미용,2025-06-14
3181,,출금,143412,패션/미용,2025-06-15
3182,,입금,1637155,기타,2025-07-18
3183,,출금,3069,문화생활/여가,2025-03-15
3184,,출금,452496,식비,2025-02-05
3185,,입금,408402,부수입,2025-02-08
3186,,출금,400498,의료/건강,2025-02-03
3187,,출금,455558,기타,2025-05-27
3188,,입금,1653622,기타,2025-01-23
3189,,출금,9252,생필품,2025-02-05
3190,,입금,2240713,기타,2025-06-28
3191,,입금,2414572,부수입,2025-03-08
3192,,출금,220364,식비,2025-03-10
3193,,입금,2464902,월급,2025-05-06
3194,,출금,365728,기타,2025-02-10
3195,,출금,57734,식비,2025-06-23
3196,,출금,383886,교통비,2025-06-21
3197,,출금,204425,주거/공과금,2025-05-28
3198,,출금,244393,의료/건강,2025-02-09
3199,,출금,416009,기타,2025-07-28
3200,,출금,264622,기타,2025-03-29
3201,,출금,484094,주거/공과금,2025-07-15
3202,,입금,186240,월급,2025-04-12
3203,,출금,425116,식비,2025-06-07
3204,,출금,350379,주거/공과금,2025-04-27
3205,,출금,210835,식비,2025-05-05
3206,,출금,183932,식비,2025-05-22
3207,,출금,174889,주거/공과금,2025-03-21
3208,,입금,1253347,기타,2025-05-16
3209,,입금,774414,기타,2025-07-19
3210,,출금,391964,주거/공과금,2025-06-10
3211,,출금,415197,의료/건강,2025-04-23
3212,,입금,1211983,월급,2025-06-16
3213,,출금,211412,기타,2025-04-13
3214,,출금,469403,패션/미용,2025-04-25
3215,,출금,134340,식비,2025-03-30
3216,,입금,682964,부수입,2025-02-08
3217,,출금,290187,패션/미용,2025-05-02
3218,,입금,219485,월급,2025-02-26
3219,,출금,185811,생필품,2025-07-12
3220,,출금,338485,의료/건강,2025-01-26
3221,,출금,397957,식비,2025-03-21
3222,,입금,1469183,부수입,2025-04-21
3223,,입금,1811742,월급,2025-05-18
3224,,입금,221685,부수입,2025-04-19
3225,,출금,71969,패션/미용,2025-07-04
3226,,출금,311844,생필품,2025-03-17
3227,,입금,904957,기타,2025-03-27
3228,,출금,368276,식비,2025-04-14
3229,,출금,191195,의료/건강,2025-02-16
3230,,입금,250532,월급,2025-06-21
3231,,출금,96618,패션/미용,2025-02-08
3232,,출금,78602,식비,2025-02-20
3233,,출금,277575,문화생활/여가,2025-04-03
3234,,입금,593326,기타,2025-04-12
3235,,출금,426118,기타,2025-03-11
3236,,출금,122872,의료/건강,2025-04-07
3237,,입금,892390,월급,2025-04-23
3238,,입금,1589983,기타,2025-01-28
3239,,출금,388087,주거/공과금,2025-04-09
3240,,출금,249905,식비,2025-03-07
3241,,출금,198268,생필품,2025-02-21
3242,,출금,401044,패션/미용,2025-05-06
3243,,출금,481088,기타,2025-07-25
3244,,출금,45006,의료/건강,2025-01-25
3245,,출금,18054,생필품,2025-07-07
3246,,출금,139310,생필품,2025-02-03
3247,,출금,340172,문화생활/여가,2025-01-23
3248,,출금,223342,문화생활/여가,2025-07-10
3249,,출금,458477,주거/공과금,2025-03-03
3250,,출금,242896,식비,2025-03-07
3251,,출금,465601,기타,2025-07-04
3252,,출금,443262,생필품,2025-03-17
3253,,출금,333352,기타,2025-02-26
3254,,출금,137873,패션/미용,2025-06-02
3255,,출금,172146,의료/건강,2025-06-14
3256,,입금,1111045,기타,2025-05-20
3257,,입금,1158117,월급,2025-04-14
3258,,출금,356207,문화생활/여가,2025-02-16
3259,,출금,40832,의료/건강,2025-04-02
3260,,출금,194922,문화생활/여가,2025-06-29
3261,,출금,470421,기타,2025-01-20
3262,,출금,457141,의료/건강,2025-06-29
3263,,출금,482053,교통비,2025-04-10
3264,,출금,219912,패션/미용,2025-02-09
3265,,출금,349308,식비,2025-04-14
3266,,출금,385667,교통비,2025-02-19
3267,,출금,246490,식비,2025-04-18
3268,,출금,95514,패션/미용,2025-01-15
3269,,출금,277956,주거/공과금,2025-07-13
3270,,출금,351741,생필품,2025-04-20
3271,,출금,256234,패션/미용,2025-06-19
3272,,출금,80255,교통비,2025-05-25
3273,,입금,2053495,기타,2025-05-17
3274,,입금,2197676,기타,2025-02-11
3275,,입금,1456341,월급,2025-05-01
3276,,출금,374727,식비,2025-03-05
3277,,출금,228563,주거/공과금,2025-01-21
3278,,출금,370426,문화생활/여가,2025-02-14
3279,,출금,370913,의료/건강,2025-02-19
3280,,출금,478643,교통비,2025-05-30
3281,,출금,194195,의료/건강,2025-02-19
3282,,출금,445606,주거/공과금,2025-04-21
3283,,출금,467874,문화생활/여가,2025-01-17
3284,,출금,325024,의료/건강,2025-03-08
3285,,출금,84071,의료/건강,2025-01-06
3286,,출금,155783,의료/건강,2025-06-19
3287,,출금,8607,교통비,2025-07-08
3288,,출금,22726,패션/미용,2025-07-08
3289,,출금,165354,패션/미용,2025-02-08
3290,,출금,440176,생필품,2025-02-03
3291,,입금,1548563,부수입,2025-01-19
3292,,입금,269350,월급,2025-03-13
3293,,출금,433101,식비,2025-06-11
3294,,입금,320129,기타,2025-05-21
3295,,출금,400309,기타,2025-04-15
3296,,출금,494313,교통비,2025-03-28
3297,,출금,81952,문화생활/여가,2025-05-03
3298,,입금,354849,부수입,2025-02-05
3299,,출금,299799,기타,2025-04-26
3300,,출금,423817,교통비,2025-03-17
3301,,출금,394744,의료/건강,2025-01-01
3302,,출금,297730,교통비,2025-04-29
3303,,출금,101106,문화생활/여가,2025-07-04
3304,,출금,438662,문화생활/여가,2025-06-02
3305,,출금,116273,패션/미용,2025-03-05
3306,,출금,473114,생필품,2025-02-10
3307,,입금,2219184,기타,2025-04-11
3308,,입금,808022,부수입,2025-07-18
3309,,출금,49836,생필품,2025-05-16
3310,,출금,194159,패션/미용,2025-07-04
3311,,출금,270911,문화생활/여가,2025-02-01
3312,,출금,208216,주거/공과금,2025-07-17
3313,,출금,175869,식비,2025-07-05
3314,,출금,409437,문화생활/여가,2025-03-20
3315,,입금,637234,월급,2025-01-09
3316,,출금,495508,의료/건강,2025-02-28
3317,,입금,1246422,기타,2025-03-19
3318,,출금,51472,생필품,2025-01-12
3319,,출금,261548,문화생활/여가,2025-06-26
3320,,입금,1508476,기타,2025-07-27
3321,,입금,222961,월급,2025-03-24
3322,,출금,60397,식비,2025-04-16
3323,,출금,377478,의료/건강,2025-01-26
3324,,출금,144707,생필품,2025-06-14
3325,,출금,254080,의료/건강,2025-07-13
3326,,출금,106734,주거/공과금,2025-07-29
3327,,출금,56376,교통비,2025-07-28
3328,,출금,389018,교통비,2025-04-08
3329,,출금,242171,기타,2025-01-07
3330,,출금,345452,문화생활/여가,2025-04-04
3331,,출금,234288,생필품,2025-03-29
3332,,입금,2075712,부수입,2025-02-21
3333,,출금,221023,생필품,2025-04-28
3334,,출금,30760,의료/건강,2025-07-11
3335,,출금,78452,주거/공과금,2025-05-06
3336,,출금,279242,기타,2025-07-10
3337,,출금,3288,교통비,2025-07-08
3338,,출금,475879,생필품,2025-07-19
3339,,입금,99484,월급,2025-04-27
3340,,출금,436815,문화생활/여가,2025-07-21
3341,,출금,313530,의료/건강,2025-06-19
3342,,출금,351739,문화생활/여가,2025-07-10
3343,,입금,2021639,월급,2025-06-09
3344,,입금,1012673,월급,2025-01-14
3345,,출금,124805,기타,2025-01-21
3346,,출금,191133,생필품,2025-03-17
3347,,입금,1844869,월급,2025-03-24
3348,,입금,430637,부수입,2025-06-25
3349,,출금,371592,주거/공과금,2025-05-07
3350,,출금,289280,교통비,2025-01-24
3351,,출금,83648,교통비,2025-04-06
3352,,출금,217679,패션/미용,2025-02-20
3353,,출금,255788,패션/미용,2025-04-09
3354,,입금,1897366,월급,2025-02-11
3355,,입금,2379454,월급,2025-07-19
3356,,입금,136784,월급,2025-03-19
3357,,출금,447010,생필품,2025-03-07
3358,,입금,1512931,기타,2025-01-02
3359,,출금,55305,교통비,2025-02-25
3360,,입금,2242427,기타,2025-05-16
3361,,입금,1239580,월급,2025-06-29
3362,,출금,321273,기타,2025-02-06
3363,,출금,312064,주거/공과금,2025-04-09
3364,,출금,124114,주거/공과금,2025-04-13
3365,,출금,404009,기타,2025-03-20
3366,,출금,461600,의료/건강,2025-07-02
3367,,출금,374864,패션/미용,2025-06-23
3368,,출금,446775,패션/미용,2025-06-17
3369,,출금,374431,주거/공과금,2025-04-24
3370,,출금,458068,의료/건강,2025-02-17
3371,,출금,10297,기타,2025-06-02
3372,,출금,343601,패션/미용,2025-03-14
3373,,출금,82361,패션/미용,2025-01-13
3374,,출금,335649,기타,2025-06-28
3375,,출금,261977,주거/공과금,2025-07-03
3376,,출금,446380,기타,2025-06-07
3377,,출금,308878,식비,2025-01-12
3378,,출금,295445,의료/건강,2025-06-01
3379,,출금,476841,패션/미용,2025-07-02
3380,,입금,1809840,월급,2025-06-16
3381,,출금,322267,생필품,2025-01-10
3382,,출금,344084,식비,2025-04-11
3383,,출금,150814,교통비,2025-06-05
3384,,출금,130407,기타,2025-04-02
3385,,입금,2015832,부수입,2025-03-07
3386,,출금,494494,패션/미용,2025-02-26
3387,,출금,422538,교통비,2025-02-28
3388,,출금,133185,주거/공과금,2025-02-16
3389,,입금,1888397,부수입,2025-05-02
3390,,출금,472832,식비,2025-07-14
3391,,출금,421637,주거/공과금,2025-05-05
3392,,입금,2206612,월급,2025-03-24
3393,,입금,1031383,기타,2025-03-22
3394,,출금,463231,생필품,2025-02-01
3395,,입금,1331884,부수입,2025-05-22
3396,,출금,450469,기타,2025-07-11
3397,,입금,177683,기타,2025-01-08
3398,,출금,19757,의료/건강,2025-02-09
3399,,입금,441461,부수입,2025-03-21
3400,,출금,498393,식비,2025-04-04
3401,,출금,164927,패션/미용,2025-07-20
3402,,입금,807631,월급,2025-05-28
3403,,입금,828001,기타,2025-04-12
3404,,출금,426272,식비,2025-05-03
3405,,출금,394597,교통비,2025-01-22
3406,,출금,292008,주거/공과금,2025-01-26
3407,,출금,149350,기타,2025-05-06
3408,,출금,157149,패션/미용,2025-07-09
3409,,출금,184923,패션/미용,2025-05-26
3410,,입금,1994990,부수입,2025-05-31
3411,,입금,2005064,부수입,2025-03-23
3412,,출금,377051,생필품,2025-04-09
3413,,출금,148791,주거/공과금,2025-02-03
3414,,입금,2104757,기타,2025-06-04
3415,,출금,395769,생필품,2025-03-24
3416,,출금,348708,패션/미용,2025-05-18
3417,,출금,414178,식비,2025-02-08
3418,,출금,20830,생필품,2025-01-28
3419,,입금,330943,기타,2025-01-29
3420,,출금,252443,문화생활/여가,2025-05-03
3421,,출금,285719,의료/건강,2025-01-22
3422,,출금,413031,의료/건강,2025-05-28
3423,,출금,213103,패션/미용,2025-03-01
3424,,출금,490034,주거/공과금,2025-02-05
3425,,입금,1168369,기타,2025-02-22
3426,,입금,1260657,월급,2025-04-04
3427,,입금,2393523,월급,2025-03-29
3428,,입금,1312618,월급,2025-04-02
3429,,입금,96572,월급,2025-02-11
3430,,출금,143050,패션/미용,2025-04-02
3431,,출금,234671,기타,2025-02-04
3432,,입금,2495193,기타,2025-07-23
3433,,출금,359281,의료/건강,2025-03-11
3434,,출금,216363,생필품,2025-05-21
3435,,출금,28495,의료/건강,2025-05-17
3436,,출금,262766,문화생활/여가,2025-06-26
3437,,입금,1545380,기타,2025-04-20
3438,,입금,1480532,기타,2025-01-13
3439,,출금,280736,기타,2025-06-05
3440,,입금,2008740,부수입,2025-01-21
3441,,입금,1775133,월급,2025-01-30
3442,,출금,138480,기타,2025-02-10
3443,,입금,2339775,부수입,2025-05-07
3444,,입금,353365,기타,2025-07-13
3445,,출금,466046,기타,2025-02-13
3446,,입금,140970,부수입,2025-05-29
3447,,출금,113083,생필품,2025-04-14
3448,,입금,368907,월급,2025-01-15
3449,,출금,287869,교통비,2025-07-04
3450,,입금,2154507,부수입,2025-04-11
3451,,출금,380770,의료/건강,2025-04-06
3452,,출금,414044,교통비,2025-03-14
3453,,출금,355411,교통비,2025-03-31
3454,,출금,432711,의료/건강,2025-06-27
3455,,입금,522862,부수입,2025-03-04
3456,,출금,497106,교통비,2025-04-30
3457,,출금,279327,의료/건강,2025-01-10
3458,,출금,17179,주거/공과금,2025-02-25
3459,,출금,392538,의료/건강,2025-03-01
3460,,입금,278154,월급,2025-02-17
3461,,입금,473584,월급,2025-06-19
3462,,입금,1371707,기타,2025-07-06
3463,,입금,1818823,부수입,2025-01-31
3464,,입금,2208897,부수입,2025-02-05
3465,,입금,972981,기타,2025-06-19
3466,,출금,96807,교통비,2025-07-12
3467,,출금,282049,식비,2025-03-19
3468,,출금,166241,주거/공과금,2025-03-16
3469,,입금,399557,부수입,2025-06-12
3470,,입금,1615435,기타,2025-04-22
3471,,입금,921814,부수입,2025-04-04
3472,,출금,117405,기타,2025-06-09
3473,,출금,377848,패션/미용,2025-05-02
3474,,입금,2274871,부수입,2025-06-06
3475,,입금,1538127,월급,2025-04-11
3476,,출금,314961,의료/건강,2025-04-28
3477,,입금,585438,월급,2025-02-02
3478,,출금,28571,문화생활/여가,2025-03-19
3479,,입금,1081270,월급,2025-03-22
3480,,입금,368004,기타,2025-07-26
3481,,입금,2132573,월급,2025-03-14
3482,,출금,318776,생필품,2025-03-28
3483,,출금,286571,기타,2025-03-13
3484,,출금,23237,식비,2025-01-29
3485,,출금,366566,교통비,2025-03-22
3486,,출금,445002,주거/공과금,2025-07-29
3487,,입금,287555,월급,2025-05-03
3488,,출금,189127,문화생활/여가,2025-06-18
3489,,출금,360256,식비,2025-04-25
3490,,출금,253023,교통비,2025-05-28
3491,,출금,99501,주거/공과금,2025-05-01
3492,,출금,252886,기타,2025-02-07
3493,,출금,376597,생필품,2025-06-01
3494,,출금,430337,주거/공과금,2025-05-30
3495,,입금,1183204,기타,2025-05-11
3496,,출금,475576,식비,2025-05-17
3497,,출금,108097,교통비,2025-04-04
3498,,출금,470023,의료/건강,2025-03-09
3499,,출금,102250,식비,2025-05-27
3500,,출금,360986,식비,2025-07-29
3501,,출금,349829,생필품,2025-01-14
3502,,입금,598560,기타,2025-06-12
3503,,입금,1117197,월급,2025-06-04
3504,,입금,332919,월급,2025-03-07
3505,,출금,76103,기타,2025-03-24
3506,,출금,371942,식비,2025-06-26
3507,,출금,170215,의료/건강,2025-02-27
3508,,출금,399065,문화생활/여가,2025-01-20
3509,,입금,2334326,부수입,2025-04-22
3510,,출금,453902,식비,2025-04-19
3511,,출금,103085,주거/공과금,2025-07-28
3512,,입금,2115602,월급,2025-03-28
3513,,출금,103114,생필품,2025-06-14
3514,,출금,179218,문화생활/여가,2025-02-17
3515,,입금,1474785,기타,2025-05-05
3516,,출금,207222,주거/공과금,2025-03-03
3517,,출금,496085,패션/미용,2025-05-11
3518,,출금,471323,생필품,2025-07-04
3519,,출금,40541,생필품,2025-06-30
3520,,출금,112205,기타,2025-07-20
3521,,입금,1169498,부수입,2025-05-31
3522,,입금,781012,부수입,2025-03-08
3523,,출금,297488,주거/공과금,2025-01-11
3524,,출금,417355,문화생활/여가,2025-03-06
3525,,입금,1517253,부수입,2025-03-02
3526,,출금,313393,교통비,2025-04-22
3527,,입금,660164,부수입,2025-04-16
3528,,출금,139321,의료/건강,2025-02-02
3529,,입금,1914090,월급,2025-07-03
3530,,출금,459934,식비,2025-07-29
3531,,출금,145105,기타,2025-05-29
3532,,입금,593165,기타,2025-03-29
3533,,입금,549092,부수입,2025-01-24
3534,,입금,2379682,월급,2025-03-19
3535,,출금,477733,기타,2025-02-28
3536,,출금,295728,교통비,2025-03-17
3537,,출금,106238,문화생활/여가,2025-06-10
3538,,입금,2465606,부수입,2025-06-08
3539,,출금,196911,생필품,2025-03-23
3540,,입금,360639,월급,2025-05-28
3541,,출금,91364,의료/건강,2025-05-02
3542,,출금,122541,교통비,2025-06-18
3543,,출금,140471,생필품,2025-07-28
3544,,출금,427914,문화생활/여가,2025-06-08
3545,,출금,469598,주거/공과금,2025-05-26
3546,,출금,14089,의료/건강,2025-07-08
3547,,입금,1710975,부수입,2025-07-05
3548,,출금,315999,문화생활/여가,2025-04-18
3549,,출금,43634,교통비,2025-03-24
3550,,출금,237412,교통비,2025-06-29
3551,,입금,1398616,부수입,2025-01-05
3552,,출금,269379,주거/공과금,2025-04-13
3553,,출금,191675,기타,2025-01-30
3554,,출금,468640,의료/건강,2025-02-20
3555,,출금,178628,기타,2025-03-20
3556,,입금,2108620,기타,2025-01-13
3557,,출금,471295,식비,2025-03-29
3558,,출금,116406,생필품,2025-03-11
3559,,출금,288620,식비,2025-02-07
3560,,입금,826922,월급,2025-02-21
3561,,입금,97260,부수입,2025-02-28
3562,,입금,1141553,기타,2025-04-26
3563,,출금,471091,생필품,2025-04-29
3564,,출금,434382,패션/미용,2025-01-26
3565,,입금,666780,월급,2025-01-27
3566,,입금,838757,월급,2025-03-07
3567,,입금,1551641,부수입,2025-06-15
3568,,입금,840918,기타,2025-02-25
3569,,출금,284823,주거/공과금,2025-04-19
3570,,출금,271752,패션/미용,2025-01-28
3571,,입금,1044874,기타,2025-03-11
3572,,입금,1238472,기타,2025-05-06
3573,,출금,123022,의료/건강,2025-04-20
3574,,출금,60202,패션/미용,2025-02-20
3575,,출금,219799,생필품,2025-01-10
3576,,출금,439982,주거/공과금,2025-07-04
3577,,입금,931967,월급,2025-02-05
3578,,출금,354630,문화생활/여가,2025-03-28
3579,,출금,395346,식비,2025-01-17
3580,,입금,1301377,월급,2025-06-13
3581,,입금,1811087,부수입,2025-03-08
3582,,출금,434726,생필품,2025-04-03
3583,,입금,1094401,부수입,2025-03-29
3584,,입금,1751643,기타,2025-02-16
3585,,출금,367051,기타,2025-05-09
3586,,출금,52280,교통비,2025-06-30
3587,,입금,327975,부수입,2025-01-24
3588,,출금,43200,교통비,2025-01-30
3589,,출금,211032,기타,2025-06-15
3590,,입금,1467224,기타,2025-05-11
3591,,출금,47500,생필품,2025-07-19
3592,,출금,44015,식비,2025-03-19
3593,,출금,411050,문화생활/여가,2025-07-06
3594,,출금,269093,기타,2025-03-26
3595,,입금,1069058,부수입,2025-04-22
3596,,출금,363014,의료/건강,2025-02-04
3597,,출금,30450,문화생활/여가,2025-03-13
3598,,출금,162144,생필품,2025-04-12
3599,,입금,1228637,월급,2025-04-30
3600,,입금,1337286,부수입,2025-03-29
3601,,입금,359193,기타,2025-01-10
3602,,출금,254746,문화생활/여가,2025-03-05
3603,,입금,464969,월급,2025-02-18
3604,,출금,348080,의료/건강,2025-01-24
3605,,출금,356205,문화생활/여가,2025-06-30
3606,,출금,156968,교통비,2025-04-28
3607,,출금,182187,의료/건강,2025-07-06
3608,,출금,498025,교통비,2025-04-29
3609,,출금,40799,의료/건강,2025-05-17
3610,,출금,452351,식비,2025-01-14
3611,,출금,337792,교통비,2025-06-03
3612,,입금,2084256,월급,2025-04-11
3613,,출금,234660,의료/건강,2025-07-04
3614,,출금,59433,식비,2025-05-02
3615,,출금,383451,패션/미용,2025-07-27
3616,,출금,283512,의료/건강,2025-03-11
3617,,입금,2431576,월급,2025-01-07
3618,,입금,1337544,기타,2025-04-17
3619,,입금,1100800,부수입,2025-05-26
3620,,출금,200221,주거/공과금,2025-05-22
3621,,출금,334020,패션/미용,2025-03-10
3622,,출금,184914,패션/미용,2025-01-13
3623,,입금,195062,기타,2025-02-23
3624,,출금,471833,식비,2025-01-17
3625,,입금,1970517,부수입,2025-01-22
3626,,입금,1210114,부수입,2025-06-10
3627,,입금,2025851,부수입,2025-06-26
3628,,입금,1479225,월급,2025-05-19
3629,,출금,84449,식비,2025-02-19
3630,,출금,339626,주거/공과금,2025-05-26
3631,,출금,405191,패션/미용,2025-05-18
3632,,출금,428233,생필품,2025-07-23
3633,,출금,464983,문화생활/여가,2025-04-20
3634,,입금,1412385,부수입,2025-01-29
3635,,출금,310927,생필품,2025-06-09
3636,,출금,15208,주거/공과금,2025-07-04
3637,,출금,315420,의료/건강,2025-02-28
3638,,입금,86590,월급,2025-05-20
3639,,출금,481001,주거/공과금,2025-04-25
3640,,출금,495583,문화생활/여가,2025-04-28
3641,,입금,1511555,부수입,2025-04-07
3642,,입금,1218104,부수입,2025-04-27
3643,,입금,551457,기타,2025-02-15
3644,,출금,427438,기타,2025-05-17
3645,,출금,29250,주거/공과금,2025-03-13
3646,,출금,20520,기타,2025-01-10
3647,,출금,228858,기타,2025-02-05
3648,,출금,429937,교통비,2025-01-12
3649,,입금,801263,기타,2025-05-06
3650,,입금,119911,부수입,2025-05-27
3651,,출금,36607,생필품,2025-07-02
3652,,출금,258077,기타,2025-04-22
3653,,출금,126226,교통비,2025-07-01
3654,,출금,97466,생필품,2025-03-18
3655,,출금,99880,생필품,2025-04-28
3656,,입금,1889251,부수입,2025-02-21
3657,,입금,501629,부수입,2025-06-04
3658,,출금,221323,기타,2025-01-06
3659,,입금,722459,기타,2025-05-16
3660,,입금,1103529,월급,2025-07-27
3661,,출금,153159,문화생활/여가,2025-01-05
3662,,출금,271712,패션/미용,2025-04-02
3663,,출금,37766,문화생활/여가,2025-01-24
3664,,출금,195663,식비,2025-07-10
3665,,출금,300586,주거/공과금,2025-04-26
3666,,출금,205207,식비,2025-02-09
3667,,출금,388370,기타,2025-06-13
3668,,출금,341272,패션/미용,2025-07-19
3669,,입금,890058,기타,2025-03-26
3670,,출금,417573,의료/건강,2025-01-10
3671,,출금,89964,식비,2025-07-26
3672,,출금,173770,식비,2025-06-25
3673,,출금,164652,생필품,2025-01-27
3674,,입금,1960915,기타,2025-03-08
3675,,출금,156396,문화생활/여가,2025-04-16
3676,,입금,642368,부수입,2025-02-05
3677,,입금,398999,부수입,2025-07-12
3678,,출금,99070,교통비,2025-05-07
3679,,입금,638311,기타,2025-07-29
3680,,입금,964056,부수입,2025-01-15
3681,,출금,497003,식비,2025-03-11
3682,,출금,197364,교통비,2025-03-04
3683,,입금,2297662,기타,2025-06-15
3684,,출금,352107,의료/건강,2025-05-26
3685,,출금,427416,문화생활/여가,2025-05-24
3686,,입금,2210247,부수입,2025-01-30
3687,,출금,196235,의료/건강,2025-05-03
3688,,입금,1320373,기타,2025-07-01
3689,,입금,879453,기타,2025-05-20
3690,,출금,158329,기타,2025-02-11
3691,,입금,493678,부수입,2025-07-09
3692,,출금,48779,식비,2025-02-23
3693,,출금,266738,기타,2025-06-19
3694,,출금,121669,주거/공과금,2025-02-05
3695,,출금,127483,패션/미용,2025-02-17
3696,,출금,497696,생필품,2025-02-01
3697,,출금,283785,생필품,2025-07-01
3698,,출금,382857,기타,2025-05-10
3699,,출금,1771,교통비,2025-01-06
3700,,출금,346092,의료/건강,2025-05-31
3701,,출금,428032,교통비,2025-04-20
3702,,입금,828349,월급,2025-03-11
3703,,입금,1337421,월급,2025-03-12
3704,,출금,372432,패션/미용,2025-07-20
3705,,출금,335603,의료/건강,2025-02-19
3706,,출금,359556,생필품,2025-01-09
3707,,출금,434373,문화생활/여가,2025-07-03
3708,,입금,1203418,부수입,2025-06-14
3709,,출금,422358,기타,2025-05-10
3710,,출금,295010,패션/미용,2025-07-10
3711,,출금,406075,교통비,2025-02-11
3712,,출금,299331,식비,2025-06-23
3713,,출금,22466,의료/건강,2025-06-16
3714,,출금,436307,패션/미용,2025-02-25
3715,,입금,722442,부수입,2025-06-19
3716,,출금,482468,주거/공과금,2025-01-19
3717,,출금,239243,문화생활/여가,2025-07-11
3718,,출금,391843,식비,2025-04-03
3719,,출금,126208,기타,2025-04-27
3720,,출금,70315,의료/건강,2025-07-11
3721,,출금,73767,패션/미용,2025-01-06
3722,,출금,180800,식비,2025-03-12
3723,,출금,295507,생필품,2025-06-09
3724,,입금,693401,월급,2025-04-05
3725,,입금,2037756,기타,2025-07-14
3726,,입금,2468009,부수입,2025-06-25
3727,,출금,128462,교통비,2025-07-07
3728,,출금,20765,주거/공과금,2025-06-15
3729,,출금,195735,식비,2025-07-09
3730,,출금,213167,기타,2025-06-10
3731,,출금,461540,패션/미용,2025-03-16
3732,,출금,326697,주거/공과금,2025-02-20
3733,,출금,206573,식비,2025-05-20
3734,,출금,300175,식비,2025-02-01
3735,,출금,459489,문화생활/여가,2025-04-08
3736,,출금,355014,주거/공과금,2025-03-03
3737,,출금,451781,패션/미용,2025-05-03
3738,,출금,420177,패션/미용,2025-03-02
3739,,출금,86704,의료/건강,2025-01-09
3740,,출금,226495,문화생활/여가,2025-07-27
3741,,출금,132528,주거/공과금,2025-04-29
3742,,입금,2463294,부수입,2025-04-30
3743,,입금,1631028,월급,2025-05-24
3744,,입금,1649987,부수입,2025-02-07
3745,,출금,388432,기타,2025-01-12
3746,,입금,1131877,부수입,2025-05-25
3747,,출금,445165,생필품,2025-02-13
3748,,입금,1638164,기타,2025-04-21
3749,,출금,427934,생필품,2025-02-01
3750,,출금,415780,주거/공과금,2025-07-14
3751,,출금,410125,기타,2025-04-22
3752,,출금,163973,주거/공과금,2025-03-22
3753,,출금,129765,문화생활/여가,2025-05-25
3754,,출금,322133,식비,2025-07-04
3755,,입금,2075980,기타,2025-07-01
3756,,입금,1591263,부수입,2025-02-14
3757,,출금,330659,기타,2025-04-21
3758,,출금,56391,주거/공과금,2025-05-09
3759,,출금,31899,식비,2025-05-28
3760,,입금,918300,기타,2025-04-20
3761,,출금,10478,교통비,2025-01-17
3762,,출금,231246,생필품,2025-07-18
3763,,입금,776965,부수입,2025-03-18
3764,,입금,2005284,월급,2025-01-22
3765,,출금,352074,기타,2025-01-23
3766,,출금,405849,의료/건강,2025-04-22
3767,,입금,1185679,월급,2025-01-09
3768,,출금,373596,문화생활/여가,2025-03-05
3769,,입금,75169,기타,2025-03-10
3770,,출금,388504,패션/미용,2025-04-13
3771,,출금,310519,문화생활/여가,2025-03-05
3772,,출금,155068,교통비,2025-05-29
3773,,출금,443132,기타,2025-06-04
3774,,출금,358738,교통비,2025-05-20
3775,,입금,1193936,기타,2025-05-09
3776,,출금,493565,생필품,2025-03-20
3777,,입금,2464632,기타,2025-03-23
3778,,입금,873560,기타,2025-06-20
3779,,출금,107701,교통비,2025-03-16
3780,,출금,402898,기타,2025-05-18
3781,,출금,245800,교통비,2025-04-22
3782,,출금,375117,식비,2025-06-17
3783,,출금,448370,주거/공과금,2025-05-17
3784,,출금,91189,기타,2025-06-27
3785,,출금,233514,교통비,2025-01-19
3786,,출금,283873,의료/건강,2025-07-23
3787,,입금,482512,기타,2025-02-23
3788,,출금,231023,기타,2025-01-25
3789,,출금,484995,기타,2025-07-29
3790,,입금,1101269,부수입,2025-04-13
3791,,출금,473937,의료/건강,2025-01-09
3792,,입금,77719,부수입,2025-06-25
3793,,출금,363795,생필품,2025-03-04
3794,,출금,81227,생필품,2025-07-01
3795,,입금,267043,부수입,2025-01-05
3796,,출금,484594,기타,2025-02-05
3797,,입금,1218138,월급,2025-05-13
3798,,입금,1366222,기타,2025-04-23
3799,,입금,1056035,기타,2025-01-06
3800,,입금,1602160,월급,2025-05-28
3801,,입금,1513435,부수입,2025-03-15
3802,,출금,264705,주거/공과금,2025-06-25
3803,,입금,1250630,부수입,2025-07-24
3804,,출금,342083,식비,2025-07-10
3805,,입금,899155,기타,2025-01-23
3806,,출금,172694,식비,2025-04-05
3807,,출금,181730,생필품,2025-07-08
3808,,출금,244277,의료/건강,2025-02-09
3809,,입금,2029405,부수입,2025-03-30
3810,,출금,365217,문화생활/여가,2025-02-23
3811,,입금,140540,기타,2025-02-07
3812,,출금,285806,교통비,2025-03-20
3813,,출금,349738,패션/미용,2025-05-07
3814,,출금,429805,생필품,2025-07-05
3815,,입금,652154,기타,2025-01-07
3816,,입금,440852,부수입,2025-02-04
3817,,출금,330552,생필품,2025-04-20
3818,,출금,446766,교통비,2025-04-13
3819,,출금,60432,패션/미용,2025-03-24
3820,,출금,371714,식비,2025-07-08
3821,,출금,267683,주거/공과금,2025-07-12
3822,,입금,309069,월급,2025-07-23
3823,,입금,1075603,월급,2025-04-23
3824,,출금,88950,생필품,2025-01-08
3825,,출금,392871,생필품,2025-03-25
3826,,출금,433312,의료/건강,2025-05-11
3827,,출금,250378,식비,2025-03-18
3828,,출금,468119,주거/공과금,2025-07-11
3829,,출금,130594,생필품,2025-05-21
3830,,입금,1520918,부수입,2025-01-03
3831,,출금,454658,패션/미용,2025-03-18
3832,,입금,849372,월급,2025-04-19
3833,,출금,418605,기타,2025-04-16
3834,,출금,296162,주거/공과금,2025-01-31
3835,,입금,1152658,월급,2025-02-17
3836,,입금,1840106,기타,2025-04-04
3837,,출금,44494,기타,2025-04-10
3838,,입금,1426947,부수입,2025-03-26
3839,,출금,221808,기타,2025-05-06
3840,,입금,714235,기타,2025-03-26
3841,,입금,1435618,부수입,2025-01-27
3842,,출금,455163,주거/공과금,2025-04-14
3843,,입금,371288,기타,2025-02-15
3844,,출금,499413,주거/공과금,2025-06-17
3845,,출금,122420,교통비,2025-05-20
3846,,입금,170081,기타,2025-04-13
3847,,출금,294767,식비,2025-05-03
3848,,출금,353424,교통비,2025-02-10
3849,,출금,265734,의료/건강,2025-03-27
3850,,출금,57993,패션/미용,2025-07-26
3851,,입금,585709,기타,2025-01-19
3852,,출금,138048,식비,2025-06-19
3853,,입금,1957141,기타,2025-02-09
3854,,출금,308002,패션/미용,2025-03-13
3855,,입금,2096478,월급,2025-06-06
3856,,입금,1591132,기타,2025-04-26
3857,,출금,255893,생필품,2025-03-26
3858,,출금,252561,패션/미용,2025-01-30
3859,,출금,355472,패션/미용,2025-07-05
3860,,입금,74312,부수입,2025-01-23
3861,,출금,283283,생필품,2025-06-27
3862,,출금,414082,주거/공과금,2025-05-30
3863,,출금,17620,의료/건강,2025-01-28
3864,,입금,2279012,기타,2025-06-10
3865,,출금,97475,주거/공과금,2025-02-19
3866,,출금,302194,의료/건강,2025-06-27
3867,,출금,84007,생필품,2025-05-19
3868,,입금,1781064,부수입,2025-03-27
3869,,입금,2057061,부수입,2025-01-30
3870,,입금,2065965,월급,2025-06-14
3871,,출금,250472,생필품,2025-01-21
3872,,출금,130699,주거/공과금,2025-05-16
3873,,입금,1362149,기타,2025-05-28
3874,,입금,2459866,부수입,2025-06-13
3875,,입금,676264,월급,2025-03-30
3876,,입금,1684370,기타,2025-05-28
3877,,출금,359947,생필품,2025-05-17
3878,,출금,375480,주거/공과금,2025-07-01
3879,,입금,495230,부수입,2025-05-04
3880,,입금,1434013,기타,2025-03-29
3881,,입금,258941,기타,2025-01-24
3882,,출금,22764,주거/공과금,2025-07-11
3883,,출금,394418,문화생활/여가,2025-02-06
3884,,입금,1425091,부수입,2025-07-02
3885,,입금,2164174,기타,2025-02-18
3886,,입금,2376149,기타,2025-07-12
3887,,출금,8621,식비,2025-03-06
3888,,입금,1986255,부수입,2025-06-10
3889,,입금,126918,기타,2025-05-02
3890,,출금,287287,패션/미용,2025-05-28
3891,,출금,365449,식비,2025-04-13
3892,,출금,310426,기타,2025-06-20
3893,,출금,412363,생필품,2025-04-22
3894,,입금,1424065,기타,2025-02-22
3895,,출금,134198,생필품,2025-07-18
3896,,출금,329462,주거/공과금,2025-01-21
3897,,출금,325779,교통비,2025-04-06
3898,,출금,301608,식비,2025-05-12
3899,,출금,191581,문화생활/여가,2025-02-27
3900,,출금,277386,패션/미용,2025-06-08
3901,,출금,102453,의료/건강,2025-02-07
3902,,출금,77243,주거/공과금,2025-01-10
3903,,입금,1181577,부수입,2025-07-19
3904,,출금,45375,기타,2025-01-25
3905,,출금,351131,생필품,2025-01-21
3906,,입금,2416488,월급,2025-07-12
3907,,입금,1869097,월급,2025-03-03
3908,,출금,403912,기타,2025-05-06
3909,,출금,195814,기타,2025-07-09
3910,,입금,2203016,기타,2025-06-10
3911,,입금,2201076,기타,2025-03-30
3912,,출금,267876,의료/건강,2025-03-15
3913,,입금,1577679,월급,2025-03-19
3914,,출금,197947,의료/건강,2025-02-22
3915,,출금,116150,의료/건강,2025-03-11
3916,,출금,389486,문화생활/여가,2025-05-21
3917,,출금,440525,패션/미용,2025-04-12
3918,,출금,98415,기타,2025-06-30
3919,,입금,1397736,월급,2025-05-03
3920,,출금,341049,교통비,2025-04-12
3921,,출금,342230,의료/건강,2025-03-05
3922,,출금,229691,문화생활/여가,2025-02-08
3923,,출금,280746,문화생활/여가,2025-01-12
3924,,출금,280388,문화생활/여가,2025-04-14
3925,,출금,320349,주거/공과금,2025-01-06
3926,,입금,1445996,기타,2025-02-08
3927,,입금,1872113,부수입,2025-03-15
3928,,입금,128768,기타,2025-06-14
3929,,출금,429147,생필품,2025-06-28
3930,,출금,143608,기타,2025-05-29
3931,,출금,319623,생필품,2025-02-14
3932,,출금,127344,주거/공과금,2025-02-19
3933,,출금,419498,의료/건강,2025-03-23
3934,,출금,438224,생필품,2025-04-19
3935,,출금,472129,주거/공과금,2025-07-21
3936,,입금,863070,기타,2025-04-30
3937,,입금,421409,부수입,2025-07-24
3938,,출금,269501,교통비,2025-06-13
3939,,출금,478403,교통비,2025-03-10
3940,,입금,133461,월급,2025-03-08
3941,,출금,43875,교통비,2025-06-10
3942,,입금,1042648,기타,2025-07-24
3943,,입금,162935,월급,2025-07-17
3944,,출금,295825,의료/건강,2025-03-02
3945,,출금,207954,문화생활/여가,2025-04-27
3946,,출금,187727,패션/미용,2025-01-09
3947,,출금,579,주거/공과금,2025-02-28
3948,,출금,412752,패션/미용,2025-07-12
3949,,출금,58409,문화생활/여가,2025-04-30
3950,,입금,2024106,부수입,2025-05-17
3951,,출금,69291,주거/공과금,2025-06-23
3952,,출금,316572,교통비,2025-01-07
3953,,입금,1392700,월급,2025-07-30
3954,,출금,231659,의료/건강,2025-01-31
3955,,입금,2484147,기타,2025-07-23
3956,,출금,411379,의료/건강,2025-07-08
3957,,출금,150690,의료/건강,2025-06-04
3958,,입금,131761,기타,2025-03-09
3959,,출금,46840,기타,2025-07-05
3960,,입금,355299,기타,2025-04-06
3961,,출금,369247,생필품,2025-03-06
3962,,입금,216809,기타,2025-02-21
3963,,출금,146351,주거/공과금,2025-01-27
3964,,입금,1662952,월급,2025-03-13
3965,,출금,486622,교통비,2025-03-22
3966,,입금,870416,월급,2025-03-17
3967,,출금,153730,문화생활/여가,2025-04-09
3968,,출금,246748,교통비,2025-04-03
3969,,출금,86650,식비,2025-06-20
3970,,출금,170679,의료/건강,2025-01-30
3971,,입금,2263481,월급,2025-06-02
3972,,출금,424035,패션/미용,2025-05-07
3973,,출금,114025,문화생활/여가,2025-07-08
3974,,출금,117421,문화생활/여가,2025-05-13
3975,,출금,223618,생필품,2025-07-27
3976,,입금,740555,부수입,2025-03-29
3977,,출금,250670,주거/공과금,2025-04-06
3978,,입금,236662,부수입,2025-01-25
3979,,입금,751102,월급,2025-02-20
3980,,출금,325213,패션/미용,2025-07-08
3981,,출금,203154,식비,2025-01-30
3982,,출금,64760,생필품,2025-01-28
3983,,입금,847246,기타,2025-06-24
3984,,출금,432582,기타,2025-01-17
3985,,출금,156784,생필품,2025-06-06
3986,,출금,125121,생필품,2025-03-02
3987,,출금,210789,식비,2025-02-14
3988,,출금,49729,의료/건강,2025-07-11
3989,,입금,1211094,부수입,2025-04-26
3990,,입금,852787,기타,2025-07-13
3991,,출금,312485,생필품,2025-07-20
3992,,출금,464572,문화생활/여가,2025-03-31
3993,,출금,469317,주거/공과금,2025-04-04
3994,,출금,478224,기타,2025-01-05
3995,,입금,1160120,부수입,2025-03-04
3996,,출금,314157,식비,2025-02-11
3997,,출금,189920,기타,2025-03-12
3998,,출금,279149,기타,2025-04-14
3999,,입금,181716,기타,2025-07-01
4000,,입금,265306,월급,2025-04-25
4001,,출금,299388,식비,2025-05-03
4002,,입금,1998927,기타,2025-05-15
4003,,출금,290526,문화생활/여가,2025-01-02
4004,,출금,427155,교통비,2025-05-17
4005,,출금,468643,주거/공과금,2025-07-20
4006,,출금,16595,주거/공과금,2025-02-12
4007,,입금,2101094,부수입,2025-04-28
4008,,출금,330315,교통비,2025-02-01
4009,,출금,304138,교통비,2025-05-22
4010,,입금,152845,기타,2025-03-27
4011,,입금,2458590,월급,2025-05-23
4012,,출금,58529,패션/미용,2025-01-09
4013,,입금,2299220,기타,2025-04-06
4014,,출금,4200,문화생활/여가,2025-04-17
4015,,출금,93589,기타,2025-02-03
4016,,출금,3682,식비,2025-02-03
4017,,출금,447642,문화생활/여가,2025-01-04
4018,,출금,417345,교통비,2025-01-08
4019,,출금,225440,식비,2025-06-27
4020,,출금,29060,생필품,2025-07-30
4021,,입금,1562182,부수입,2025-06-03
4022,,입금,290802,기타,2025-03-20
4023,,입금,1242921,월급,2025-06-18
4024,,출금,124690,패션/미용,2025-01-30
4025,,출금,3055,교통비,2025-03-18
4026,,출금,89351,의료/건강,2025-02-22
4027,,입금,633439,기타,2025-02-07
4028,,출금,218775,의료/건강,2025-02-24
4029,,출금,61938,패션/미용,2025-04-15
4030,,출금,223687,기타,2025-05-20
4031,,출금,257841,기타,2025-05-11
4032,,입금,2072290,기타,2025-07-21
4033,,입금,2479180,월급,2025-01-07
4034,,출금,164597,기타,2025-05-09
4035,,출금,170221,식비,2025-07-06
4036,,출금,271954,패션/미용,2025-01-01
4037,,출금,410193,주거/공과금,2025-07-08
4038,,출금,428266,식비,2025-05-11
4039,,출금,261776,생필품,2025-01-24
4040,,출금,385831,생필품,2025-05-24
4041,,출금,390655,주거/공과금,2025-02-03
4042,,출금,73434,교통비,2025-07-15
4043,,출금,325715,기타,2025-06-03
4044,,출금,426945,주거/공과금,2025-01-10
4045,,입금,245211,부수입,2025-01-16
4046,,출금,58854,생필품,2025-05-14
4047,,입금,625223,부수입,2025-01-08
4048,,출금,145454,의료/건강,2025-04-14
4049,,출금,164765,의료/건강,2025-06-15
4050,,출금,40275,패션/미용,2025-03-21
4051,,입금,2027849,기타,2025-04-23
4052,,출금,465428,의료/건강,2025-04-23
4053,,입금,367561,기타,2025-03-25
4054,,출금,252397,패션/미용,2025-02-19
4055,,출금,224267,의료/건강,2025-06-15
4056,,출금,41821,의료/건강,2025-07-25
4057,,출금,183490,문화생활/여가,2025-04-21
4058,,출금,400203,교통비,2025-01-31
4059,,입금,1453883,부수입,2025-01-13
4060,,출금,132900,기타,2025-07-21
4061,,입금,2246813,기타,2025-07-23
4062,,출금,181179,문화생활/여가,2025-06-13
4063,,출금,315254,주거/공과금,2025-01-30
4064,,출금,96113,패션/미용,2025-04-14
4065,,출금,311500,식비,2025-02-25
4066,,출금,119814,의료/건강,2025-04-03
4067,,출금,436594,교통비,2025-07-17
4068,,출금,124208,의료/건강,2025-07-04
4069,,출금,253758,기타,2025-06-15
4070,,출금,305802,생필품,2025-05-08
4071,,출금,75261,패션/미용,2025-07-14
4072,,출금,342784,문화생활/여가,2025-03-13
4073,,출금,426235,식비,2025-06-12
4074,,입금,2303629,기타,2025-01-07
4075,,출금,295980,패션/미용,2025-06-15
4076,,입금,2358709,기타,2025-02-23
4077,,입금,718102,부수입,2025-03-17
4078,,입금,1958620,기타,2025-04-08
4079,,출금,522,식비,2025-06-14
4080,,출금,248999,식비,2025-02-10
4081,,출금,431907,교통비,2025-06-10
4082,,출금,347287,기타,2025-02-14
4083,,출금,182158,주거/공과금,2025-06-14
4084,,출금,286869,기타,2025-02-24
4085,,입금,1842726,월급,2025-06-25
4086,,출금,414460,의료/건강,2025-01-01
4087,,출금,484539,패션/미용,2025-03-02
4088,,입금,2308728,기타,2025-01-22
4089,,출금,309049,생필품,2025-07-16
4090,,출금,381925,생필품,2025-07-07
4091,,출금,453860,문화생활/여가,2025-04-17
4092,,출금,434958,패션/미용,2025-01-01
4093,,입금,1156768,월급,2025-01-16
4094,,출금,367701,교통비,2025-03-15
4095,,출금,71946,의료/건강,2025-04-19
4096,,출금,153849,패션/미용,2025-06-21
4097,,출금,105915,생필품,2025-05-30
4098,,입금,877747,월급,2025-05-07
4099,,출금,49311,기타,2025-03-26
4100,,입금,2135173,월급,2025-06-25
4101,,출금,413834,기타,2025-05-24
4102,,출금,453104,식비,2025-07-01
4103,,출금,137100,기타,2025-01-27
4104,,출금,178089,기타,2025-07-01
4105,,입금,109964,월급,2025-05-09
4106,,출금,342799,주거/공과금,2025-03-02
4107,,출금,153552,생필품,2025-06-15
4108,,출금,332286,식비,2025-05-18
4109,,출금,240681,기타,2025-06-02
4110,,출금,177936,문화생활/여가,2025-07-12
4111,,입금,1150773,월급,2025-05-13
4112,,출금,432206,교통비,2025-06-04
4113,,출금,22489,의료/건강,2025-05-09
4114,,출금,309272,패션/미용,2025-05-13
4115,,출금,405533,문화생활/여가,2025-04-11
4116,,출금,106063,문화생활/여가,2025-02-13
4117,,입금,1103157,월급,2025-02-22
4118,,입금,102007,부수입,2025-03-09
4119,,출금,428759,주거/공과금,2025-01-24
4120,,입금,2047065,부수입,2025-04-20
4121,,출금,23096,의료/건강,2025-04-09
4122,,출금,114107,교통비,2025-03-30
4123,,입금,471956,기타,2025-06-20
4124,,입금,1911165,기타,2025-04-12
4125,,출금,156154,의료/건강,2025-01-21
4126,,출금,361447,패션/미용,2025-03-25
4127,,입금,2170533,기타,2025-03-27
4128,,출금,247127,주거/공과금,2025-01-13
4129,,입금,319470,부수입,2025-05-21
4130,,출금,476877,기타,2025-01-15
4131,,출금,205857,생필품,2025-07-16
4132,,출금,17389,주거/공과금,2025-04-21
4133,,출금,92211,의료/건강,2025-03-26
4134,,출금,102889,식비,2025-03-30
4135,,출금,404228,교통비,2025-07-07
4136,,출금,304368,주거/공과금,2025-03-05
4137,,출금,362504,주거/공과금,2025-04-25
4138,,출금,103958,교통비,2025-05-12
4139,,출금,97912,주거/공과금,2025-05-30
4140,,입금,2314641,기타,2025-02-26
4141,,출금,220241,생필품,2025-06-16
4142,,출금,181365,의료/건강,2025-06-02
4143,,입금,1658909,기타,2025-07-23
4144,,출금,143295,생필품,2025-07-24
4145,,출금,77568,패션/미용,2025-04-17
4146,,입금,1595204,기타,2025-04-18
4147,,출금,133909,문화생활/여가,2025-07-30
4148,,출금,445803,의료/건강,2025-07-19
4149,,입금,1347070,부수입,2025-03-21
4150,,입금,448281,부수입,2025-07-09
4151,,출금,417518,패션/미용,2025-04-23
4152,,출금,209439,기타,2025-03-24
4153,,출금,299327,교통비,2025-02-24
4154,,출금,87023,주거/공과금,2025-07-12
4155,,입금,1100595,기타,2025-05-21
4156,,입금,1936359,기타,2025-04-05
4157,,출금,441000,패션/미용,2025-04-01
4158,,출금,371885,의료/건강,2025-05-25
4159,,출금,33282,교통비,2025-07-10
4160,,출금,167214,기타,2025-01-09
4161,,입금,171729,기타,2025-03-13
4162,,출금,384617,문화생활/여가,2025-02-11
4163,,출금,113806,교통비,2025-04-10
4164,,출금,124727,교통비,2025-02-14
4165,,출금,202402,기타,2025-01-25
4166,,출금,277279,의료/건강,2025-04-23
4167,,입금,770041,부수입,2025-05-22
4168,,출금,240630,생필품,2025-02-04
4169,,입금,724887,부수입,2025-05-22
4170,,입금,1763414,월급,2025-05-01
4171,,입금,2475384,월급,2025-07-12
4172,,출금,417459,문화생활/여가,2025-05-29
4173,,입금,1216775,기타,2025-05-26
4174,,출금,203941,교통비,2025-04-22
4175,,출금,44376,교통비,2025-07-26
4176,,출금,495342,기타,2025-07-11
4177,,입금,1217819,기타,2025-02-09
4178,,출금,431944,교통비,2025-05-10
4179,,출금,280012,생필품,2025-07-04
4180,,입금,1887338,기타,2025-02-18
4181,,입금,1460140,기타,2025-04-10
4182,,입금,115689,월급,2025-04-05
4183,,입금,1846731,부수입,2025-02-08
4184,,출금,376118,문화생활/여가,2025-07-11
4185,,출금,269581,기타,2025-01-19
4186,,입금,1561888,월급,2025-04-27
4187,,입금,200183,월급,2025-07-12
4188,,출금,285982,식비,2025-03-29
4189,,출금,342954,기타,2025-05-05
4190,,출금,132249,주거/공과금,2025-05-07
4191,,출금,427656,문화생활/여가,2025-02-04
4192,,출금,134305,기타,2025-01-16
4193,,출금,127916,생필품,2025-04-15
4194,,출금,399478,생필품,2025-02-02
4195,,출금,105468,식비,2025-02-05
4196,,출금,431220,기타,2025-06-26
4197,,출금,88016,의료/건강,2025-05-02
4198,,출금,113309,교통비,2025-02-08
4199,,출금,176546,생필품,2025-07-09
4200,,출금,70407,문화생활/여가,2025-06-19
4201,,출금,328839,식비,2025-06-16
4202,,출금,202283,생필품,2025-01-13
4203,,입금,937024,기타,2025-05-30
4204,,출금,388351,생필품,2025-04-20
4205,,출금,308804,기타,2025-02-02
4206,,출금,216937,패션/미용,2025-03-19
4207,,출금,195223,기타,2025-01-19
4208,,입금,1490657,부수입,2025-01-13
4209,,출금,229686,기타,2025-01-09
4210,,입금,1889727,부수입,2025-01-21
4211,,출금,193259,문화생활/여가,2025-03-17
4212,,출금,423537,식비,2025-01-07
4213,,출금,484859,식비,2025-05-01
4214,,출금,159921,의료/건강,2025-01-24
4215,,입금,1269484,월급,2025-03-30
4216,,출금,133398,기타,2025-07-01
4217,,입금,2221681,월급,2025-07-10
4218,,출금,195802,식비,2025-04-27
4219,,출금,489704,문화생활/여가,2025-02-20
4220,,출금,291286,생필품,2025-03-23
4221,,출금,273132,주거/공과금,2025-05-12
4222,,입금,513639,부수입,2025-04-03
4223,,입금,633983,월급,2025-03-08
4224,,출금,363716,교통비,2025-05-28
4225,,출금,104620,문화생활/여가,2025-01-04
4226,,출금,417438,주거/공과금,2025-06-28
4227,,출금,223653,문화생활/여가,2025-01-14
4228,,출금,353098,교통비,2025-07-12
4229,,입금,163873,기타,2025-05-14
4230,,출금,316977,생필품,2025-02-08
4231,,출금,492364,패션/미용,2025-01-27
4232,,입금,2297568,부수입,2025-01-27
4233,,입금,174172,기타,2025-03-30
4234,,입금,595280,기타,2025-02-13
4235,,출금,773,의료/건강,2025-03-05
4236,,출금,254424,주거/공과금,2025-04-09
4237,,입금,288742,부수입,2025-06-03
4238,,출금,34576,문화생활/여가,2025-04-20
4239,,출금,69839,기타,2025-05-24
4240,,출금,445415,기타,2025-05-01
4241,,출금,326662,식비,2025-05-03
4242,,입금,100546,월급,2025-02-26
4243,,출금,431858,교통비,2025-02-08
4244,,출금,249386,기타,2025-01-30
4245,,출금,24690,패션/미용,2025-01-27
4246,,출금,389214,문화생활/여가,2025-03-29
4247,,입금,1506563,월급,2025-03-19
4248,,입금,2347094,월급,2025-07-23
4249,,입금,762704,기타,2025-03-25
4250,,출금,69016,식비,2025-03-10
4251,,출금,232859,문화생활/여가,2025-01-18
4252,,입금,961652,부수입,2025-05-08
4253,,출금,313970,식비,2025-04-04
4254,,입금,613626,기타,2025-07-23
4255,,출금,427409,문화생활/여가,2025-03-15
4256,,출금,149900,주거/공과금,2025-05-21
4257,,출금,454084,의료/건강,2025-01-31
4258,,입금,1790740,기타,2025-07-25
4259,,출금,35557,기타,2025-06-01
4260,,입금,2448032,월급,2025-04-04
4261,,출금,398719,의료/건강,2025-05-27
4262,,입금,1352881,기타,2025-05-31
4263,,출금,440581,의료/건강,2025-05-27
4264,,출금,169531,교통비,2025-05-08
4265,,입금,356130,부수입,2025-03-27
4266,,입금,1252829,기타,2025-07-05
4267,,출금,138464,식비,2025-04-14
4268,,출금,395957,패션/미용,2025-01-13
4269,,출금,492741,주거/공과금,2025-04-01
4270,,출금,18370,패션/미용,2025-03-30
4271,,출금,359875,주거/공과금,2025-02-19
4272,,출금,266777,식비,2025-03-27
4273,,입금,1720546,부수입,2025-03-25
4274,,입금,1058815,월급,2025-06-30
4275,,입금,1945024,기타,2025-05-04
4276,,입금,944655,부수입,2025-04-02
4277,,출금,161860,생필품,2025-05-20
4278,,입금,663441,기타,2025-04-13
4279,,입금,1823536,기타,2025-02-06
4280,,출금,444497,주거/공과금,2025-03-05
4281,,입금,1713935,월급,2025-05-26
4282,,출금,387998,식비,2025-04-05
4283,,출금,383891,문화생활/여가,2025-06-14
4284,,입금,334363,월급,2025-02-09
4285,,출금,54953,주거/공과금,2025-03-13
4286,,입금,606401,기타,2025-02-09
4287,,출금,217672,문화생활/여가,2025-05-22
4288,,출금,360455,생필품,2025-02-15
4289,,출금,99943,교통비,2025-05-12
4290,,출금,379495,주거/공과금,2025-01-05
4291,,입금,2292747,기타,2025-01-01
4292,,입금,201012,기타,2025-04-09
4293,,출금,390400,교통비,2025-02-05
4294,,출금,178214,패션/미용,2025-06-27
4295,,입금,74625,월급,2025-04-18
4296,,입금,1871492,월급,2025-03-31
4297,,입금,2232506,부수입,2025-03-16
4298,,입금,1375947,기타,2025-01-31
4299,,입금,1775768,부수입,2025-01-28
4300,,출금,351605,교통비,2025-07-12
4301,,출금,347698,식비,2025-01-01
4302,,입금,1415119,월급,2025-06-25
4303,,출금,157023,패션/미용,2025-02-09
4304,,출금,208621,문화생활/여가,2025-06-18
4305,,입금,674901,기타,2025-05-16
4306,,출금,301070,주거/공과금,2025-01-05
4307,,출금,199404,주거/공과금,2025-06-04
4308,,입금,456788,부수입,2025-04-15
4309,,출금,176851,주거/공과금,2025-03-28
4310,,출금,449569,의료/건강,2025-06-12
4311,,입금,1197125,월급,2025-07-01
4312,,출금,304131,식비,2025-04-27
4313,,출금,80988,기타,2025-06-28
4314,,입금,1531833,월급,2025-03-04
4315,,출금,322044,의료/건강,2025-01-30
4316,,출금,55318,생필품,2025-07-11
4317,,입금,715692,월급,2025-04-24
4318,,출금,45757,문화생활/여가,2025-06-01
4319,,출금,125891,기타,2025-07-16
4320,,출금,77369,의료/건강,2025-07-26
4321,,출금,144504,주거/공과금,2025-06-05
4322,,출금,273322,주거/공과금,2025-07-12
4323,,출금,167045,기타,2025-04-03
4324,,출금,331984,주거/공과금,2025-06-02
4325,,출금,486472,생필품,2025-07-29
4326,,입금,2202192,월급,2025-07-07
4327,,입금,464917,월급,2025-07-14
4328,,출금,152460,생필품,2025-02-06
4329,,출금,77401,생필품,2025-03-28
4330,,출금,359406,식비,2025-05-20
4331,,출금,440796,교통비,2025-06-30
4332,,출금,255857,주거/공과금,2025-01-07
4333,,입금,1983805,기타,2025-07-25
4334,,출금,499898,기타,2025-03-16
4335,,출금,119273,교통비,2025-04-11
4336,,출금,475267,문화생활/여가,2025-03-01
4337,,출금,133859,기타,2025-02-26
4338,,출금,123091,교통비,2025-02-17
4339,,출금,449401,기타,2025-07-04
4340,,출금,161488,문화생활/여가,2025-02-04
4341,,출금,481801,패션/미용,2025-03-29
4342,,출금,350494,교통비,2025-07-22
4343,,출금,326618,교통비,2025-06-18
4344,,입금,825561,기타,2025-05-07
4345,,입금,2083024,부수입,2025-04-12
4346,,출금,305007,의료/건강,2025-07-06
4347,,출금,421237,주거/공과금,2025-07-16
4348,,출금,258412,교통비,2025-04-19
4349,,출금,362469,문화생활/여가,2025-05-25
4350,,출금,483632,식비,2025-04-13
4351,,입금,2169585,기타,2025-05-12
4352,,출금,446294,기타,2025-06-22
4353,,입금,1887986,부수입,2025-05-20
4354,,출금,284344,식비,2025-02-28
4355,,입금,782486,기타,2025-06-17
4356,,출금,270500,패션/미용,2025-03-20
4357,,출금,219550,식비,2025-01-12
4358,,출금,3355,기타,2025-01-04
4359,,출금,18672,교통비,2025-05-25
4360,,출금,29501,문화생활/여가,2025-05-06
4361,,출금,466011,주거/공과금,2025-02-19
4362,,입금,849161,월급,2025-07-19
4363,,출금,449283,의료/건강,2025-05-07
4364,,출금,236450,식비,2025-06-17
4365,,입금,447211,기타,2025-01-25
4366,,출금,462559,패션/미용,2025-01-22
4367,,입금,249326,부수입,2025-07-23
4368,,입금,2250669,월급,2025-07-09
4369,,입금,1782692,부수입,2025-05-02
4370,,출금,59848,패션/미용,2025-04-09
4371,,출금,55794,패션/미용,2025-07-24
4372,,출금,15286,패션/미용,2025-02-04
4373,,출금,162569,기타,2025-06-19
4374,,출금,302653,식비,2025-05-06
4375,,출금,12099,기타,2025-01-03
4376,,입금,2262626,월급,2025-01-02
4377,,출금,483822,패션/미용,2025-01-03
4378,,입금,556743,기타,2025-06-18
4379,,입금,489342,월급,2025-04-07
4380,,출금,355941,교통비,2025-07-30
4381,,입금,2487378,월급,2025-05-14
4382,,출금,103267,패션/미용,2025-05-26
4383,,입금,1313075,월급,2025-03-22
4384,,출금,24962,주거/공과금,2025-01-23
4385,,출금,245530,기타,2025-04-11
4386,,출금,182718,식비,2025-07-02
4387,,입금,1433129,기타,2025-07-05
4388,,출금,73433,교통비,2025-07-06
4389,,출금,416712,문화생활/여가,2025-01-29
4390,,입금,985661,부수입,2025-03-07
4391,,출금,189805,식비,2025-07-03
4392,,출금,53079,문화생활/여가,2025-05-30
4393,,출금,43555,의료/건강,2025-02-14
4394,,출금,442152,생필품,2025-05-19
4395,,출금,96550,교통비,2025-05-07
4396,,출금,165617,식비,2025-03-27
4397,,입금,856871,월급,2025-04-12
4398,,출금,22236,문화생활/여가,2025-01-16
4399,,출금,87167,주거/공과금,2025-05-27
4400,,입금,2440935,기타,2025-04-18
4401,,입금,192930,부수입,2025-03-06
4402,,입금,230829,부수입,2025-01-29
4403,,입금,892939,월급,2025-01-05
4404,,출금,257420,의료/건강,2025-07-30
4405,,출금,157268,생필품,2025-04-12
4406,,출금,433031,문화생활/여가,2025-02-10
4407,,출금,39225,패션/미용,2025-02-25
4408,,출금,432640,기타,2025-02-04
4409,,출금,36544,패션/미용,2025-07-08
4410,,출금,243198,기타,2025-02-06
4411,,입금,1749909,월급,2025-04-09
4412,,출금,134595,생필품,2025-06-15
4413,,입금,1784040,기타,2025-01-29
4414,,입금,1678437,기타,2025-07-27
4415,,입금,2067019,부수입,2025-03-08
4416,,입금,1954922,월급,2025-06-21
4417,,입금,1089637,월급,2025-07-05
4418,,출금,227188,식비,2025-05-11
4419,,출금,215094,문화생활/여가,2025-06-07
4420,,입금,310811,부수입,2025-05-30
4421,,출금,114334,식비,2025-03-07
4422,,출금,381304,문화생활/여가,2025-07-20
4423,,출금,201034,생필품,2025-03-08
4424,,출금,196272,의료/건강,2025-01-01
4425,,출금,217140,기타,2025-02-15
4426,,입금,421807,기타,2025-06-24
4427,,출금,430192,의료/건강,2025-05-28
4428,,출금,284161,기타,2025-05-04
4429,,출금,299635,식비,2025-02-08
4430,,출금,299793,생필품,2025-04-29
4431,,출금,156151,의료/건강,2025-06-14
4432,,입금,1319406,기타,2025-04-29
4433,,출금,56936,의료/건강,2025-03-17
4434,,출금,232045,주거/공과금,2025-06-23
4435,,출금,195818,패션/미용,2025-06-10
4436,,출금,358137,주거/공과금,2025-05-07
4437,,출금,239005,의료/건강,2025-05-14
4438,,출금,412562,식비,2025-05-31
4439,,출금,174033,의료/건강,2025-01-05
4440,,출금,398153,문화생활/여가,2025-05-28
4441,,출금,345550,주거/공과금,2025-04-28
4442,,출금,22678,생필품,2025-02-03
4443,,출금,430745,생필품,2025-06-03
4444,,출금,341749,생필품,2025-07-26
4445,,출금,73624,패션/미용,2025-06-04
4446,,출금,68184,식비,2025-06-09
4447,,출금,474316,교통비,2025-03-12
4448,,출금,228446,기타,2025-01-01
4449,,출금,369079,식비,2025-03-04
4450,,출금,85806,패션/미용,2025-04-04
4451,,출금,8507,문화생활/여가,2025-06-20
4452,,출금,262277,의료/건강,2025-01-24
4453,,출금,93507,주거/공과금,2025-07-04
4454,,출금,50203,기타,2025-07-14
4455,,출금,72153,의료/건강,2025-04-23
4456,,입금,1933424,월급,2025-02-14
4457,,출금,192188,패션/미용,2025-02-06
4458,,출금,33888,주거/공과금,2025-07-06
4459,,출금,108593,패션/미용,2025-06-05
4460,,출금,95997,주거/공과금,2025-03-01
4461,,출금,278499,문화생활/여가,2025-07-20
4462,,출금,114582,식비,2025-06-19
4463,,출금,172972,주거/공과금,2025-05-07
4464,,출금,309460,교통비,2025-05-01
4465,,입금,753800,부수입,2025-06-29
4466,,출금,43515,식비,2025-07-02
4467,,출금,92185,패션/미용,2025-01-09
4468,,출금,217542,의료/건강,2025-01-17
4469,,출금,363317,의료/건강,2025-07-29
4470,,출금,146726,교통비,2025-02-10
4471,,출금,22087,기타,2025-02-06
4472,,입금,656163,월급,2025-01-06
4473,,출금,371652,기타,2025-03-27
4474,,출금,433192,식비,2025-07-08
4475,,출금,449651,식비,2025-03-20
4476,,출금,416165,주거/공과금,2025-03-13
4477,,출금,377201,패션/미용,2025-06-21
4478,,출금,154123,식비,2025-06-27
4479,,출금,154434,의료/건강,2025-06-16
4480,,입금,2153186,기타,2025-07-25
4481,,출금,389283,식비,2025-02-05
4482,,출금,300720,식비,2025-05-08
4483,,출금,281629,교통비,2025-04-08
4484,,출금,33244,문화생활/여가,2025-05-19
4485,,출금,79740,생필품,2025-04-22
4486,,출금,427674,생필품,2025-04-30
4487,,출금,23576,의료/건강,2025-02-13
4488,,입금,96908,월급,2025-05-11
4489,,입금,1829515,부수입,2025-05-19
4490,,출금,22904,교통비,2025-03-17
4491,,출금,139548,패션/미용,2025-03-17
4492,,입금,509339,부수입,2025-05-15
4493,,입금,716308,부수입,2025-04-15
4494,,입금,488210,월급,2025-07-08
4495,,출금,144675,문화생활/여가,2025-03-26
4496,,출금,114447,교통비,2025-02-20
4497,,출금,148681,교통비,2025-04-17
4498,,출금,146169,기타,2025-04-26
4499,,출금,110412,의료/건강,2025-05-01
4500,,입금,2176024,월급,2025-07-20
4501,,입금,585480,기타,2025-02-13
4502,,출금,413012,패션/미용,2025-04-07
4503,,출금,385743,패션/미용,2025-05-03
4504,,출금,268012,생필품,2025-06-21
4505,,출금,347741,식비,2025-02-16
4506,,입금,1868060,부수입,2025-03-26
4507,,출금,289532,문화생활/여가,2025-02-07
4508,,출금,379953,식비,2025-04-10
4509,,출금,290110,주거/공과금,2025-02-10
4510,,출금,381538,의료/건강,2025-02-03
4511,,입금,762323,월급,2025-03-28
4512,,출금,115901,주거/공과금,2025-06-25
4513,,입금,2127113,부수입,2025-04-28
4514,,입금,240295,기타,2025-07-13
4515,,입금,1898984,월급,2025-07-22
4516,,출금,102870,주거/공과금,2025-07-20
4517,,출금,241760,의료/건강,2025-05-24
4518,,입금,461983,부수입,2025-02-07
4519,,입금,2485515,월급,2025-06-23
4520,,출금,367277,문화생활/여가,2025-01-30
4521,,출금,142047,생필품,2025-02-24
4522,,출금,271771,기타,2025-02-07
4523,,출금,344199,식비,2025-02-25
4524,,출금,344229,기타,2025-06-30
4525,,출금,195227,주거/공과금,2025-04-26
4526,,입금,1380052,부수입,2025-06-25
4527,,출금,448552,생필품,2025-06-28
4528,,입금,939910,월급,2025-02-04
4529,,출금,45230,교통비,2025-06-22
4530,,출금,136740,기타,2025-07-25
4531,,출금,453155,의료/건강,2025-03-22
4532,,출금,55037,생필품,2025-02-12
4533,,입금,971370,월급,2025-03-09
4534,,출금,416568,문화생활/여가,2025-07-08
4535,,입금,891171,월급,2025-02-11
4536,,입금,1412059,월급,2025-04-25
4537,,입금,936013,월급,2025-03-30
4538,,출금,319997,식비,2025-06-23
4539,,출금,408756,패션/미용,2025-06-27
4540,,입금,1683445,기타,2025-03-04
4541,,출금,247746,생필품,2025-01-26
4542,,출금,341568,의료/건강,2025-04-06
4543,,입금,2017767,월급,2025-03-02
4544,,입금,222448,월급,2025-01-31
4545,,출금,203722,패션/미용,2025-06-21
4546,,출금,32439,의료/건강,2025-01-11
4547,,입금,1743703,월급,2025-05-14
4548,,출금,451470,생필품,2025-06-14
4549,,출금,403366,주거/공과금,2025-05-20
4550,,입금,1594978,월급,2025-04-29
4551,,출금,314472,기타,2025-05-05
4552,,출금,327856,패션/미용,2025-02-02
4553,,출금,52121,기타,2025-01-30
4554,,입금,1057052,부수입,2025-05-20
4555,,입금,1420028,월급,2025-05-28
4556,,출금,368452,생필품,2025-07-09
4557,,출금,274759,주거/공과금,2025-07-11
4558,,출금,308202,패션/미용,2025-03-05
4559,,출금,145036,패션/미용,2025-01-13
4560,,입금,560902,월급,2025-07-05
4561,,출금,173205,의료/건강,2025-01-11
4562,,입금,1149997,부수입,2025-05-27
4563,,출금,42359,교통비,2025-07-21
4564,,출금,197472,기타,2025-01-07
4565,,출금,360696,문화생활/여가,2025-04-21
4566,,입금,1492607,월급,2025-05-31
4567,,출금,452721,교통비,2025-05-04
4568,,출금,258886,문화생활/여가,2025-06-06
4569,,출금,493373,패션/미용,2025-03-31
4570,,출금,107766,식비,2025-03-21
4571,,출금,257772,주거/공과금,2025-02-19
4572,,출금,310251,주거/공과금,2025-07-26
4573,,출금,252824,식비,2025-07-03
4574,,출금,379927,패션/미용,2025-04-17
4575,,출금,16391,주거/공과금,2025-04-23
4576,,출금,312017,기타,2025-02-25
4577,,출금,372303,의료/건강,2025-05-27
4578,,출금,211670,패션/미용,2025-03-17
4579,,출금,45294,의료/건강,2025-06-27
4580,,출금,234230,의료/건강,2025-01-02
4581,,출금,201144,기타,2025-05-06
4582,,출금,429758,문화생활/여가,2025-02-24
4583,,출금,305907,기타,2025-05-21
4584,,출금,303534,생필품,2025-01-14
4585,,입금,440487,월급,2025-05-14
4586,,출금,12881,생필품,2025-03-10
4587,,출금,232474,패션/미용,2025-06-09
4588,,출금,433123,의료/건강,2025-07-23
4589,,출금,468380,기타,2025-01-24
4590,,출금,160071,주거/공과금,2025-07-27
4591,,출금,292234,주거/공과금,2025-06-27
4592,,출금,286201,기타,2025-01-11
4593,,출금,187969,주거/공과금,2025-07-25
4594,,출금,114685,의료/건강,2025-06-23
4595,,입금,1842604,기타,2025-06-02
4596,,출금,222380,식비,2025-01-03
4597,,출금,247290,교통비,2025-07-28
4598,,입금,896307,기타,2025-02-03
4599,,출금,379721,생필품,2025-05-28
4600,,출금,399033,기타,2025-01-29
4601,,출금,453695,생필품,2025-07-26
4602,,출금,366997,패션/미용,2025-03-23
4603,,출금,199628,주거/공과금,2025-03-28
4604,,입금,1959361,월급,2025-06-01
4605,,출금,141974,패션/미용,2025-05-16
4606,,출금,67566,기타,2025-03-31
4607,,출금,262999,기타,2025-05-27
4608,,출금,160164,주거/공과금,2025-03-17
4609,,출금,229738,패션/미용,2025-04-23
4610,,출금,409307,생필품,2025-05-01
4611,,출금,207762,문화생활/여가,2025-07-20
4612,,출금,237580,식비,2025-01-27
4613,,출금,306312,교통비,2025-01-23
4614,,출금,431987,문화생활/여가,2025-01-02
4615,,출금,453912,식비,2025-04-22
4616,,출금,156671,식비,2025-04-19
4617,,출금,213884,식비,2025-01-06
4618,,출금,272695,주거/공과금,2025-07-01
4619,,출금,77672,교통비,2025-04-06
4620,,출금,168679,교통비,2025-06-02
4621,,출금,396600,의료/건강,2025-01-03
4622,,출금,367448,주거/공과금,2025-06-03
4623,,출금,331790,주거/공과금,2025-06-04
4624,,출금,138639,교통비,2025-05-28
4625,,출금,30775,교통비,2025-06-21
4626,,입금,991938,기타,2025-03-19
4627,,입금,1894445,부수입,2025-02-16
4628,,입금,1588240,부수입,2025-02-17
4629,,출금,31578,의료/건강,2025-04-17
4630,,출금,38874,생필품,2025-02-07
4631,,출금,491062,문화생활/여가,2025-01-20
4632,,출금,28982,교통비,2025-06-08
4633,,입금,1272534,기타,2025-01-28
4634,,출금,232934,기타,2025-07-21
4635,,출금,303244,의료/건강,2025-04-16
4636,,입금,1143785,부수입,2025-02-17
4637,,입금,1333024,기타,2025-04-27
4638,,입금,2078270,부수입,2025-01-07
4639,,출금,15785,의료/건강,2025-04-14
4640,,입금,1715166,기타,2025-02-05
4641,,출금,167391,교통비,2025-07-29
4642,,출금,76217,의료/건강,2025-01-22
4643,,입금,1674345,기타,2025-01-16
4644,,출금,439986,문화생활/여가,2025-01-11
4645,,출금,270390,기타,2025-01-11
4646,,입금,1837376,부수입,2025-04-17
4647,,출금,461915,식비,2025-07-25
4648,,출금,176143,생필품,2025-07-21
4649,,입금,1702497,월급,2025-05-06
4650,,출금,396009,식비,2025-05-01
4651,,입금,364172,기타,2025-07-26
4652,,출금,94567,교통비,2025-05-03
4653,,출금,109683,패션/미용,2025-02-13
4654,,입금,1068286,부수입,2025-04-26
4655,,출금,191191,교통비,2025-07-19
4656,,출금,451325,문화생활/여가,2025-04-22
4657,,입금,2087140,부수입,2025-05-27
4658,,출금,17579,패션/미용,2025-07-07
4659,,출금,81711,식비,2025-04-04
4660,,입금,749717,월급,2025-02-11
4661,,입금,1508228,월급,2025-06-28
4662,,출금,173370,교통비,2025-02-11
4663,,출금,122311,문화생활/여가,2025-01-27
4664,,출금,417479,의료/건강,2025-06-13
4665,,출금,433177,문화생활/여가,2025-02-26
4666,,출금,489269,식비,2025-06-20
4667,,출금,458845,문화생활/여가,2025-04-20
4668,,출금,125127,기타,2025-01-05
4669,,출금,275512,식비,2025-05-14
4670,,출금,440135,주거/공과금,2025-06-20
4671,,출금,91099,기타,2025-03-22
4672,,입금,470529,월급,2025-06-01
4673,,출금,79175,패션/미용,2025-04-02
4674,,입금,1657731,월급,2025-05-08
4675,,출금,340253,패션/미용,2025-04-26
4676,,출금,204103,기타,2025-02-12
4677,,입금,2419885,기타,2025-04-02
4678,,입금,516402,월급,2025-02-26
4679,,출금,294667,의료/건강,2025-03-30
4680,,출금,254021,문화생활/여가,2025-07-14
4681,,출금,51140,생필품,2025-02-25
4682,,출금,255730,식비,2025-07-16
4683,,입금,134482,월급,2025-01-25
4684,,입금,1204800,기타,2025-05-25
4685,,출금,282965,문화생활/여가,2025-06-21
4686,,출금,362004,문화생활/여가,2025-04-19
4687,,출금,53393,교통비,2025-07-30
4688,,입금,2160648,월급,2025-03-15
4689,,입금,856274,기타,2025-02-24
4690,,출금,55647,기타,2025-01-07
4691,,출금,64902,기타,2025-06-26
4692,,입금,1627044,부수입,2025-05-31
4693,,출금,491837,주거/공과금,2025-07-21
4694,,입금,189303,부수입,2025-06-03
4695,,입금,1869190,월급,2025-01-27
4696,,출금,90647,의료/건강,2025-05-06
4697,,입금,2364241,부수입,2025-07-07
4698,,출금,295738,문화생활/여가,2025-05-14
4699,,출금,54488,패션/미용,2025-03-05
4700,,출금,280774,기타,2025-04-06
4701,,입금,2120864,기타,2025-03-15
4702,,입금,2153128,부수입,2025-01-20
4703,,출금,89868,의료/건강,2025-05-30
4704,,출금,335953,식비,2025-05-28
4705,,출금,117783,교통비,2025-01-25
4706,,출금,386732,교통비,2025-06-17
4707,,입금,2198480,기타,2025-04-05
4708,,출금,362632,생필품,2025-06-22
4709,,출금,340407,문화생활/여가,2025-01-05
4710,,출금,64049,주거/공과금,2025-02-12
4711,,출금,451184,생필품,2025-03-26
4712,,입금,1174675,기타,2025-03-17
4713,,입금,2469629,월급,2025-07-15
4714,,출금,313851,문화생활/여가,2025-01-31
4715,,출금,363349,식비,2025-07-26
4716,,입금,1942620,기타,2025-07-30
4717,,출금,190389,의료/건강,2025-07-28
4718,,출금,324946,식비,2025-02-20
4719,,입금,821380,기타,2025-03-27
4720,,입금,1121098,부수입,2025-01-30
4721,,출금,355211,문화생활/여가,2025-05-10
4722,,출금,311914,주거/공과금,2025-03-01
4723,,입금,2274382,기타,2025-05-05
4724,,입금,782345,부수입,2025-05-07
4725,,입금,746595,기타,2025-04-13
4726,,출금,453900,문화생활/여가,2025-03-17
4727,,출금,64728,주거/공과금,2025-03-15
4728,,출금,79252,의료/건강,2025-03-31
4729,,출금,345427,패션/미용,2025-02-10
4730,,입금,1713259,부수입,2025-03-19
4731,,출금,496240,생필품,2025-06-16
4732,,출금,184083,의료/건강,2025-03-12
4733,,출금,399968,기타,2025-04-28
4734,,입금,1547025,부수입,2025-06-26
4735,,출금,211887,주거/공과금,2025-01-18
4736,,출금,77914,의료/건강,2025-01-21
4737,,입금,2139417,부수입,2025-01-18
4738,,출금,324740,패션/미용,2025-04-23
4739,,출금,395314,식비,2025-03-10
4740,,출금,339442,식비,2025-07-11
4741,,입금,1936023,기타,2025-03-14
4742,,출금,43682,의료/건강,2025-03-25
4743,,출금,221271,문화생활/여가,2025-02-03
4744,,출금,21072,식비,2025-01-09
4745,,출금,400785,식비,2025-06-11
4746,,출금,217251,식비,2025-07-28
4747,,입금,441035,월급,2025-01-31
4748,,출금,182370,생필품,2025-04-05
4749,,입금,1781551,부수입,2025-02-24
4750,,출금,369166,의료/건강,2025-05-31
4751,,입금,1066646,월급,2025-05-27
4752,,출금,172026,패션/미용,2025-03-22
4753,,입금,2261481,기타,2025-03-11
4754,,출금,23836,패션/미용,2025-07-06
4755,,입금,740193,월급,2025-05-25
4756,,출금,157759,식비,2025-07-30
4757,,입금,383994,기타,2025-05-30
4758,,출금,88425,문화생활/여가,2025-05-27
4759,,출금,2777,의료/건강,2025-01-15
4760,,입금,2083779,기타,2025-05-21
4761,,출금,410966,문화생활/여가,2025-04-15
4762,,입금,1447685,부수입,2025-03-17
4763,,출금,78375,문화생활/여가,2025-05-18
4764,,출금,135748,생필품,2025-07-10
4765,,입금,2283715,기타,2025-02-13
4766,,입금,500364,기타,2025-06-04
4767,,출금,55168,의료/건강,2025-06-24
4768,,출금,450276,의료/건강,2025-02-03
4769,,출금,329941,패션/미용,2025-07-19
4770,,입금,1688834,기타,2025-02-05
4771,,출금,425574,주거/공과금,2025-05-31
4772,,출금,271450,패션/미용,2025-03-16
4773,,출금,42268,의료/건강,2025-01-01
4774,,출금,493542,패션/미용,2025-07-22
4775,,출금,345395,기타,2025-02-14
4776,,출금,134308,생필품,2025-02-23
4777,,입금,498618,부수입,2025-07-08
4778,,출금,110152,의료/건강,2025-03-25
4779,,출금,353900,주거/공과금,2025-05-02
4780,,출금,487757,교통비,2025-02-06
4781,,입금,1488935,부수입,2025-04-01
4782,,출금,403153,패션/미용,2025-04-20
4783,,출금,111287,교통비,2025-05-24
4784,,출금,318074,의료/건강,2025-07-02
4785,,출금,98676,의료/건강,2025-02-27
4786,,출금,310950,문화생활/여가,2025-07-06
4787,,출금,204073,문화생활/여가,2025-02-21
4788,,입금,88009,부수입,2025-01-25
4789,,출금,54612,생필품,2025-04-05
4790,,출금,221786,주거/공과금,2025-02-27
4791,,출금,129231,패션/미용,2025-02-02
4792,,입금,1738008,부수입,2025-01-21
4793,,출금,6299,기타,2025-01-24
4794,,입금,1512883,월급,2025-07-24
4795,,출금,157123,식비,2025-03-21
4796,,입금,1887450,부수입,2025-03-29
4797,,입금,1275769,월급,2025-05-15
4798,,출금,307864,주거/공과금,2025-02-05
4799,,출금,188949,생필품,2025-04-25
4800,,출금,41719,문화생활/여가,2025-07-30
4801,,출금,300218,주거/공과금,2025-06-16
4802,,입금,1452275,기타,2025-05-25
4803,,출금,285749,생필품,2025-04-12
4804,,출금,213614,교통비,2025-06-15
4805,,출금,255184,의료/건강,2025-05-11
4806,,입금,2394060,기타,2025-01-01
4807,,출금,404518,문화생활/여가,2025-01-08
4808,,입금,50049,부수입,2025-04-12
4809,,입금,2469489,기타,2025-07-22
4810,,출금,50401,식비,2025-01-30
4811,,출금,430124,식비,2025-06-07
4812,,출금,356031,주거/공과금,2025-06-25
4813,,출금,31329,패션/미용,2025-03-28
4814,,출금,251568,기타,2025-04-08
4815,,출금,88119,패션/미용,2025-03-19
4816,,출금,250997,기타,2025-05-04
4817,,입금,1256963,월급,2025-05-04
4818,,출금,189490,패션/미용,2025-06-26
4819,,입금,88466,월급,2025-03-04
4820,,출금,133437,교통비,2025-04-21
4821,,출금,188859,의료/건강,2025-01-02
4822,,입금,677802,월급,2025-07-17
4823,,입금,2461202,월급,2025-05-09
4824,,입금,2436721,부수입,2025-04-30
4825,,출금,489519,패션/미용,2025-03-22
4826,,출금,269779,문화생활/여가,2025-01-18
4827,,출금,344103,주거/공과금,2025-07-07
4828,,출금,24219,문화생활/여가,2025-03-19
4829,,출금,397899,기타,2025-03-19
4830,,입금,246721,월급,2025-06-07
4831,,출금,311726,식비,2025-03-01
4832,,출금,101986,주거/공과금,2025-06-03
4833,,출금,272559,생필품,2025-02-15
4834,,출금,254786,생필품,2025-04-02
4835,,입금,1148679,월급,2025-05-26
4836,,입금,713500,기타,2025-05-10
4837,,출금,260720,주거/공과금,2025-06-30
4838,,출금,298799,주거/공과금,2025-02-12
4839,,입금,1091768,기타,2025-07-27
4840,,출금,493511,교통비,2025-04-27
4841,,출금,366865,주거/공과금,2025-03-17
4842,,출금,442434,기타,2025-05-25
4843,,출금,341259,기타,2025-03-19
4844,,출금,358012,문화생활/여가,2025-04-06
4845,,출금,428905,교통비,2025-03-04
4846,,출금,440663,의료/건강,2025-02-08
4847,,출금,211675,교통비,2025-04-22
4848,,출금,157344,의료/건강,2025-05-15
4849,,출금,345583,의료/건강,2025-04-23
4850,,출금,435588,의료/건강,2025-04-17
4851,,입금,377238,기타,2025-01-05
4852,,출금,59116,의료/건강,2025-04-26
4853,,입금,171771,부수입,2025-03-21
4854,,출금,404405,패션/미용,2025-02-20
4855,,출금,37847,식비,2025-03-31
4856,,출금,344468,문화생활/여가,2025-05-11
4857,,출금,30288,식비,2025-06-15
4858,,출금,462850,교통비,2025-06-04
4859,,입금,382445,기타,2025-03-25
4860,,입금,991637,부수입,2025-02-01
4861,,출금,489601,문화생활/여가,2025-07-15
4862,,입금,1289617,월급,2025-07-26
4863,,출금,314253,패션/미용,2025-05-05
4864,,출금,289151,의료/건강,2025-02-08
4865,,출금,348074,식비,2025-06-16
4866,,출금,358691,문화생활/여가,2025-04-08
4867,,입금,1414812,기타,2025-03-24
4868,,출금,166979,생필품,2025-03-26
4869,,출금,423867,주거/공과금,2025-01-31
4870,,출금,13584,기타,2025-02-05
4871,,입금,1453481,기타,2025-04-21
4872,,입금,50685,기타,2025-04-12
4873,,출금,224685,교통비,2025-04-14
4874,,입금,97021,부수입,2025-04-17
4875,,출금,348553,생필품,2025-03-15
4876,,출금,498488,기타,2025-07-25
4877,,출금,352222,주거/공과금,2025-05-02
4878,,출금,224400,식비,2025-03-18
4879,,출금,358638,패션/미용,2025-01-08
4880,,출금,320190,식비,2025-03-13
4881,,출금,499782,교통비,2025-03-29
4882,,출금,95896,생필품,2025-03-13
4883,,출금,81223,의료/건강,2025-07-19
4884,,출금,315433,생필품,2025-03-08
4885,,출금,415395,패션/미용,2025-04-20
4886,,출금,459557,기타,2025-04-28
4887,,입금,573259,부수입,2025-07-24
4888,,출금,494619,문화생활/여가,2025-07-14
4889,,출금,84839,문화생활/여가,2025-01-16
4890,,입금,127277,월급,2025-04-18
4891,,출금,371206,패션/미용,2025-06-27
4892,,출금,70569,교통비,2025-03-18
4893,,출금,7014,교통비,2025-07-02
4894,,입금,2091519,월급,2025-02-12
4895,,출금,169351,주거/공과금,2025-03-07
4896,,출금,311397,주거/공과금,2025-04-13
4897,,출금,216766,기타,2025-06-10
4898,,출금,284673,교통비,2025-05-21
4899,,출금,461132,주거/공과금,2025-04-19
4900,,입금,1700271,월급,2025-04-08
4901,,출금,477147,문화생활/여가,2025-03-15
4902,,입금,1743680,기타,2025-06-11
4903,,출금,442020,기타,2025-04-16
4904,,출금,208770,패션/미용,2025-04-08
4905,,출금,193406,식비,2025-07-20
4906,,출금,490934,문화생활/여가,2025-04-15
4907,,출금,230336,문화생활/여가,2025-05-19
4908,,입금,2212965,기타,2025-06-10
4909,,출금,327848,생필품,2025-03-21
4910,,입금,1750179,기타,2025-03-22
4911,,출금,67853,문화생활/여가,2025-02-08
4912,,출금,37074,패션/미용,2025-02-22
4913,,출금,15593,문화생활/여가,2025-06-21
4914,,출금,429411,기타,2025-04-14
4915,,출금,360065,의료/건강,2025-03-01
4916,,출금,91599,패션/미용,2025-03-03
4917,,출금,438120,패션/미용,2025-03-20
4918,,입금,1307718,월급,2025-05-31
4919,,입금,2091493,부수입,2025-04-27
4920,,입금,2474618,부수입,2025-06-02
4921,,입금,776448,기타,2025-03-13
4922,,입금,1341176,부수입,2025-05-10
4923,,출금,12801,생필품,2025-03-31
4924,,입금,1204687,부수입,2025-01-19
4925,,입금,1722461,부수입,2025-06-27
4926,,출금,367266,식비,2025-05-17
4927,,출금,255670,식비,2025-02-08
4928,,입금,113804,기타,2025-04-02
4929,,입금,1388683,부수입,2025-01-28
4930,,출금,478846,패션/미용,2025-06-27
4931,,출금,237028,의료/건강,2025-02-17
4932,,출금,458465,주거/공과금,2025-06-06
4933,,입금,1546838,월급,2025-06-01
4934,,출금,359213,교통비,2025-07-21
4935,,출금,234719,문화생활/여가,2025-06-12
4936,,출금,377680,주거/공과금,2025-07-09
4937,,출금,178827,식비,2025-05-03
4938,,출금,68850,의료/건강,2025-03-21
4939,,출금,115036,패션/미용,2025-06-13
4940,,입금,2071753,월급,2025-03-07
4941,,출금,29770,식비,2025-05-26
4942,,출금,482919,문화생활/여가,2025-03-13
4943,,출금,233866,문화생활/여가,2025-04-22
4944,,출금,360527,패션/미용,2025-05-05
4945,,입금,477175,월급,2025-05-20
4946,,출금,141429,식비,2025-01-18
4947,,입금,170561,월급,2025-04-24
4948,,출금,365052,교통비,2025-05-22
4949,,출금,444330,의료/건강,2025-04-26
4950,,출금,402237,의료/건강,2025-03-29
4951,,입금,1488309,부수입,2025-05-03
4952,,출금,126046,의료/건강,2025-03-31
4953,,출금,160044,생필품,2025-03-25
4954,,출금,231392,식비,2025-05-01
4955,,출금,232498,기타,2025-02-23
4956,,출금,66019,교통비,2025-06-04
4957,,출금,375821,패션/미용,2025-02-24
4958,,출금,326286,의료/건강,2025-02-02
4959,,출금,5911,생필품,2025-04-28
4960,,출금,191475,기타,2025-02-18
4961,,출금,28932,패션/미용,2025-01-17
4962,,출금,5131,기타,2025-05-07
4963,,출금,336194,패션/미용,2025-05-29
4964,,입금,1485297,부수입,2025-07-06
4965,,입금,1117006,월급,2025-03-14
4966,,출금,273756,문화생활/여가,2025-04-07
4967,,출금,126057,기타,2025-04-22
4968,,출금,482263,문화생활/여가,2025-02-23
4969,,출금,291083,주거/공과금,2025-02-22
4970,,출금,272227,기타,2025-05-12
4971,,출금,484225,패션/미용,2025-01-07
4972,,출금,444963,패션/미용,2025-04-06
4973,,출금,65382,주거/공과금,2025-07-24
4974,,입금,431594,부수입,2025-06-09
4975,,출금,210239,패션/미용,2025-06-22
4976,,출금,147895,생필품,2025-05-19
4977,,출금,336039,패션/미용,2025-05-16
4978,,출금,337913,주거/공과금,2025-03-20
4979,,입금,798264,부수입,2025-07-05
4980,,출금,393480,의료/건강,2025-06-11
4981,,입금,140356,월급,2025-06-10
4982,,출금,473678,식비,2025-02-26
4983,,출금,257312,주거/공과금,2025-06-20
4984,,출금,481038,패션/미용,2025-06-01
4985,,출금,398231,주거/공과금,2025-04-09
4986,,출금,160668,식비,2025-01-18
4987,,입금,1747579,부수입,2025-06-21
4988,,출금,40157,패션/미용,2025-01-30
4989,,출금,346510,교통비,2025-07-13
4990,,입금,2098655,부수입,2025-04-11
4991,,입금,644339,월급,2025-02-18
4992,,출금,453176,교통비,2025-07-15
4993,,입금,335343,기타,2025-07-11
4994,,입금,2124934,월급,2025-06-19
4995,,출금,498551,문화생활/여가,2025-05-11
4996,,출금,490349,생필품,2025-07-11
4997,,출금,227268,패션/미용,2025-04-16
4998,,출금,5144,주거/공과금,2025-07-08
4999,,입금,1537063,기타,2025-07-02
5000,,출금,237485,문화생활/여가,2025-07-23
5001,,출금,72279,기타,2025-06-03
5002,,출금,223001,교통비,2025-01-14
5003,,출금,149328,생필품,2025-05-07
5004,,출금,262653,기타,2025-01-12
5005,,출금,120732,문화생활/여가,2025-05-18
5006,,출금,135541,생필품,2025-06-02
5007,,출금,90250,식비,2025-01-07
5008,,출금,267518,주거/공과금,2025-05-24
5009,,출금,181759,교통비,2025-04-07
5010,,출금,455929,의료/건강,2025-02-23
5011,,출금,367005,기타,2025-05-26
5012,,입금,1397972,기타,2025-02-11
5013,,출금,52353,패션/미용,2025-07-26
5014,,출금,352252,주거/공과금,2025-04-17
5015,,출금,56567,주거/공과금,2025-02-02
5016,,출금,12866,패션/미용,2025-03-21
5017,,출금,293489,기타,2025-04-12
5018,,출금,284560,교통비,2025-05-21
5019,,출금,446912,의료/건강,2025-04-22
5020,,출금,94558,패션/미용,2025-04-19
5021,,출금,10717,생필품,2025-05-07
5022,,출금,44794,패션/미용,2025-05-25
5023,,출금,42883,주거/공과금,2025-07-11
5024,,입금,624950,월급,2025-06-05
5025,,입금,453521,기타,2025-06-19
5026,,출금,169148,주거/공과금,2025-06-15
5027,,출금,435260,패션/미용,2025-02-02
5028,,출금,4002,패션/미용,2025-03-07
5029,,입금,2006774,월급,2025-05-26
5030,,출금,19121,의료/건강,2025-06-28
5031,,출금,424247,문화생활/여가,2025-04-24
5032,,출금,343189,생필품,2025-05-29
5033,,출금,178477,기타,2025-01-07
5034,,입금,237827,기타,2025-01-07
5035,,입금,2002522,부수입,2025-06-26
5036,,출금,140925,주거/공과금,2025-01-06
5037,,출금,289423,문화생활/여가,2025-04-04
5038,,입금,1182701,부수입,2025-04-01
5039,,출금,398292,주거/공과금,2025-05-11
5040,,출금,237105,주거/공과금,2025-04-01
5041,,출금,164485,교통비,2025-05-14
5042,,출금,236576,의료/건강,2025-03-15
5043,,입금,392589,부수입,2025-03-23
5044,,출금,100552,의료/건강,2025-06-21
5045,,출금,136507,생필품,2025-01-15
5046,,출금,133061,문화생활/여가,2025-07-23
5047,,출금,203323,교통비,2025-01-13
5048,,출금,473974,식비,2025-06-17
5049,,출금,496898,의료/건강,2025-07-07
5050,,입금,65649,부수입,2025-02-23
5051,,출금,230725,패션/미용,2025-07-14
5052,,출금,432019,생필품,2025-02-06
5053,,출금,142707,기타,2025-04-16
5054,,출금,59604,의료/건강,2025-04-04
5055,,입금,2200660,월급,2025-07-17
5056,,출금,318334,의료/건강,2025-02-21
5057,,출금,144138,기타,2025-06-23
5058,,출금,27226,식비,2025-06-28
5059,,출금,125050,의료/건강,2025-03-17
5060,,출금,285471,식비,2025-06-23
5061,,출금,254816,패션/미용,2025-01-13
5062,,출금,391554,패션/미용,2025-05-10
5063,,출금,47657,의료/건강,2025-04-10
5064,,입금,912736,부수입,2025-04-11
5065,,출금,460505,패션/미용,2025-04-01
5066,,출금,78416,교통비,2025-06-18
5067,,입금,1491378,기타,2025-03-10
5068,,출금,264672,패션/미용,2025-05-15
5069,,출금,271115,기타,2025-06-28
5070,,출금,30964,식비,2025-07-15
5071,,출금,402430,의료/건강,2025-02-06
5072,,출금,111492,패션/미용,2025-02-08
5073,,출금,164505,생필품,2025-03-06
5074,,출금,189211,식비,2025-07-04
5075,,출금,359674,의료/건강,2025-02-13
5076,,입금,1668652,월급,2025-01-16
5077,,출금,425536,교통비,2025-03-22
5078,,출금,167151,교통비,2025-06-28
5079,,출금,441939,식비,2025-03-23
5080,,출금,378264,주거/공과금,2025-06-12
5081,,출금,387335,기타,2025-07-17
5082,,출금,285032,패션/미용,2025-05-25
5083,,입금,2047259,기타,2025-04-02
5084,,출금,319923,주거/공과금,2025-01-24
5085,,입금,739149,기타,2025-07-23
5086,,출금,409060,교통비,2025-06-07
5087,,입금,1842982,부수입,2025-01-27
5088,,출금,455214,생필품,2025-06-19
5089,,출금,26303,문화생활/여가,2025-04-25
5090,,출금,114449,식비,2025-03-03
5091,,출금,157357,식비,2025-04-20
5092,,출금,171069,식비,2025-06-24
5093,,출금,372159,교통비,2025-06-11
5094,,출금,495050,문화생활/여가,2025-05-20
5095,,출금,164455,생필품,2025-02-21
5096,,출금,19577,문화생활/여가,2025-05-22
5097,,출금,499073,식비,2025-07-18
5098,,출금,159757,문화생활/여가,2025-06-08
5099,,출금,138955,기타,2025-01-10
5100,,출금,13434,주거/공과금,2025-02-24
5101,,입금,121021,부수입,2025-03-25
5102,,출금,226669,생필품,2025-02-16
5103,,출금,321012,주거/공과금,2025-05-28
5104,,출금,277431,주거/공과금,2025-07-21
5105,,출금,404064,의료/건강,2025-06-26
5106,,출금,266939,의료/건강,2025-07-23
5107,,출금,188758,의료/건강,2025-01-22
5108,,출금,172921,의료/건강,2025-05-02
5109,,입금,125928,월급,2025-01-18
5110,,출금,273247,교통비,2025-05-26
5111,,출금,298651,문화생활/여가,2025-01-02
5112,,입금,1775245,월급,2025-06-05
5113,,출금,392594,문화생활/여가,2025-03-20
5114,,출금,451018,문화생활/여가,2025-07-03
5115,,출금,310136,주거/공과금,2025-06-28
5116,,입금,891611,월급,2025-03-23
5117,,출금,380691,기타,2025-06-26
5118,,출금,320583,문화생활/여가,2025-01-07
5119,,입금,869266,월급,2025-06-06
5120,,입금,749145,기타,2025-06-06
5121,,출금,182919,주거/공과금,2025-02-20
5122,,출금,13482,패션/미용,2025-03-01
5123,,출금,17533,문화생활/여가,2025-01-15
5124,,출금,27658,기타,2025-05-21
5125,,입금,857408,기타,2025-04-09
5126,,출금,489738,문화생활/여가,2025-04-04
5127,,출금,11990,식비,2025-01-11
5128,,입금,1054163,월급,2025-06-21
5129,,출금,66118,교통비,2025-02-08
5130,,입금,910185,부수입,2025-02-25
5131,,출금,273750,패션/미용,2025-03-09
5132,,출금,402501,생필품,2025-01-14
5133,,출금,117716,식비,2025-06-05
5134,,출금,477207,식비,2025-04-20
5135,,출금,33098,패션/미용,2025-06-20
5136,,출금,257097,패션/미용,2025-03-31
5137,,입금,1971624,기타,2025-07-18
5138,,입금,129650,기타,2025-05-26
5139,,입금,211656,부수입,2025-04-07
5140,,출금,1126,주거/공과금,2025-01-18
5141,,출금,224528,문화생활/여가,2025-07-11
5142,,출금,165491,식비,2025-01-05
5143,,입금,351041,월급,2025-01-08
5144,,출금,354664,주거/공과금,2025-07-28
5145,,출금,438389,의료/건강,2025-07-07
5146,,출금,49085,문화생활/여가,2025-05-20
5147,,입금,1419928,기타,2025-02-22
5148,,출금,83859,생필품,2025-02-06
5149,,출금,113239,기타,2025-01-01
5150,,입금,1343454,부수입,2025-03-29
5151,,입금,1238470,월급,2025-07-18
5152,,출금,499736,의료/건강,2025-07-03
5153,,출금,139656,주거/공과금,2025-02-16
5154,,입금,786048,부수입,2025-01-24
5155,,출금,223310,생필품,2025-05-24
5156,,출금,28331,문화생활/여가,2025-05-25
5157,,출금,163138,생필품,2025-05-01
5158,,입금,1077317,부수입,2025-05-17
5159,,입금,2169236,부수입,2025-01-08
5160,,출금,159194,문화생활/여가,2025-01-14
5161,,입금,2446634,기타,2025-01-13
5162,,출금,352849,문화생활/여가,2025-01-04
5163,,출금,323265,교통비,2025-02-20
5164,,출금,44175,교통비,2025-06-28
5165,,입금,1590041,부수입,2025-02-03
5166,,출금,472113,식비,2025-06-29
5167,,출금,184940,의료/건강,2025-05-27
5168,,출금,167486,의료/건강,2025-05-26
5169,,입금,772857,기타,2025-07-28
5170,,입금,1075454,월급,2025-05-29
5171,,출금,166013,주거/공과금,2025-06-12
5172,,출금,145487,교통비,2025-03-27
5173,,입금,441852,부수입,2025-07-14
5174,,입금,728490,부수입,2025-02-19
5175,,입금,149423,부수입,2025-03-28
5176,,출금,148539,식비,2025-06-22
5177,,출금,469086,문화생활/여가,2025-05-23
5178,,입금,1236304,월급,2025-07-08
5179,,출금,466856,생필품,2025-02-13
5180,,출금,463090,의료/건강,2025-05-24
5181,,출금,229530,생필품,2025-04-27
5182,,출금,254903,주거/공과금,2025-04-06
5183,,출금,111555,문화생활/여가,2025-03-31
5184,,출금,389750,문화생활/여가,2025-04-15
5185,,출금,17193,문화생활/여가,2025-04-03
5186,,출금,429981,주거/공과금,2025-05-29
5187,,입금,792363,부수입,2025-03-12
5188,,입금,2252551,월급,2025-03-27
5189,,입금,2231553,부수입,2025-07-16
5190,,출금,376615,문화생활/여가,2025-02-04
5191,,입금,233182,기타,2025-02-11
5192,,출금,452148,식비,2025-04-05
5193,,출금,79508,생필품,2025-02-27
5194,,출금,2519,기타,2025-04-10
5195,,출금,379381,주거/공과금,2025-06-24
5196,,출금,469567,생필품,2025-02-02
5197,,입금,2275215,기타,2025-06-12
5198,,출금,456445,생필품,2025-04-09
5199,,출금,460603,주거/공과금,2025-03-19
5200,,출금,402970,식비,2025-02-08
5201,,출금,431093,패션/미용,2025-07-13
5202,,입금,186241,부수입,2025-07-12
5203,,출금,137590,생필품,2025-01-04
5204,,입금,1492747,월급,2025-04-04
5205,,출금,266670,교통비,2025-02-01
5206,,출금,148238,기타,2025-07-19
5207,,출금,146515,주거/공과금,2025-07-21
5208,,입금,741549,월급,2025-06-07
5209,,입금,72878,월급,2025-03-20
5210,,출금,194741,문화생활/여가,2025-05-15
5211,,입금,2359654,월급,2025-01-29
5212,,입금,2081823,기타,2025-03-11
5213,,출금,165088,교통비,2025-02-02
5214,,입금,2279258,부수입,2025-06-13
5215,,출금,272948,의료/건강,2025-06-03
5216,,입금,1724657,월급,2025-01-12
5217,,출금,195990,교통비,2025-05-02
5218,,출금,78652,의료/건강,2025-03-21
5219,,출금,185918,주거/공과금,2025-05-29
5220,,출금,448187,패션/미용,2025-05-12
5221,,출금,230158,주거/공과금,2025-05-30
5222,,출금,85805,식비,2025-05-25
5223,,출금,388763,패션/미용,2025-03-24
5224,,출금,151511,패션/미용,2025-01-30
5225,,출금,316926,교통비,2025-07-06
5226,,출금,450460,주거/공과금,2025-07-18
5227,,출금,329081,주거/공과금,2025-03-28
5228,,출금,235261,기타,2025-06-21
5229,,입금,2387374,월급,2025-04-13
5230,,출금,16883,기타,2025-04-10
5231,,출금,313735,기타,2025-06-17
5232,,출금,297242,의료/건강,2025-04-02
5233,,출금,259310,식비,2025-04-23
5234,,입금,891745,부수입,2025-05-12
5235,,출금,77392,식비,2025-02-23
5236,,출금,36780,의료/건강,2025-05-24
5237,,출금,104916,교통비,2025-06-28
5238,,입금,1336897,부수입,2025-01-18
5239,,출금,306900,주거/공과금,2025-02-04
5240,,출금,167802,의료/건강,2025-03-10
5241,,출금,409165,식비,2025-03-14
5242,,입금,2459891,월급,2025-06-08
5243,,입금,453110,기타,2025-06-11
5244,,입금,305281,기타,2025-03-21
5245,,출금,327779,패션/미용,2025-05-07
5246,,출금,128564,패션/미용,2025-04-25
5247,,출금,121334,주거/공과금,2025-04-30
5248,,입금,658395,월급,2025-02-28
5249,,출금,181032,패션/미용,2025-07-09
5250,,출금,18845,교통비,2025-06-15
5251,,입금,230102,기타,2025-07-25
5252,,입금,584186,기타,2025-07-06
5253,,출금,212659,식비,2025-01-05
5254,,출금,401313,주거/공과금,2025-03-21
5255,,입금,1620316,기타,2025-01-31
5256,,출금,86590,패션/미용,2025-01-12
5257,,출금,88255,기타,2025-06-13
5258,,입금,485112,부수입,2025-06-03
5259,,출금,134056,주거/공과금,2025-03-20
5260,,입금,752297,월급,2025-03-10
5261,,출금,32661,생필품,2025-04-01
5262,,입금,2421096,기타,2025-01-12
5263,,출금,246836,교통비,2025-02-17
5264,,출금,127570,패션/미용,2025-03-24
5265,,입금,1255703,기타,2025-01-27
5266,,출금,216165,주거/공과금,2025-01-15
5267,,출금,61071,식비,2025-05-28
5268,,출금,277461,주거/공과금,2025-03-09
5269,,출금,208167,식비,2025-07-21
5270,,출금,306700,주거/공과금,2025-04-04
5271,,출금,114457,패션/미용,2025-02-20
5272,,출금,138710,의료/건강,2025-03-25
5273,,출금,118171,교통비,2025-01-29
5274,,출금,115139,생필품,2025-02-16
5275,,출금,152008,문화생활/여가,2025-05-29
5276,,출금,41954,패션/미용,2025-01-31
5277,,입금,986348,기타,2025-05-28
5278,,출금,243931,주거/공과금,2025-01-07
5279,,입금,249846,월급,2025-05-28
5280,,출금,124864,생필품,2025-02-09
5281,,출금,270269,생필품,2025-06-01
5282,,입금,723062,부수입,2025-03-05
5283,,입금,558156,월급,2025-06-27
5284,,출금,496876,기타,2025-02-17
5285,,출금,163044,문화생활/여가,2025-06-29
5286,,출금,57314,교통비,2025-04-14
5287,,입금,106946,기타,2025-06-22
5288,,출금,4244,주거/공과금,2025-04-14
5289,,출금,254848,문화생활/여가,2025-07-30
5290,,출금,440022,교통비,2025-07-06
5291,,출금,448574,기타,2025-04-08
5292,,출금,455844,교통비,2025-07-17
5293,,입금,956181,월급,2025-01-09
5294,,출금,402947,패션/미용,2025-04-18
5295,,출금,293771,생필품,2025-06-24
5296,,입금,2090980,기타,2025-07-28
5297,,입금,871375,부수입,2025-07-25
5298,,출금,236468,문화생활/여가,2025-04-07
5299,,입금,220435,부수입,2025-07-29
5300,,출금,194126,주거/공과금,2025-01-15
5301,,출금,52887,식비,2025-07-01
5302,,입금,356499,기타,2025-04-25
5303,,출금,310827,의료/건강,2025-01-24
5304,,입금,2388429,기타,2025-02-22
5305,,출금,233712,의료/건강,2025-05-24
5306,,출금,42122,교통비,2025-03-19
5307,,출금,389680,교통비,2025-05-16
5308,,출금,274014,의료/건강,2025-02-11
5309,,출금,75644,문화생활/여가,2025-04-23
5310,,입금,57818,부수입,2025-02-18
5311,,출금,103900,기타,2025-07-17
5312,,입금,816293,기타,2025-04-10
5313,,입금,2014395,부수입,2025-01-29
5314,,입금,249167,부수입,2025-05-26
5315,,입금,1655831,부수입,2025-04-01
5316,,입금,1259094,부수입,2025-01-09
5317,,출금,100363,식비,2025-05-07
5318,,출금,217845,생필품,2025-06-20
5319,,출금,209910,주거/공과금,2025-04-25
5320,,입금,2109002,월급,2025-07-09
5321,,입금,2090403,월급,2025-02-06
5322,,출금,344583,식비,2025-03-31
5323,,출금,93547,패션/미용,2025-06-13
5324,,출금,494804,문화생활/여가,2025-04-07
5325,,입금,1229269,월급,2025-01-14
5326,,출금,301798,기타,2025-05-18
5327,,입금,345513,월급,2025-06-18
5328,,입금,931550,월급,2025-02-04
5329,,입금,719621,부수입,2025-07-01
5330,,출금,383687,패션/미용,2025-01-28
5331,,출금,376266,기타,2025-05-04
5332,,입금,459977,부수입,2025-05-07
5333,,출금,59174,식비,2025-05-30
5334,,입금,2183029,월급,2025-03-15
5335,,출금,117367,기타,2025-02-11
5336,,출금,430092,문화생활/여가,2025-06-09
5337,,출금,427191,문화생활/여가,2025-02-22
5338,,출금,50020,패션/미용,2025-04-25
5339,,입금,1076557,부수입,2025-02-04
5340,,출금,387516,의료/건강,2025-02-15
5341,,출금,324391,패션/미용,2025-06-09
5342,,출금,350578,기타,2025-03-19
5343,,출금,98242,의료/건강,2025-02-01
5344,,입금,2183165,기타,2025-01-30
5345,,출금,122067,생필품,2025-06-12
5346,,출금,389088,의료/건강,2025-07-18
5347,,출금,44297,식비,2025-03-12
5348,,출금,124815,식비,2025-01-24
5349,,입금,977110,부수입,2025-05-05
5350,,출금,288815,식비,2025-02-24
5351,,출금,229646,의료/건강,2025-04-05
5352,,출금,125358,식비,2025-07-10
5353,,출금,414469,교통비,2025-01-20
5354,,입금,1657705,기타,2025-05-08
5355,,입금,455280,부수입,2025-04-20
5356,,출금,117136,의료/건강,2025-02-20
5357,,출금,360787,패션/미용,2025-01-24
5358,,출금,467989,교통비,2025-02-02
5359,,출금,206839,식비,2025-02-25
5360,,출금,161737,기타,2025-03-31
5361,,입금,1658053,월급,2025-04-19
5362,,출금,36775,식비,2025-02-23
5363,,입금,169210,기타,2025-04-15
5364,,출금,169544,교통비,2025-07-03
5365,,출금,442382,의료/건강,2025-07-29
5366,,출금,138970,교통비,2025-07-14
5367,,출금,396247,문화생활/여가,2025-07-15
5368,,출금,270296,문화생활/여가,2025-05-02
5369,,출금,435864,주거/공과금,2025-02-25
5370,,출금,193917,패션/미용,2025-05-06
5371,,출금,15304,의료/건강,2025-03-13
5372,,출금,138621,기타,2025-02-16
5373,,출금,458022,식비,2025-07-24
5374,,입금,120759,월급,2025-01-28
5375,,출금,222904,문화생활/여가,2025-03-26
5376,,입금,1011832,월급,2025-04-04
5377,,출금,454267,패션/미용,2025-01-13
5378,,출금,69239,식비,2025-05-19
5379,,출금,306387,기타,2025-07-05
5380,,출금,456836,기타,2025-01-14
5381,,출금,469082,생필품,2025-05-12
5382,,입금,1289382,월급,2025-02-17
5383,,입금,280101,기타,2025-07-08
5384,,입금,2337057,월급,2025-04-27
5385,,출금,6807,패션/미용,2025-02-13
5386,,출금,311503,의료/건강,2025-05-07
5387,,입금,1192967,월급,2025-04-10
5388,,입금,1155487,월급,2025-07-23
5389,,입금,1943294,기타,2025-02-26
5390,,출금,412822,식비,2025-02-16
5391,,출금,438174,주거/공과금,2025-04-28
5392,,입금,1947318,부수입,2025-06-23
5393,,출금,386880,문화생활/여가,2025-06-12
5394,,입금,1263265,기타,2025-06-22
5395,,출금,292492,식비,2025-06-03
5396,,입금,1415043,부수입,2025-04-18
5397,,입금,2230093,월급,2025-07-19
5398,,출금,267730,주거/공과금,2025-04-20
5399,,출금,107211,패션/미용,2025-01-11
5400,,출금,370340,문화생활/여가,2025-03-11
5401,,출금,231867,주거/공과금,2025-07-06
5402,,입금,2071098,부수입,2025-01-09
5403,,입금,469201,월급,2025-01-27
5404,,출금,128693,주거/공과금,2025-03-01
5405,,출금,214668,식비,2025-01-08
5406,,출금,119949,의료/건강,2025-02-11
5407,,입금,914206,월급,2025-02-03
5408,,출금,9674,교통비,2025-02-23
5409,,출금,294896,식비,2025-07-05
5410,,출금,490941,패션/미용,2025-02-03
5411,,출금,45633,패션/미용,2025-07-09
5412,,입금,1493443,월급,2025-05-05
5413,,출금,396857,문화생활/여가,2025-07-26
5414,,출금,271545,주거/공과금,2025-05-10
5415,,입금,1906036,부수입,2025-07-29
5416,,출금,224970,문화생활/여가,2025-02-05
5417,,출금,214962,기타,2025-07-28
5418,,입금,687350,월급,2025-07-20
5419,,입금,319913,부수입,2025-03-11
5420,,출금,229024,식비,2025-02-27
5421,,출금,396097,식비,2025-07-16
5422,,입금,2411824,부수입,2025-05-15
5423,,출금,209982,교통비,2025-07-25
5424,,입금,1707980,기타,2025-03-08
5425,,입금,805001,기타,2025-04-13
5426,,입금,1743326,부수입,2025-07-09
5427,,출금,94274,생필품,2025-05-03
5428,,출금,306110,패션/미용,2025-06-28
5429,,출금,209903,생필품,2025-05-05
5430,,입금,688023,부수입,2025-05-10
5431,,출금,358497,식비,2025-06-21
5432,,입금,475248,부수입,2025-04-09
5433,,입금,1068795,기타,2025-05-23
5434,,출금,339124,생필품,2025-06-01
5435,,입금,1590726,기타,2025-05-01
5436,,출금,222695,생필품,2025-06-17
5437,,출금,2510,주거/공과금,2025-05-14
5438,,출금,42510,기타,2025-03-30
5439,,출금,141934,의료/건강,2025-06-08
5440,,입금,1427573,부수입,2025-03-23
5441,,입금,966496,월급,2025-01-17
5442,,출금,330852,패션/미용,2025-06-02
5443,,입금,56513,월급,2025-04-27
5444,,입금,1474054,월급,2025-05-24
5445,,입금,1130588,부수입,2025-01-27
5446,,출금,75168,의료/건강,2025-04-22
5447,,출금,382463,생필품,2025-06-28
5448,,출금,137344,교통비,2025-05-24
5449,,출금,440101,의료/건강,2025-02-06
5450,,출금,243941,교통비,2025-07-29
5451,,출금,360695,의료/건강,2025-07-19
5452,,입금,820579,월급,2025-06-05
5453,,출금,283859,생필품,2025-03-31
5454,,출금,250096,의료/건강,2025-01-11
5455,,출금,372648,생필품,2025-02-26
5456,,출금,145123,교통비,2025-04-08
5457,,출금,286024,기타,2025-05-20
5458,,입금,1784684,부수입,2025-06-22
5459,,출금,187269,기타,2025-02-10
5460,,입금,1108210,부수입,2025-04-05
5461,,출금,231248,의료/건강,2025-04-26
5462,,출금,226740,패션/미용,2025-03-07
5463,,출금,468799,주거/공과금,2025-02-04
5464,,출금,425742,기타,2025-04-24
5465,,출금,376292,주거/공과금,2025-03-29
5466,,출금,141173,의료/건강,2025-01-06
5467,,출금,109965,식비,2025-05-02
5468,,출금,22438,패션/미용,2025-06-29
5469,,입금,1309616,부수입,2025-01-01
5470,,출금,157927,교통비,2025-02-02
5471,,출금,91230,식비,2025-03-02
5472,,출금,199009,패션/미용,2025-01-08
5473,,입금,1962949,기타,2025-01-14
5474,,출금,402614,의료/건강,2025-07-22
5475,,출금,329855,식비,2025-07-27
5476,,출금,192441,기타,2025-03-27
5477,,출금,71757,생필품,2025-04-09
5478,,출금,22413,식비,2025-05-09
5479,,출금,465392,교통비,2025-05-08
5480,,출금,395971,패션/미용,2025-01-08
5481,,입금,1327154,부수입,2025-03-30
5482,,출금,370109,생필품,2025-03-31
5483,,입금,533996,부수입,2025-01-02
5484,,출금,71570,생필품,2025-02-10
5485,,입금,488614,기타,2025-04-27
5486,,출금,185297,주거/공과금,2025-06-13
5487,,출금,315433,교통비,2025-01-05
5488,,입금,1011879,월급,2025-04-01
5489,,출금,178639,식비,2025-01-09
5490,,입금,1560394,부수입,2025-06-15
5491,,출금,83725,생필품,2025-01-06
5492,,입금,931443,기타,2025-05-31
5493,,입금,1876755,기타,2025-04-26
5494,,출금,340707,패션/미용,2025-07-17
5495,,출금,276144,식비,2025-07-19
5496,,출금,316164,문화생활/여가,2025-06-26
5497,,출금,259407,문화생활/여가,2025-01-01
5498,,출금,276695,교통비,2025-04-19
5499,,입금,945109,부수입,2025-07-07
5500,,출금,465592,교통비,2025-02-12
5501,,출금,225155,문화생활/여가,2025-05-24
5502,,출금,437728,주거/공과금,2025-02-27
5503,,출금,376454,생필품,2025-04-29
5504,,출금,5981,교통비,2025-02-15
5505,,출금,327013,식비,2025-06-18
5506,,출금,196197,패션/미용,2025-05-17
5507,,출금,130152,식비,2025-02-23
5508,,출금,439942,문화생활/여가,2025-07-14
5509,,입금,1581974,부수입,2025-01-26
5510,,입금,1294404,부수입,2025-06-06
5511,,출금,47830,교통비,2025-07-26
5512,,출금,496416,기타,2025-02-04
5513,,출금,295967,기타,2025-07-28
5514,,출금,216234,생필품,2025-04-04
5515,,출금,298388,주거/공과금,2025-02-01
5516,,입금,1172051,월급,2025-07-21
5517,,출금,362194,교통비,2025-02-21
5518,,출금,304870,생필품,2025-04-23
5519,,입금,2406300,기타,2025-01-25
5520,,출금,251069,생필품,2025-02-03
5521,,출금,66467,식비,2025-04-05
5522,,출금,99352,문화생활/여가,2025-05-17
5523,,출금,182620,생필품,2025-06-26
5524,,출금,33094,식비,2025-07-22
5525,,출금,113021,문화생활/여가,2025-01-24
5526,,출금,224583,교통비,2025-04-30
5527,,입금,1047415,부수입,2025-06-09
5528,,출금,254586,기타,2025-05-13
5529,,출금,27014,교통비,2025-01-23
5530,,입금,232981,기타,2025-05-16
5531,,출금,138146,생필품,2025-05-12
5532,,출금,150481,식비,2025-07-28
5533,,출금,282736,주거/공과금,2025-01-18
5534,,입금,595236,부수입,2025-03-19
5535,,출금,396418,주거/공과금,2025-03-04
5536,,출금,437385,기타,2025-07-08
5537,,출금,145003,주거/공과금,2025-03-06
5538,,출금,163530,교통비,2025-02-04
5539,,출금,208681,교통비,2025-02-25
5540,,출금,233362,주거/공과금,2025-02-08
5541,,입금,1720352,기타,2025-05-17
5542,,입금,89893,부수입,2025-03-03
5543,,입금,1592850,부수입,2025-04-03
5544,,입금,180703,월급,2025-07-06
5545,,입금,1294749,기타,2025-03-04
5546,,출금,200239,교통비,2025-01-28
5547,,출금,314128,주거/공과금,2025-02-07
5548,,출금,461347,식비,2025-03-19
5549,,출금,285962,문화생활/여가,2025-06-03
5550,,입금,2208795,월급,2025-07-26
5551,,입금,2280124,기타,2025-03-22
5552,,출금,131225,식비,2025-02-18
5553,,출금,154681,식비,2025-05-12
5554,,출금,125335,주거/공과금,2025-05-19
5555,,출금,377293,기타,2025-06-19
5556,,출금,105835,패션/미용,2025-07-14
5557,,출금,41443,생필품,2025-04-01
5558,,출금,47350,의료/건강,2025-04-09
5559,,출금,414195,주거/공과금,2025-04-15
5560,,출금,250067,패션/미용,2025-05-24
5561,,출금,227651,주거/공과금,2025-03-24
5562,,출금,300934,교통비,2025-03-14
5563,,출금,341287,문화생활/여가,2025-06-13
5564,,출금,340589,문화생활/여가,2025-06-28
5565,,입금,1246487,부수입,2025-07-22
5566,,입금,1824852,월급,2025-07-28
5567,,출금,190926,교통비,2025-05-18
5568,,입금,2193696,기타,2025-04-10
5569,,출금,123993,문화생활/여가,2025-03-13
5570,,출금,35833,교통비,2025-04-09
5571,,출금,118754,문화생활/여가,2025-03-08
5572,,출금,193223,생필품,2025-02-09
5573,,출금,300418,교통비,2025-07-02
5574,,출금,225042,생필품,2025-07-08
5575,,입금,2134997,기타,2025-06-14
5576,,출금,291123,패션/미용,2025-04-12
5577,,출금,86839,주거/공과금,2025-03-31
5578,,출금,75239,주거/공과금,2025-03-19
5579,,출금,304396,교통비,2025-02-09
5580,,입금,1002306,부수입,2025-02-01
5581,,출금,282638,패션/미용,2025-04-07
5582,,출금,380554,패션/미용,2025-01-28
5583,,출금,388643,패션/미용,2025-04-01
5584,,입금,949446,부수입,2025-04-13
5585,,출금,434060,식비,2025-06-30
5586,,출금,134324,주거/공과금,2025-07-19
5587,,출금,214600,생필품,2025-02-16
5588,,입금,663660,월급,2025-05-20
5589,,출금,432531,패션/미용,2025-05-07
5590,,출금,152962,교통비,2025-01-14
5591,,입금,1661488,기타,2025-04-13
5592,,입금,1973758,부수입,2025-03-02
5593,,출금,233069,주거/공과금,2025-03-16
5594,,출금,231050,생필품,2025-06-13
5595,,출금,135015,문화생활/여가,2025-06-13
5596,,출금,92753,패션/미용,2025-01-26
5597,,출금,82486,식비,2025-02-17
5598,,출금,201445,교통비,2025-03-29
5599,,입금,1109745,부수입,2025-04-04
5600,,출금,31201,생필품,2025-02-22
5601,,출금,436431,의료/건강,2025-06-23
5602,,출금,150915,교통비,2025-07-14
5603,,출금,224004,교통비,2025-04-01
5604,,입금,909496,월급,2025-07-26
5605,,출금,327294,기타,2025-04-26
5606,,출금,417250,의료/건강,2025-03-29
5607,,입금,511072,기타,2025-02-15
5608,,출금,418093,패션/미용,2025-03-05
5609,,입금,1705411,월급,2025-03-21
5610,,출금,328558,의료/건강,2025-04-13
5611,,출금,439705,패션/미용,2025-02-03
5612,,출금,276207,기타,2025-04-23
5613,,출금,60528,문화생활/여가,2025-02-26
5614,,입금,1375348,월급,2025-07-29
5615,,출금,178651,기타,2025-03-28
5616,,출금,102199,생필품,2025-01-05
5617,,출금,429362,식비,2025-02-09
5618,,입금,2185271,부수입,2025-05-08
5619,,출금,291997,교통비,2025-05-01
5620,,입금,1702444,기타,2025-03-31
5621,,입금,664346,기타,2025-03-31
5622,,출금,170248,생필품,2025-03-14
5623,,출금,446656,기타,2025-03-06
5624,,입금,1260189,기타,2025-05-24
5625,,출금,478203,기타,2025-04-24
5626,,출금,75539,기타,2025-07-12
5627,,출금,23500,문화생활/여가,2025-05-24
5628,,입금,151185,부수입,2025-01-27
5629,,출금,42148,주거/공과금,2025-07-15
5630,,출금,484467,식비,2025-06-09
5631,,출금,109576,식비,2025-06-01
5632,,출금,460109,문화생활/여가,2025-01-08
5633,,입금,233813,부수입,2025-01-10
5634,,입금,439832,부수입,2025-04-30
5635,,출금,361533,문화생활/여가,2025-03-18
5636,,입금,749714,부수입,2025-05-31
5637,,출금,479443,기타,2025-04-18
5638,,출금,265746,주거/공과금,2025-05-17
5639,,출금,107522,의료/건강,2025-03-23
5640,,입금,961527,기타,2025-02-06
5641,,출금,378497,식비,2025-02-15
5642,,출금,412735,식비,2025-03-01
5643,,출금,126343,패션/미용,2025-04-26
5644,,출금,448078,생필품,2025-05-01
5645,,입금,263957,기타,2025-07-26
5646,,입금,1223652,기타,2025-02-09
5647,,입금,1974769,부수입,2025-06-18
5648,,출금,473892,식비,2025-02-10
5649,,출금,360751,의료/건강,2025-03-12
5650,,입금,1620958,기타,2025-03-26
5651,,입금,2268939,기타,2025-01-24
5652,,출금,113231,식비,2025-06-09
5653,,출금,173597,기타,2025-06-16
5654,,입금,2124281,월급,2025-06-11
5655,,출금,263646,패션/미용,2025-05-29
5656,,출금,499444,주거/공과금,2025-03-12
5657,,출금,310589,식비,2025-03-04
5658,,입금,121514,월급,2025-06-07
5659,,출금,491350,패션/미용,2025-05-25
5660,,입금,1828807,기타,2025-07-22
5661,,출금,145300,주거/공과금,2025-06-16
5662,,입금,1526869,기타,2025-02-13
5663,,입금,603958,월급,2025-04-02
5664,,출금,92816,의료/건강,2025-02-18
5665,,입금,1332598,부수입,2025-03-03
5666,,입금,2292782,기타,2025-06-17
5667,,출금,254601,식비,2025-02-21
5668,,출금,364590,교통비,2025-05-24
5669,,출금,471988,생필품,2025-01-08
5670,,출금,471054,문화생활/여가,2025-05-18
5671,,입금,1545522,기타,2025-06-08
5672,,입금,936543,월급,2025-05-23
5673,,입금,654751,부수입,2025-01-10
5674,,출금,8087,패션/미용,2025-02-12
5675,,출금,13676,식비,2025-07-07
5676,,출금,160926,생필품,2025-07-04
5677,,출금,107531,주거/공과금,2025-01-01
5678,,출금,140781,식비,2025-04-08
5679,,출금,32458,교통비,2025-02-03
5680,,출금,467055,교통비,2025-07-10
5681,,입금,1123588,월급,2025-07-11
5682,,출금,347839,생필품,2025-01-15
5683,,출금,63433,주거/공과금,2025-01-06
5684,,출금,333627,주거/공과금,2025-05-22
5685,,출금,355468,패션/미용,2025-05-15
5686,,출금,377212,패션/미용,2025-05-19
5687,,출금,130571,생필품,2025-05-27
5688,,입금,1279052,월급,2025-07-02
5689,,출금,246305,문화생활/여가,2025-05-27
5690,,출금,23225,교통비,2025-05-16
5691,,출금,326064,주거/공과금,2025-04-24
5692,,출금,175574,의료/건강,2025-02-13
5693,,출금,480119,식비,2025-02-25
5694,,출금,353665,생필품,2025-05-28
5695,,출금,440442,기타,2025-06-27
5696,,출금,345238,생필품,2025-04-29
5697,,출금,198321,주거/공과금,2025-03-27
5698,,입금,927257,월급,2025-07-25
5699,,출금,336689,교통비,2025-01-21
5700,,입금,2083145,부수입,2025-01-03
5701,,출금,431944,주거/공과금,2025-03-05
5702,,출금,294543,기타,2025-05-17
5703,,출금,469414,주거/공과금,2025-01-13
5704,,출금,10844,문화생활/여가,2025-06-27
5705,,출금,212593,식비,2025-03-19
5706,,출금,212243,문화생활/여가,2025-05-23
5707,,입금,1259012,기타,2025-01-26
5708,,입금,2317983,월급,2025-03-19
5709,,출금,416159,주거/공과금,2025-06-14
5710,,입금,407107,기타,2025-06-12
5711,,입금,641893,월급,2025-01-08
5712,,출금,490002,패션/미용,2025-01-12
5713,,출금,313830,식비,2025-07-21
5714,,출금,389335,문화생활/여가,2025-01-27
5715,,출금,398353,생필품,2025-03-09
5716,,입금,322583,기타,2025-03-25
5717,,입금,2441417,기타,2025-07-04
5718,,입금,2346785,부수입,2025-04-08
5719,,출금,24374,기타,2025-01-20
5720,,출금,261501,생필품,2025-06-14
5721,,출금,392029,기타,2025-03-17
5722,,출금,117578,생필품,2025-05-31
5723,,출금,262265,문화생활/여가,2025-02-04
5724,,출금,22220,식비,2025-04-12
5725,,입금,443255,월급,2025-06-18
5726,,입금,1706123,기타,2025-06-17
5727,,입금,645804,부수입,2025-05-27
5728,,입금,2372720,월급,2025-05-05
5729,,출금,179446,의료/건강,2025-04-21
5730,,출금,374268,패션/미용,2025-07-22
5731,,입금,1394376,부수입,2025-01-05
5732,,입금,1332304,부수입,2025-02-12
5733,,입금,1064197,기타,2025-03-04
5734,,출금,410962,패션/미용,2025-01-02
5735,,출금,58563,주거/공과금,2025-03-22
5736,,입금,2026644,월급,2025-01-08
5737,,입금,1095538,기타,2025-04-27
5738,,출금,414132,문화생활/여가,2025-04-25
5739,,출금,421222,생필품,2025-06-05
5740,,입금,1031913,부수입,2025-03-14
5741,,출금,136736,주거/공과금,2025-06-18
5742,,입금,787437,부수입,2025-01-25
5743,,출금,248449,기타,2025-05-13
5744,,출금,260925,교통비,2025-05-16
5745,,입금,1004478,월급,2025-01-10
5746,,출금,397544,문화생활/여가,2025-03-02
5747,,출금,286337,생필품,2025-04-14
5748,,출금,327038,주거/공과금,2025-06-14
5749,,출금,219409,주거/공과금,2025-05-28
5750,,출금,212993,주거/공과금,2025-07-01
5751,,출금,137189,문화생활/여가,2025-03-10
5752,,출금,476712,패션/미용,2025-04-13
5753,,출금,362733,의료/건강,2025-03-04
5754,,출금,137877,기타,2025-06-10
5755,,출금,316412,패션/미용,2025-07-03
5756,,출금,92174,패션/미용,2025-01-26
5757,,출금,62750,패션/미용,2025-06-09
5758,,출금,403826,의료/건강,2025-06-21
5759,,출금,288944,교통비,2025-03-13
5760,,입금,1830986,월급,2025-04-15
5761,,출금,414362,교통비,2025-02-02
5762,,출금,435791,기타,2025-06-22
5763,,출금,172515,기타,2025-01-08
5764,,입금,2158541,월급,2025-07-26
5765,,출금,189619,교통비,2025-03-01
5766,,입금,2028542,기타,2025-01-01
5767,,출금,67020,문화생활/여가,2025-04-10
5768,,출금,49382,주거/공과금,2025-06-29
5769,,출금,30342,식비,2025-03-18
5770,,출금,155406,기타,2025-06-13
5771,,출금,447227,문화생활/여가,2025-03-04
5772,,출금,179974,의료/건강,2025-04-28
5773,,입금,336019,월급,2025-05-18
5774,,출금,173021,식비,2025-05-27
5775,,출금,297884,문화생활/여가,2025-03-27
5776,,입금,166348,부수입,2025-01-12
5777,,입금,2472513,부수입,2025-06-20
5778,,입금,175776,기타,2025-02-05
5779,,입금,287654,월급,2025-06-05
5780,,출금,285905,식비,2025-01-05
5781,,출금,130549,패션/미용,2025-03-10
5782,,출금,318282,교통비,2025-07-29
5783,,입금,852312,월급,2025-07-23
5784,,출금,410034,교통비,2025-05-15
5785,,입금,947495,부수입,2025-04-19
5786,,출금,219577,문화생활/여가,2025-03-21
5787,,출금,253343,교통비,2025-01-13
5788,,출금,25759,식비,2025-01-23
5789,,입금,1376042,기타,2025-03-17
5790,,입금,1853079,부수입,2025-01-31
5791,,출금,428622,주거/공과금,2025-04-18
5792,,입금,690110,부수입,2025-02-16
5793,,입금,1021154,기타,2025-02-18
5794,,출금,437591,생필품,2025-02-01
5795,,출금,213938,문화생활/여가,2025-03-19
5796,,출금,370852,문화생활/여가,2025-07-18
5797,,출금,299982,교통비,2025-05-24
5798,,출금,23005,식비,2025-04-12
5799,,출금,129789,기타,2025-02-13
5800,,입금,72121,기타,2025-06-21
5801,,출금,209465,식비,2025-07-24
5802,,입금,248238,기타,2025-01-05
5803,,입금,1089659,부수입,2025-04-29
5804,,입금,740591,기타,2025-06-25
5805,,입금,2468516,기타,2025-04-06
5806,,출금,2777,주거/공과금,2025-02-27
5807,,출금,240868,패션/미용,2025-04-14
5808,,출금,327773,생필품,2025-06-04
5809,,출금,267843,의료/건강,2025-02-01
5810,,입금,225878,부수입,2025-03-16
5811,,입금,632974,부수입,2025-03-16
5812,,입금,1822395,월급,2025-06-22
5813,,출금,136582,기타,2025-02-06
5814,,입금,2354363,월급,2025-07-07
5815,,입금,1247745,부수입,2025-01-04
5816,,출금,498143,기타,2025-06-21
5817,,입금,1288654,월급,2025-02-19
5818,,출금,193217,의료/건강,2025-01-28
5819,,입금,599524,기타,2025-07-25
5820,,출금,453086,의료/건강,2025-05-10
5821,,입금,454613,기타,2025-07-17
5822,,입금,442130,기타,2025-05-17
5823,,출금,240976,교통비,2025-04-17
5824,,입금,670007,부수입,2025-06-01
5825,,입금,1328484,월급,2025-02-13
5826,,출금,5611,문화생활/여가,2025-03-23
5827,,출금,251950,교통비,2025-03-03
5828,,출금,450681,패션/미용,2025-06-18
5829,,출금,423250,의료/건강,2025-04-29
5830,,출금,232978,문화생활/여가,2025-03-01
5831,,출금,11892,생필품,2025-06-24
5832,,출금,249672,의료/건강,2025-02-06
5833,,출금,308379,생필품,2025-05-11
5834,,입금,1294256,부수입,2025-02-20
5835,,출금,463537,문화생활/여가,2025-05-21
5836,,출금,218763,패션/미용,2025-03-06
5837,,입금,1528390,월급,2025-07-15
5838,,출금,269787,기타,2025-05-28
5839,,입금,1690219,부수입,2025-06-30
5840,,출금,119660,생필품,2025-04-26
5841,,입금,1884588,월급,2025-04-03
5842,,출금,425659,주거/공과금,2025-05-07
5843,,출금,241212,식비,2025-02-24
5844,,입금,2346230,월급,2025-05-31
5845,,출금,242563,의료/건강,2025-04-30
5846,,출금,195161,기타,2025-03-13
5847,,출금,278058,주거/공과금,2025-07-12
5848,,출금,166301,기타,2025-02-22
5849,,입금,2203552,월급,2025-07-23
5850,,출금,54613,문화생활/여가,2025-01-03
5851,,입금,532049,부수입,2025-05-09
5852,,입금,285048,월급,2025-02-18
5853,,출금,226534,주거/공과금,2025-04-11
5854,,출금,219383,기타,2025-03-01
5855,,출금,457845,패션/미용,2025-02-18
5856,,입금,745480,부수입,2025-02-19
5857,,출금,321441,교통비,2025-01-18
5858,,입금,972870,부수입,2025-02-09
5859,,출금,183110,문화생활/여가,2025-04-23
5860,,입금,1025789,기타,2025-03-16
5861,,출금,28448,문화생활/여가,2025-04-10
5862,,출금,145179,의료/건강,2025-07-13
5863,,출금,50697,주거/공과금,2025-03-31
5864,,출금,133920,패션/미용,2025-01-18
5865,,출금,210616,생필품,2025-07-12
5866,,출금,232185,주거/공과금,2025-04-12
5867,,입금,1394133,부수입,2025-06-26
5868,,출금,3674,식비,2025-03-13
5869,,출금,238073,문화생활/여가,2025-03-19
5870,,출금,43013,주거/공과금,2025-02-26
5871,,출금,377835,식비,2025-01-22
5872,,출금,210889,패션/미용,2025-04-26
5873,,입금,434001,월급,2025-06-11
5874,,출금,160226,의료/건강,2025-05-21
5875,,출금,474875,의료/건강,2025-06-16
5876,,입금,1562186,부수입,2025-01-03
5877,,출금,343262,생필품,2025-01-29
5878,,출금,256271,주거/공과금,2025-02-20
5879,,출금,251539,식비,2025-05-29
5880,,출금,160428,의료/건강,2025-05-20
5881,,입금,1966013,부수입,2025-07-08
5882,,출금,375776,생필품,2025-06-04
5883,,입금,882152,부수입,2025-06-14
5884,,출금,62598,의료/건강,2025-04-08
5885,,입금,124844,부수입,2025-03-25
5886,,출금,310204,주거/공과금,2025-06-25
5887,,출금,314415,생필품,2025-07-21
5888,,입금,1183239,기타,2025-07-11
5889,,출금,55661,주거/공과금,2025-02-03
5890,,입금,1750112,월급,2025-02-28
5891,,출금,277897,생필품,2025-05-03
5892,,출금,15445,교통비,2025-06-30
5893,,출금,342707,교통비,2025-05-15
5894,,출금,125926,교통비,2025-03-23
5895,,입금,1982283,기타,2025-04-04
5896,,출금,334886,생필품,2025-06-24
5897,,입금,1684362,부수입,2025-05-09
5898,,출금,232501,교통비,2025-06-20
5899,,출금,372421,기타,2025-05-01
5900,,출금,498023,패션/미용,2025-06-26
5901,,출금,138552,교통비,2025-01-26
5902,,출금,149345,의료/건강,2025-06-04
5903,,출금,371508,식비,2025-03-17
5904,,출금,83404,주거/공과금,2025-04-02
5905,,출금,263145,식비,2025-06-24
5906,,입금,2159044,부수입,2025-05-04
5907,,출금,358823,교통비,2025-03-19
5908,,출금,471710,패션/미용,2025-07-24
5909,,출금,447046,문화생활/여가,2025-07-11
5910,,출금,213393,식비,2025-05-08
5911,,입금,1921351,부수입,2025-06-24
5912,,출금,148942,의료/건강,2025-06-16
5913,,입금,617018,기타,2025-02-28
5914,,입금,1889174,부수입,2025-07-06
5915,,입금,1952702,기타,2025-07-19
5916,,출금,463321,문화생활/여가,2025-05-28
5917,,출금,60875,교통비,2025-05-12
5918,,출금,189544,의료/건강,2025-04-02
5919,,입금,1335983,기타,2025-05-24
5920,,출금,296613,의료/건강,2025-06-06
5921,,출금,464082,문화생활/여가,2025-03-08
5922,,출금,496839,주거/공과금,2025-07-11
5923,,출금,204244,주거/공과금,2025-05-14
5924,,출금,101978,식비,2025-03-20
5925,,입금,2182570,부수입,2025-02-15
5926,,출금,163978,기타,2025-01-16
5927,,출금,494312,식비,2025-01-23
5928,,입금,2455774,기타,2025-06-02
5929,,출금,115152,문화생활/여가,2025-01-21
5930,,입금,51657,월급,2025-07-21
5931,,입금,2324138,기타,2025-03-19
5932,,출금,131558,패션/미용,2025-02-26
5933,,출금,441625,문화생활/여가,2025-04-22
5934,,입금,2051301,기타,2025-02-16
5935,,입금,1171701,월급,2025-01-09
5936,,출금,160746,생필품,2025-05-31
5937,,출금,179069,기타,2025-02-26
5938,,출금,437214,주거/공과금,2025-03-15
5939,,출금,292853,주거/공과금,2025-06-03
5940,,출금,251157,식비,2025-02-08
5941,,출금,303004,패션/미용,2025-04-28
5942,,출금,426321,의료/건강,2025-05-05
5943,,입금,2083670,월급,2025-03-08
5944,,출금,32540,식비,2025-05-03
5945,,입금,2270877,부수입,2025-04-04
5946,,출금,357324,식비,2025-04-26
5947,,출금,415469,패션/미용,2025-05-20
5948,,입금,2252190,기타,2025-06-23
5949,,출금,483778,기타,2025-06-30
5950,,출금,427843,식비,2025-07-18
5951,,입금,986337,부수입,2025-07-28
5952,,입금,1739579,월급,2025-02-05
5953,,출금,69852,교통비,2025-03-12
5954,,출금,70457,문화생활/여가,2025-04-25
5955,,출금,468046,교통비,2025-01-18
5956,,출금,390586,문화생활/여가,2025-04-03
5957,,입금,1721907,월급,2025-06-05
5958,,출금,310845,패션/미용,2025-01-30
5959,,출금,107320,교통비,2025-03-16
5960,,출금,67424,교통비,2025-04-10
5961,,출금,122280,문화생활/여가,2025-01-13
5962,,출금,180763,주거/공과금,2025-05-29
5963,,입금,1126686,부수입,2025-07-13
5964,,출금,266531,생필품,2025-05-14
5965,,출금,431031,주거/공과금,2025-01-30
5966,,입금,1532810,월급,2025-03-17
5967,,출금,85907,의료/건강,2025-02-11
5968,,출금,341856,주거/공과금,2025-03-05
5969,,입금,599217,기타,2025-06-07
5970,,출금,111420,주거/공과금,2025-03-11
5971,,출금,105976,문화생활/여가,2025-05-02
5972,,출금,424317,주거/공과금,2025-04-08
5973,,출금,77399,의료/건강,2025-03-29
5974,,입금,1115275,월급,2025-06-05
5975,,출금,400145,기타,2025-06-12
5976,,입금,288016,기타,2025-05-21
5977,,출금,113318,패션/미용,2025-06-04
5978,,출금,139883,의료/건강,2025-06-24
5979,,출금,368134,생필품,2025-01-12
5980,,입금,778095,기타,2025-07-06
5981,,출금,21013,교통비,2025-03-24
5982,,출금,80667,생필품,2025-03-15
5983,,출금,59134,주거/공과금,2025-05-10
5984,,출금,409744,식비,2025-03-15
5985,,출금,288036,식비,2025-07-24
5986,,입금,109231,월급,2025-06-01
5987,,입금,2356108,월급,2025-06-10
5988,,입금,1289377,기타,2025-07-30
5989,,출금,325812,식비,2025-07-19
5990,,출금,27897,기타,2025-02-14
5991,,입금,492990,부수입,2025-01-01
5992,,입금,687908,월급,2025-05-10
5993,,출금,73434,주거/공과금,2025-07-14
5994,,입금,2482258,부수입,2025-01-16
5995,,출금,27577,생필품,2025-04-04
5996,,출금,140936,주거/공과금,2025-05-09
5997,,출금,341977,주거/공과금,2025-05-15
5998,,입금,175798,부수입,2025-02-14
5999,,출금,18158,주거/공과금,2025-06-07
6000,,입금,104249,월급,2025-05-25
6001,,출금,435315,주거/공과금,2025-05-04
6002,,입금,379276,기타,2025-04-21
6003,,입금,1734814,월급,2025-01-13
6004,,출금,238738,교통비,2025-04-23
6005,,출금,210328,패션/미용,2025-04-15
6006,,입금,65956,부수입,2025-02-03
6007,,출금,312325,교통비,2025-04-24
6008,,출금,467757,식비,2025-02-13
6009,,출금,430048,주거/공과금,2025-03-23
6010,,출금,240960,주거/공과금,2025-06-28
6011,,출금,320327,식비,2025-07-05
6012,,입금,1935036,부수입,2025-03-01
6013,,입금,991098,부수입,2025-06-19
6014,,입금,1506938,월급,2025-05-31
6015,,입금,1758447,부수입,2025-06-17
6016,,출금,198693,식비,2025-02-02
6017,,출금,23950,문화생활/여가,2025-01-01
6018,,출금,101651,문화생활/여가,2025-04-25
6019,,입금,2266669,월급,2025-05-08
6020,,출금,210045,기타,2025-04-20
6021,,출금,435078,패션/미용,2025-07-07
6022,,출금,483772,교통비,2025-07-10
6023,,입금,198487,기타,2025-07-27
6024,,출금,41550,생필품,2025-04-25
6025,,출금,146822,문화생활/여가,2025-03-01
6026,,출금,101467,기타,2025-02-07
6027,,출금,332570,식비,2025-03-07
6028,,출금,195392,교통비,2025-01-01
6029,,출금,191677,교통비,2025-07-17
6030,,입금,2085517,부수입,2025-02-09
6031,,출금,328551,식비,2025-01-31
6032,,입금,1941379,부수입,2025-04-16
6033,,출금,344599,문화생활/여가,2025-04-10
6034,,출금,23620,문화생활/여가,2025-06-26
6035,,출금,293588,의료/건강,2025-01-22
6036,,출금,107984,기타,2025-03-25
6037,,출금,220049,식비,2025-06-29
6038,,입금,2126251,월급,2025-02-09
6039,,입금,567540,기타,2025-03-14
6040,,출금,362182,주거/공과금,2025-07-23
6041,,출금,320852,패션/미용,2025-06-05
6042,,입금,1443177,월급,2025-06-03
6043,,입금,957525,부수입,2025-07-11
6044,,입금,1906832,부수입,2025-06-15
6045,,출금,49525,생필품,2025-03-05
6046,,출금,329179,식비,2025-02-14
6047,,출금,280371,의료/건강,2025-01-12
6048,,입금,2342789,부수입,2025-04-03
6049,,입금,1011495,월급,2025-04-24
6050,,출금,194242,교통비,2025-05-22
6051,,출금,135617,기타,2025-05-22
6052,,출금,436838,문화생활/여가,2025-04-07
6053,,출금,339889,생필품,2025-02-15
6054,,입금,2455888,부수입,2025-05-19
6055,,출금,73289,생필품,2025-04-24
6056,,입금,585821,월급,2025-04-30
6057,,출금,397188,주거/공과금,2025-07-21
6058,,입금,1403140,기타,2025-04-27
6059,,출금,466909,교통비,2025-07-01
6060,,출금,423410,기타,2025-03-21
6061,,출금,321282,교통비,2025-03-02
6062,,출금,329160,주거/공과금,2025-06-24
6063,,입금,662819,기타,2025-04-02
6064,,입금,1754918,부수입,2025-01-09
6065,,출금,193012,의료/건강,2025-04-26
6066,,출금,256717,문화생활/여가,2025-07-13
6067,,출금,398667,기타,2025-02-04
6068,,출금,350006,의료/건강,2025-05-18
6069,,출금,26029,식비,2025-05-11
6070,,출금,328181,문화생활/여가,2025-06-23
6071,,출금,248183,주거/공과금,2025-02-16
6072,,출금,287187,교통비,2025-01-03
6073,,입금,280639,기타,2025-03-07
6074,,출금,117735,식비,2025-02-10
6075,,출금,160989,생필품,2025-05-30
6076,,입금,1555835,기타,2025-05-17
6077,,입금,890910,부수입,2025-02-20
6078,,입금,1342439,월급,2025-02-10
6079,,출금,85008,패션/미용,2025-02-04
6080,,입금,2456037,기타,2025-07-16
6081,,출금,288484,식비,2025-06-23
6082,,출금,116897,주거/공과금,2025-06-27
6083,,출금,247338,주거/공과금,2025-04-06
6084,,출금,474920,기타,2025-05-02
6085,,출금,479822,교통비,2025-06-30
6086,,출금,299579,기타,2025-07-13
6087,,출금,230779,생필품,2025-03-18
6088,,출금,172358,주거/공과금,2025-02-26
6089,,출금,210303,주거/공과금,2025-02-13
6090,,출금,410688,식비,2025-03-15
6091,,출금,43745,의료/건강,2025-05-24
6092,,출금,216366,생필품,2025-01-11
6093,,출금,440646,의료/건강,2025-06-29
6094,,출금,347389,식비,2025-05-16
6095,,출금,23717,문화생활/여가,2025-06-28
6096,,입금,1745379,월급,2025-03-02
6097,,출금,268538,의료/건강,2025-05-27
6098,,입금,2382997,기타,2025-07-27
6099,,출금,322460,의료/건강,2025-06-28
6100,,출금,379499,의료/건강,2025-03-19
6101,,입금,2119678,월급,2025-01-18
6102,,출금,356640,패션/미용,2025-06-08
6103,,출금,284311,기타,2025-02-15
6104,,출금,45803,패션/미용,2025-06-21
6105,,입금,2018409,부수입,2025-05-14
6106,,출금,496281,식비,2025-05-17
6107,,입금,635597,기타,2025-02-05
6108,,출금,363310,의료/건강,2025-02-05
6109,,출금,377244,생필품,2025-07-03
6110,,출금,289479,문화생활/여가,2025-02-07
6111,,출금,455530,식비,2025-01-16
6112,,출금,416664,기타,2025-04-23
6113,,출금,286417,주거/공과금,2025-01-08
6114,,출금,337589,식비,2025-07-21
6115,,출금,105087,주거/공과금,2025-06-16
6116,,입금,59895,부수입,2025-03-05
6117,,입금,1062961,부수입,2025-04-28
6118,,출금,472546,의료/건강,2025-06-07
6119,,입금,511268,부수입,2025-03-15
6120,,출금,32243,의료/건강,2025-04-06
6121,,출금,455853,기타,2025-04-06
6122,,출금,372586,교통비,2025-02-22
6123,,입금,880738,기타,2025-06-23
6124,,출금,429707,주거/공과금,2025-04-01
6125,,출금,151906,생필품,2025-07-25
6126,,출금,141426,교통비,2025-06-18
6127,,출금,233580,식비,2025-02-28
6128,,출금,258469,기타,2025-05-30
6129,,출금,159863,식비,2025-07-10
6130,,출금,63903,문화생활/여가,2025-07-21
6131,,입금,454450,부수입,2025-07-03
6132,,출금,34664,식비,2025-07-23
6133,,출금,441534,문화생활/여가,2025-02-09
6134,,입금,1033370,부수입,2025-04-19
6135,,출금,146513,생필품,2025-02-20
6136,,출금,397828,의료/건강,2025-05-14
6137,,출금,183278,주거/공과금,2025-03-06
6138,,입금,1775444,기타,2025-01-22
6139,,입금,2385319,기타,2025-02-07
6140,,출금,61413,기타,2025-01-17
6141,,출금,232825,패션/미용,2025-05-31
6142,,입금,1761175,기타,2025-02-26
6143,,출금,155623,의료/건강,2025-06-29
6144,,출금,218775,교통비,2025-06-12
6145,,입금,1498944,월급,2025-04-14
6146,,입금,323886,기타,2025-05-05
6147,,출금,357588,교통비,2025-01-23
6148,,입금,311624,부수입,2025-03-10
6149,,출금,263397,식비,2025-04-25
6150,,입금,76990,기타,2025-01-24
6151,,출금,347458,주거/공과금,2025-04-10
6152,,입금,1152843,부수입,2025-03-23
6153,,출금,60777,주거/공과금,2025-03-08
6154,,출금,382561,식비,2025-03-26
6155,,입금,498505,월급,2025-04-21
6156,,출금,314766,기타,2025-02-03
6157,,출금,29063,교통비,2025-07-10
6158,,출금,9345,주거/공과금,2025-01-22
6159,,출금,171264,교통비,2025-06-15
6160,,출금,185703,기타,2025-07-11
6161,,출금,421253,문화생활/여가,2025-04-15
6162,,출금,198913,주거/공과금,2025-07-07
6163,,출금,479110,의료/건강,2025-03-12
6164,,출금,71210,의료/건강,2025-07-27
6165,,출금,179192,주거/공과금,2025-02-24
6166,,출금,208824,교통비,2025-05-25
6167,,출금,35049,의료/건강,2025-04-17
6168,,출금,130408,기타,2025-01-11
6169,,출금,38756,교통비,2025-05-28
6170,,출금,109917,생필품,2025-04-09
6171,,출금,463946,패션/미용,2025-06-19
6172,,출금,410543,교통비,2025-07-27
6173,,출금,230838,문화생활/여가,2025-03-24
6174,,입금,1138695,월급,2025-02-07
6175,,출금,399392,생필품,2025-02-11
6176,,입금,956133,기타,2025-05-03
6177,,출금,80640,패션/미용,2025-07-04
6178,,출금,175633,식비,2025-06-23
6179,,출금,399644,교통비,2025-05-10
6180,,입금,2039349,부수입,2025-06-14
6181,,입금,1827304,부수입,2025-06-13
6182,,출금,218876,교통비,2025-04-19
6183,,출금,16796,생필품,2025-03-29
6184,,출금,457536,식비,2025-07-14
6185,,출금,277322,기타,2025-06-28
6186,,출금,179087,생필품,2025-02-03
6187,,출금,196096,식비,2025-01-14
6188,,출금,293244,패션/미용,2025-03-08
6189,,출금,43406,생필품,2025-03-27
6190,,출금,221397,주거/공과금,2025-07-13
6191,,출금,114651,주거/공과금,2025-05-27
6192,,출금,125436,교통비,2025-04-05
6193,,입금,438461,월급,2025-03-26
6194,,출금,95525,식비,2025-07-27
6195,,출금,446212,생필품,2025-05-04
6196,,출금,162470,기타,2025-07-30
6197,,출금,400388,문화생활/여가,2025-07-26
6198,,입금,1973407,부수입,2025-02-02
6199,,출금,207073,주거/공과금,2025-06-16
6200,,입금,1368308,기타,2025-07-13
6201,,입금,896803,월급,2025-04-25
6202,,출금,2949,생필품,2025-07-26
6203,,출금,396590,주거/공과금,2025-01-29
6204,,입금,1550057,부수입,2025-03-04
6205,,출금,150269,패션/미용,2025-02-02
6206,,출금,232490,패션/미용,2025-03-13
6207,,입금,2105289,부수입,2025-05-01
6208,,입금,2228986,부수입,2025-04-20
6209,,출금,487575,기타,2025-06-18
6210,,입금,1617886,부수입,2025-06-25
6211,,출금,167814,의료/건강,2025-04-15
6212,,출금,267456,패션/미용,2025-07-29
6213,,입금,336846,월급,2025-07-11
6214,,출금,385681,교통비,2025-04-03
6215,,출금,365708,교통비,2025-04-17
6216,,출금,272551,의료/건강,2025-05-04
6217,,출금,322193,교통비,2025-05-03
6218,,입금,568909,월급,2025-03-13
6219,,출금,348344,문화생활/여가,2025-03-16
6220,,출금,291631,식비,2025-07-08
6221,,출금,177642,주거/공과금,2025-01-09
6222,,입금,439297,부수입,2025-03-22
6223,,출금,103568,문화생활/여가,2025-05-08
6224,,출금,228454,기타,2025-06-04
6225,,출금,138595,문화생활/여가,2025-03-22
6226,,출금,253565,패션/미용,2025-03-07
6227,,출금,276272,패션/미용,2025-05-19
6228,,출금,470259,주거/공과금,2025-01-17
6229,,출금,461895,기타,2025-07-07
6230,,입금,130202,기타,2025-04-07
6231,,출금,162673,생필품,2025-05-06
6232,,출금,255206,생필품,2025-02-20
6233,,출금,116931,식비,2025-02-13
6234,,출금,9395,주거/공과금,2025-06-20
6235,,출금,481641,문화생활/여가,2025-06-13
6236,,입금,1803783,부수입,2025-01-18
6237,,출금,479741,식비,2025-06-05
6238,,출금,158218,기타,2025-01-07
6239,,입금,730174,월급,2025-02-24
6240,,출금,34248,문화생활/여가,2025-04-14
6241,,출금,360906,주거/공과금,2025-06-17
6242,,입금,1977668,부수입,2025-07-05
6243,,출금,128780,의료/건강,2025-04-21
6244,,출금,141664,주거/공과금,2025-05-23
6245,,출금,194159,기타,2025-05-31
6246,,출금,121984,기타,2025-02-12
6247,,출금,120635,패션/미용,2025-04-04
6248,,입금,1917665,기타,2025-04-17
6249,,출금,233234,의료/건강,2025-05-28
6250,,출금,466380,생필품,2025-03-13
6251,,입금,1776881,월급,2025-07-08
6252,,출금,337717,기타,2025-01-14
6253,,출금,62745,의료/건강,2025-07-14
6254,,입금,2435902,기타,2025-05-05
6255,,출금,304332,교통비,2025-01-16
6256,,출금,239496,문화생활/여가,2025-01-18
6257,,출금,376686,주거/공과금,2025-04-22
6258,,출금,318042,패션/미용,2025-02-16
6259,,출금,77736,의료/건강,2025-01-08
6260,,입금,708838,기타,2025-03-22
6261,,출금,205620,생필품,2025-03-11
6262,,입금,1470963,부수입,2025-06-24
6263,,출금,243546,주거/공과금,2025-04-22
6264,,출금,344291,기타,2025-01-07
6265,,입금,979359,월급,2025-01-17
6266,,출금,341981,식비,2025-06-20
6267,,출금,137029,문화생활/여가,2025-04-12
6268,,입금,1814886,부수입,2025-04-12
6269,,출금,1795,패션/미용,2025-05-11
6270,,출금,330108,패션/미용,2025-07-05
6271,,출금,179945,식비,2025-02-22
6272,,출금,177461,식비,2025-01-28
6273,,출금,377835,패션/미용,2025-03-13
6274,,출금,240172,식비,2025-01-25
6275,,출금,32004,기타,2025-04-03
6276,,입금,192932,월급,2025-05-31
6277,,출금,170333,교통비,2025-03-04
6278,,출금,445321,교통비,2025-05-10
6279,,출금,69473,주거/공과금,2025-06-09
6280,,출금,154624,교통비,2025-03-11
6281,,입금,1298686,기타,2025-03-31
6282,,출금,9835,의료/건강,2025-04-13
6283,,출금,496729,문화생활/여가,2025-04-08
6284,,입금,1057442,부수입,2025-06-03
6285,,출금,238244,패션/미용,2025-06-10
6286,,출금,181883,주거/공과금,2025-03-03
6287,,출금,237840,의료/건강,2025-04-10
6288,,출금,471595,패션/미용,2025-03-18
6289,,출금,458880,생필품,2025-02-17
6290,,출금,424799,의료/건강,2025-06-23
6291,,출금,2170,교통비,2025-05-15
6292,,입금,511683,기타,2025-06-04
6293,,출금,106166,교통비,2025-04-07
6294,,출금,267187,기타,2025-06-25
6295,,출금,498607,교통비,2025-04-08
6296,,출금,228686,생필품,2025-03-29
6297,,출금,216848,식비,2025-04-17
6298,,출금,25197,문화생활/여가,2025-05-14
6299,,출금,126203,주거/공과금,2025-07-07
6300,,출금,132967,기타,2025-05-07
6301,,출금,152673,교통비,2025-03-01
6302,,입금,106697,월급,2025-05-21
6303,,출금,220018,문화생활/여가,2025-07-19
6304,,출금,264388,의료/건강,2025-03-02
6305,,출금,339121,기타,2025-02-28
6306,,입금,1092600,월급,2025-07-24
6307,,출금,278727,의료/건강,2025-07-04
6308,,입금,2336137,기타,2025-07-20
6309,,출금,334691,식비,2025-02-21
6310,,입금,1479247,기타,2025-05-21
6311,,출금,163101,주거/공과금,2025-02-09
6312,,출금,189714,주거/공과금,2025-05-14
6313,,출금,238229,식비,2025-04-16
6314,,입금,201110,월급,2025-05-28
6315,,입금,1603065,부수입,2025-04-02
6316,,입금,1361710,월급,2025-07-10
6317,,출금,179170,교통비,2025-03-12
6318,,출금,276171,교통비,2025-04-16
6319,,출금,438883,주거/공과금,2025-05-10
6320,,출금,143557,주거/공과금,2025-05-03
6321,,출금,2247,생필품,2025-04-04
6322,,출금,220783,생필품,2025-04-12
6323,,출금,419272,의료/건강,2025-03-07
6324,,출금,68726,주거/공과금,2025-05-21
6325,,출금,292644,의료/건강,2025-05-24
6326,,출금,53751,식비,2025-05-04
6327,,출금,467887,주거/공과금,2025-04-18
6328,,출금,290067,의료/건강,2025-01-05
6329,,출금,243210,생필품,2025-01-20
6330,,입금,2480942,부수입,2025-01-09
6331,,입금,1066696,월급,2025-05-24
6332,,출금,191622,생필품,2025-06-05
6333,,출금,492132,문화생활/여가,2025-04-16
6334,,출금,483045,의료/건강,2025-03-09
6335,,출금,8713,생필품,2025-07-03
6336,,출금,189143,의료/건강,2025-03-14
6337,,출금,298402,식비,2025-04-27
6338,,출금,257016,기타,2025-05-19
6339,,출금,65827,식비,2025-03-27
6340,,출금,177306,식비,2025-01-11
6341,,입금,1867248,월급,2025-04-07
6342,,출금,230052,교통비,2025-07-04
6343,,출금,77028,패션/미용,2025-04-23
6344,,출금,35246,식비,2025-05-12
6345,,출금,495476,문화생활/여가,2025-04-07
6346,,출금,65789,문화생활/여가,2025-07-10
6347,,입금,2304787,월급,2025-04-17
6348,,입금,2308693,기타,2025-04-06
6349,,출금,11420,주거/공과금,2025-03-04
6350,,입금,1616026,부수입,2025-04-16
6351,,출금,212755,생필품,2025-01-25
6352,,출금,54255,식비,2025-01-14
6353,,출금,485899,교통비,2025-07-26
6354,,입금,1571610,월급,2025-03-29
6355,,출금,394469,패션/미용,2025-06-04
6356,,출금,295866,문화생활/여가,2025-07-07
6357,,출금,181156,주거/공과금,2025-04-28
6358,,출금,468478,식비,2025-04-22
6359,,출금,51742,식비,2025-02-27
6360,,출금,409715,문화생활/여가,2025-04-23
6361,,출금,55101,주거/공과금,2025-02-28
6362,,입금,2474900,기타,2025-04-09
6363,,출금,34079,주거/공과금,2025-01-22
6364,,출금,261711,패션/미용,2025-07-20
6365,,출금,168412,교통비,2025-06-24
6366,,입금,85883,기타,2025-07-29
6367,,출금,323093,주거/공과금,2025-01-27
6368,,출금,253757,생필품,2025-04-20
6369,,출금,179139,기타,2025-07-01
6370,,출금,133321,의료/건강,2025-03-17
6371,,출금,145061,문화생활/여가,2025-01-14
6372,,출금,334322,의료/건강,2025-06-12
6373,,출금,114939,문화생활/여가,2025-06-27
6374,,출금,459216,식비,2025-05-28
6375,,출금,298918,주거/공과금,2025-07-18
6376,,입금,170192,부수입,2025-06-05
6377,,입금,1690709,부수입,2025-05-15
6378,,출금,79178,교통비,2025-07-23
6379,,입금,613300,월급,2025-06-30
6380,,입금,2067434,부수입,2025-07-02
6381,,출금,433104,주거/공과금,2025-02-15
6382,,입금,1832229,부수입,2025-03-05
6383,,출금,190154,패션/미용,2025-07-20
6384,,출금,150024,기타,2025-07-29
6385,,입금,538845,월급,2025-04-23
6386,,출금,466769,의료/건강,2025-05-29
6387,,출금,222308,기타,2025-07-27
6388,,출금,427941,의료/건강,2025-01-21
6389,,출금,417714,기타,2025-01-11
6390,,입금,1724797,부수입,2025-01-20
6391,,출금,413884,식비,2025-01-08
6392,,입금,1518281,월급,2025-07-21
6393,,출금,117428,생필품,2025-05-12
6394,,입금,2346235,부수입,2025-04-15
6395,,입금,802772,기타,2025-06-23
6396,,출금,483861,패션/미용,2025-02-24
6397,,출금,284904,식비,2025-07-19
6398,,출금,84317,생필품,2025-01-29
6399,,입금,2138328,월급,2025-07-13
6400,,입금,774677,월급,2025-05-06
6401,,출금,7132,패션/미용,2025-06-19
6402,,출금,230036,기타,2025-02-25
6403,,입금,1749512,기타,2025-07-06
6404,,입금,1500809,기타,2025-05-22
6405,,출금,466315,교통비,2025-06-27
6406,,출금,357495,문화생활/여가,2025-07-10
6407,,입금,1938470,기타,2025-02-06
6408,,입금,195567,부수입,2025-03-01
6409,,출금,297989,패션/미용,2025-04-15
6410,,출금,321359,문화생활/여가,2025-01-07
6411,,입금,409463,기타,2025-06-17
6412,,출금,119334,교통비,2025-07-07
6413,,출금,91172,생필품,2025-02-04
6414,,출금,409912,기타,2025-04-22
6415,,입금,666974,기타,2025-04-07
6416,,입금,1812175,기타,2025-05-16
6417,,출금,333898,교통비,2025-05-29
6418,,입금,441692,월급,2025-05-07
6419,,출금,275221,교통비,2025-05-17
6420,,출금,358927,교통비,2025-01-13
6421,,입금,2213244,월급,2025-05-03
6422,,출금,60668,의료/건강,2025-01-22
6423,,출금,434143,생필품,2025-01-20
6424,,출금,124404,교통비,2025-04-13
6425,,입금,222607,월급,2025-03-31
6426,,입금,2171223,월급,2025-01-11
6427,,출금,271874,패션/미용,2025-02-14
6428,,입금,2401412,부수입,2025-04-16
6429,,입금,2300422,월급,2025-03-01
6430,,입금,279786,월급,2025-06-27
6431,,입금,924793,기타,2025-04-04
6432,,출금,169439,생필품,2025-06-03
6433,,출금,120288,의료/건강,2025-06-17
6434,,출금,374550,주거/공과금,2025-02-14
6435,,출금,111047,기타,2025-05-15
6436,,입금,2408288,기타,2025-01-12
6437,,입금,1180491,부수입,2025-07-16
6438,,입금,831728,부수입,2025-07-01
6439,,입금,644755,부수입,2025-03-23
6440,,출금,318863,생필품,2025-02-04
6441,,입금,2465606,부수입,2025-05-28
6442,,출금,128385,교통비,2025-02-13
6443,,출금,434242,기타,2025-01-17
6444,,출금,302122,의료/건강,2025-02-08
6445,,출금,365156,식비,2025-05-19
6446,,출금,124253,주거/공과금,2025-06-08
6447,,입금,1879656,기타,2025-04-11
6448,,출금,175534,식비,2025-01-12
6449,,출금,306510,의료/건강,2025-07-21
6450,,입금,1223761,월급,2025-06-06
6451,,출금,354968,패션/미용,2025-02-19
6452,,출금,380214,패션/미용,2025-07-07
6453,,출금,240736,식비,2025-03-20
6454,,출금,119487,교통비,2025-04-08
6455,,출금,30770,생필품,2025-06-27
6456,,출금,422877,주거/공과금,2025-01-12
6457,,출금,235942,주거/공과금,2025-07-20
6458,,입금,2298486,부수입,2025-02-02
6459,,출금,94212,생필품,2025-06-12
6460,,출금,121025,패션/미용,2025-05-20
6461,,출금,213609,의료/건강,2025-03-27
6462,,출금,111868,식비,2025-05-07
6463,,출금,263076,기타,2025-06-30
6464,,입금,1892222,기타,2025-06-17
6465,,출금,176684,주거/공과금,2025-03-21
6466,,출금,200173,기타,2025-06-26
6467,,출금,288856,생필품,2025-02-01
6468,,출금,99282,주거/공과금,2025-02-16
6469,,입금,299206,부수입,2025-04-14
6470,,입금,1428312,월급,2025-04-24
6471,,출금,355937,패션/미용,2025-04-19
6472,,출금,244578,문화생활/여가,2025-01-21
6473,,입금,1622534,월급,2025-07-02
6474,,입금,1464961,부수입,2025-03-08
6475,,출금,300196,생필품,2025-04-29
6476,,출금,467839,패션/미용,2025-06-20
6477,,출금,425118,교통비,2025-06-21
6478,,출금,413261,기타,2025-04-17
6479,,출금,391348,패션/미용,2025-06-13
6480,,출금,271788,의료/건강,2025-04-15
6481,,출금,130349,식비,2025-03-27
6482,,출금,463936,식비,2025-01-02
6483,,출금,401886,패션/미용,2025-02-15
6484,,출금,117124,주거/공과금,2025-02-25
6485,,입금,67773,기타,2025-05-15
6486,,출금,274672,생필품,2025-06-10
6487,,출금,123362,주거/공과금,2025-04-29
6488,,입금,2132225,기타,2025-06-30
6489,,출금,68281,문화생활/여가,2025-05-13
6490,,입금,1323266,기타,2025-05-11
6491,,출금,278705,교통비,2025-03-09
6492,,출금,451226,생필품,2025-03-25
6493,,입금,1010925,기타,2025-03-29
6494,,입금,459346,기타,2025-07-24
6495,,출금,347656,주거/공과금,2025-01-23
6496,,출금,394478,문화생활/여가,2025-06-25
6497,,출금,79304,의료/건강,2025-04-08
6498,,출금,252361,문화생활/여가,2025-03-07
6499,,출금,48052,주거/공과금,2025-01-22
6500,,출금,415252,의료/건강,2025-07-06
6501,,출금,78855,교통비,2025-03-27
6502,,출금,179919,생필품,2025-06-28
6503,,입금,1269357,부수입,2025-06-14
6504,,출금,119313,생필품,2025-04-14
6505,,출금,263229,의료/건강,2025-03-29
6506,,출금,80900,기타,2025-03-22
6507,,출금,108940,생필품,2025-03-24
6508,,출금,498298,패션/미용,2025-01-14
6509,,입금,1380842,기타,2025-04-05
6510,,출금,100917,주거/공과금,2025-01-02
6511,,입금,1607247,부수입,2025-07-11
6512,,출금,134158,패션/미용,2025-02-15
6513,,입금,1547294,기타,2025-02-02
6514,,출금,396826,기타,2025-03-18
6515,,출금,52813,의료/건강,2025-03-02
6516,,출금,324033,문화생활/여가,2025-03-21
6517,,입금,1262306,기타,2025-05-05
6518,,출금,106122,의료/건강,2025-01-12
6519,,출금,213963,기타,2025-06-26
6520,,출금,12356,패션/미용,2025-03-05
6521,,출금,461112,의료/건강,2025-05-27
6522,,입금,1108907,월급,2025-03-22
6523,,입금,1075198,부수입,2025-02-05
6524,,출금,411640,의료/건강,2025-03-01
6525,,입금,448662,부수입,2025-06-02
6526,,출금,241091,문화생활/여가,2025-04-21
6527,,출금,218647,패션/미용,2025-03-22
6528,,출금,25706,패션/미용,2025-02-19
6529,,출금,470911,기타,2025-05-09
6530,,입금,652490,부수입,2025-02-10
6531,,출금,256965,기타,2025-06-30
6532,,입금,1567984,부수입,2025-03-30
6533,,입금,442428,기타,2025-01-26
6534,,출금,210446,기타,2025-06-06
6535,,입금,1954156,월급,2025-02-22
6536,,출금,72281,생필품,2025-03-10
6537,,출금,73768,의료/건강,2025-06-03
6538,,출금,72831,교통비,2025-05-17
6539,,입금,1124203,부수입,2025-04-11
6540,,출금,219046,식비,2025-02-27
6541,,출금,6804,교통비,2025-04-06
6542,,출금,319442,식비,2025-07-30
6543,,출금,496599,주거/공과금,2025-05-12
6544,,출금,162567,교통비,2025-01-20
6545,,출금,308508,의료/건강,2025-07-29
6546,,입금,991488,부수입,2025-05-21
6547,,입금,1943578,부수입,2025-05-16
6548,,입금,2082226,부수입,2025-02-28
6549,,입금,2086079,부수입,2025-07-15
6550,,출금,49173,패션/미용,2025-02-04
6551,,출금,446108,생필품,2025-01-22
6552,,출금,364843,문화생활/여가,2025-06-10
6553,,출금,152093,주거/공과금,2025-03-27
6554,,출금,299972,의료/건강,2025-05-21
6555,,출금,85372,기타,2025-05-11
6556,,출금,346848,생필품,2025-07-04
6557,,입금,2228726,월급,2025-02-10
6558,,출금,127483,주거/공과금,2025-03-22
6559,,입금,1221198,월급,2025-03-18
6560,,출금,137390,생필품,2025-03-18
6561,,입금,482118,기타,2025-03-12
6562,,출금,410347,패션/미용,2025-06-30
6563,,입금,2334448,기타,2025-06-30
6564,,출금,11487,교통비,2025-02-04
6565,,출금,2072,기타,2025-01-20
6566,,입금,129262,부수입,2025-01-31
6567,,입금,582109,월급,2025-07-06
6568,,출금,196235,문화생활/여가,2025-03-11
6569,,출금,234220,문화생활/여가,2025-06-21
6570,,출금,392853,의료/건강,2025-03-11
6571,,출금,352437,식비,2025-07-05
6572,,출금,300551,의료/건강,2025-04-24
6573,,출금,203879,패션/미용,2025-01-30
6574,,출금,134537,주거/공과금,2025-04-02
6575,,출금,94717,생필품,2025-01-23
6576,,입금,796180,월급,2025-03-09
6577,,입금,1340876,월급,2025-03-04
6578,,입금,1354421,월급,2025-05-21
6579,,출금,82350,생필품,2025-03-03
6580,,출금,230958,식비,2025-02-04
6581,,입금,2130803,기타,2025-04-05
6582,,출금,66089,기타,2025-01-24
6583,,출금,465370,주거/공과금,2025-03-19
6584,,출금,104579,주거/공과금,2025-02-03
6585,,출금,333336,교통비,2025-02-17
6586,,출금,150323,의료/건강,2025-04-21
6587,,입금,359969,월급,2025-01-27
6588,,입금,225943,월급,2025-03-02
6589,,출금,473121,의료/건강,2025-04-28
6590,,출금,465958,패션/미용,2025-03-03
6591,,출금,64450,주거/공과금,2025-07-04
6592,,출금,29158,교통비,2025-01-17
6593,,입금,1199941,부수입,2025-06-16
6594,,입금,507478,월급,2025-07-12
6595,,출금,115350,의료/건강,2025-07-02
6596,,출금,44945,교통비,2025-01-30
6597,,출금,121503,기타,2025-01-13
6598,,입금,119962,월급,2025-06-20
6599,,입금,1077978,월급,2025-06-12
6600,,출금,231902,식비,2025-01-02
6601,,출금,158299,문화생활/여가,2025-02-15
6602,,입금,1403562,월급,2025-01-26
6603,,출금,321977,의료/건강,2025-03-17
6604,,출금,93241,교통비,2025-02-11
6605,,출금,414614,패션/미용,2025-05-07
6606,,출금,212185,식비,2025-02-27
6607,,출금,79696,생필품,2025-03-10
6608,,출금,92555,주거/공과금,2025-01-29
6609,,입금,932556,기타,2025-03-13
6610,,출금,294242,문화생활/여가,2025-06-09
6611,,출금,132295,식비,2025-01-05
6612,,출금,30836,의료/건강,2025-06-30
6613,,입금,2109916,부수입,2025-06-13
6614,,입금,1671705,기타,2025-05-02
6615,,입금,773664,부수입,2025-01-25
6616,,입금,1881491,부수입,2025-03-02
6617,,출금,39075,교통비,2025-07-21
6618,,출금,107337,주거/공과금,2025-02-11
6619,,출금,277513,교통비,2025-01-27
6620,,출금,385788,생필품,2025-01-14
6621,,출금,394694,문화생활/여가,2025-04-30
6622,,출금,293643,교통비,2025-03-30
6623,,출금,302491,생필품,2025-01-23
6624,,입금,302951,기타,2025-02-09
6625,,출금,115757,교통비,2025-01-08
6626,,출금,310734,패션/미용,2025-06-17
6627,,출금,222139,의료/건강,2025-04-29
6628,,입금,1986364,월급,2025-07-07
6629,,입금,1522457,기타,2025-05-30
6630,,출금,121085,패션/미용,2025-06-10
6631,,출금,433777,문화생활/여가,2025-01-02
6632,,출금,309148,기타,2025-02-18
6633,,출금,328973,주거/공과금,2025-06-29
6634,,출금,407426,교통비,2025-04-29
6635,,출금,214446,기타,2025-06-18
6636,,출금,374407,생필품,2025-06-14
6637,,입금,2406578,월급,2025-03-26
6638,,입금,2485008,기타,2025-05-16
6639,,입금,1217618,부수입,2025-06-01
6640,,출금,354405,문화생활/여가,2025-05-23
6641,,출금,201813,문화생활/여가,2025-06-30
6642,,입금,789067,월급,2025-05-06
6643,,출금,295658,생필품,2025-04-10
6644,,입금,1436814,월급,2025-04-22
6645,,출금,427133,식비,2025-05-26
6646,,출금,429789,식비,2025-04-17
6647,,출금,443586,주거/공과금,2025-07-23
6648,,출금,159124,생필품,2025-01-24
6649,,출금,135253,문화생활/여가,2025-05-16
6650,,출금,36673,문화생활/여가,2025-04-03
6651,,출금,464738,생필품,2025-03-30
6652,,출금,416223,기타,2025-05-20
6653,,출금,82386,교통비,2025-01-05
6654,,출금,405315,교통비,2025-01-14
6655,,출금,169963,의료/건강,2025-07-03
6656,,출금,236604,식비,2025-04-11
6657,,출금,288884,문화생활/여가,2025-03-06
6658,,출금,85661,교통비,2025-01-11
6659,,출금,260428,생필품,2025-03-11
6660,,입금,1011167,월급,2025-05-31
6661,,출금,183081,교통비,2025-03-11
6662,,출금,135012,문화생활/여가,2025-05-19
6663,,출금,350443,교통비,2025-06-01
6664,,출금,308526,기타,2025-07-16
6665,,입금,2137740,부수입,2025-04-12
6666,,입금,2333764,부수입,2025-07-10
6667,,출금,20982,생필품,2025-04-23
6668,,입금,1513796,부수입,2025-03-26
6669,,입금,1099771,부수입,2025-07-11
6670,,출금,343113,주거/공과금,2025-07-08
6671,,출금,418745,생필품,2025-07-21
6672,,입금,711470,부수입,2025-03-13
6673,,출금,51817,의료/건강,2025-03-17
6674,,입금,1731988,월급,2025-04-06
6675,,입금,1731274,월급,2025-05-17
6676,,출금,436549,식비,2025-06-03
6677,,입금,2444209,부수입,2025-05-13
6678,,출금,101476,의료/건강,2025-07-04
6679,,입금,949562,부수입,2025-04-14
6680,,출금,399922,의료/건강,2025-03-29
6681,,출금,71327,주거/공과금,2025-03-18
6682,,입금,2258952,월급,2025-02-04
6683,,출금,358687,주거/공과금,2025-01-30
6684,,출금,89522,교통비,2025-01-02
6685,,출금,50297,기타,2025-04-08
6686,,입금,2351454,월급,2025-03-23
6687,,출금,307922,의료/건강,2025-04-19
6688,,출금,21894,패션/미용,2025-01-02
6689,,출금,34278,문화생활/여가,2025-05-27
6690,,출금,400582,패션/미용,2025-01-06
6691,,출금,29013,교통비,2025-03-31
6692,,출금,480327,기타,2025-02-12
6693,,출금,408435,생필품,2025-07-28
6694,,입금,1117820,부수입,2025-07-07
6695,,출금,64666,생필품,2025-04-25
6696,,출금,22923,식비,2025-02-27
6697,,출금,475065,패션/미용,2025-04-22
6698,,출금,206480,기타,2025-03-16
6699,,입금,2182870,월급,2025-03-10
6700,,출금,434727,문화생활/여가,2025-03-01
6701,,출금,244698,의료/건강,2025-03-07
6702,,출금,457967,교통비,2025-07-08
6703,,출금,122078,문화생활/여가,2025-03-16
6704,,출금,279353,의료/건강,2025-07-18
6705,,출금,465905,식비,2025-04-30
6706,,출금,76368,교통비,2025-01-27
6707,,출금,369682,식비,2025-05-11
6708,,출금,191170,기타,2025-01-17
6709,,출금,467473,문화생활/여가,2025-03-26
6710,,출금,247302,의료/건강,2025-07-24
6711,,입금,1216443,월급,2025-06-21
6712,,출금,339906,패션/미용,2025-05-15
6713,,출금,188163,기타,2025-01-18
6714,,출금,464614,의료/건강,2025-01-12
6715,,입금,1308786,기타,2025-02-22
6716,,출금,360696,패션/미용,2025-05-25
6717,,출금,131708,생필품,2025-07-19
6718,,출금,106979,교통비,2025-07-18
6719,,입금,1769662,부수입,2025-04-04
6720,,출금,489456,패션/미용,2025-07-22
6721,,출금,339703,기타,2025-03-07
6722,,출금,214986,의료/건강,2025-05-02
6723,,입금,2433053,월급,2025-02-09
6724,,입금,1869509,월급,2025-06-29
6725,,출금,68266,기타,2025-03-24
6726,,출금,208347,기타,2025-03-26
6727,,입금,95527,월급,2025-07-10
6728,,입금,2208511,기타,2025-04-17
6729,,출금,429834,문화생활/여가,2025-01-05
6730,,출금,473225,교통비,2025-04-27
6731,,입금,2169143,부수입,2025-04-11
6732,,출금,111060,주거/공과금,2025-06-30
6733,,출금,485273,교통비,2025-05-14
6734,,입금,2142654,월급,2025-03-27
6735,,출금,146428,의료/건강,2025-05-08
6736,,출금,79101,식비,2025-02-26
6737,,출금,181571,기타,2025-01-25
6738,,출금,252550,기타,2025-04-18
6739,,입금,1550121,기타,2025-04-30
6740,,출금,84747,주거/공과금,2025-06-14
6741,,출금,119485,패션/미용,2025-07-11
6742,,출금,259437,생필품,2025-04-22
6743,,출금,282253,문화생활/여가,2025-03-14
6744,,출금,37492,문화생활/여가,2025-05-14
6745,,출금,248661,주거/공과금,2025-04-18
6746,,출금,305581,패션/미용,2025-03-15
6747,,입금,1071944,부수입,2025-02-01
6748,,출금,306520,의료/건강,2025-02-25
6749,,출금,196810,식비,2025-05-05
6750,,출금,133517,식비,2025-04-30
6751,,출금,227863,식비,2025-07-28
6752,,출금,80576,교통비,2025-05-16
6753,,입금,884681,기타,2025-06-19
6754,,출금,455511,기타,2025-01-09
6755,,출금,138763,교통비,2025-07-29
6756,,입금,988084,부수입,2025-07-18
6757,,입금,1757505,월급,2025-04-09
6758,,출금,99210,기타,2025-07-02
6759,,입금,2007273,월급,2025-03-19
6760,,출금,188443,패션/미용,2025-04-09
6761,,입금,559353,기타,2025-03-28
6762,,출금,246100,의료/건강,2025-06-07
6763,,출금,166902,의료/건강,2025-07-29
6764,,출금,221406,패션/미용,2025-02-09
6765,,출금,140914,주거/공과금,2025-04-18
6766,,입금,1648205,기타,2025-07-04
6767,,출금,174864,기타,2025-04-24
6768,,출금,425187,주거/공과금,2025-01-12
6769,,출금,447720,주거/공과금,2025-02-17
6770,,출금,153686,기타,2025-06-04
6771,,입금,1655319,부수입,2025-02-05
6772,,입금,1896818,기타,2025-06-24
6773,,출금,345270,주거/공과금,2025-03-10
6774,,입금,489276,기타,2025-05-30
6775,,입금,993325,월급,2025-07-10
6776,,출금,166120,생필품,2025-05-19
6777,,출금,20862,문화생활/여가,2025-07-30
6778,,입금,2325430,부수입,2025-02-16
6779,,출금,40191,의료/건강,2025-01-11
6780,,출금,319375,의료/건강,2025-06-20
6781,,출금,2020,주거/공과금,2025-03-04
6782,,출금,458864,패션/미용,2025-06-13
6783,,출금,302199,기타,2025-01-11
6784,,출금,357068,의료/건강,2025-07-19
6785,,입금,199747,기타,2025-06-16
6786,,출금,334298,의료/건강,2025-03-23
6787,,출금,345954,패션/미용,2025-02-28
6788,,출금,64131,의료/건강,2025-03-13
6789,,출금,253425,기타,2025-04-12
6790,,출금,180947,식비,2025-03-05
6791,,출금,361679,기타,2025-03-20
6792,,출금,330300,생필품,2025-07-28
6793,,출금,375494,생필품,2025-06-10
6794,,출금,333224,패션/미용,2025-06-03
6795,,입금,1642103,부수입,2025-06-03
6796,,입금,1270985,부수입,2025-06-22
6797,,출금,65362,교통비,2025-01-22
6798,,출금,476346,문화생활/여가,2025-04-11
6799,,입금,450822,월급,2025-07-15
6800,,출금,450407,문화생활/여가,2025-03-29
6801,,출금,333526,의료/건강,2025-06-09
6802,,출금,95105,식비,2025-06-18
6803,,출금,46020,기타,2025-06-30
6804,,입금,1764451,부수입,2025-03-26
6805,,출금,75649,교통비,2025-03-29
6806,,출금,35183,주거/공과금,2025-07-30
6807,,출금,166853,문화생활/여가,2025-07-21
6808,,출금,339367,주거/공과금,2025-01-06
6809,,출금,254863,기타,2025-05-06
6810,,출금,454761,패션/미용,2025-06-14
6811,,출금,78852,주거/공과금,2025-04-25
6812,,출금,9513,의료/건강,2025-04-18
6813,,입금,273535,월급,2025-01-23
6814,,출금,467094,생필품,2025-05-26
6815,,출금,11154,생필품,2025-05-06
6816,,출금,221715,패션/미용,2025-02-18
6817,,출금,227231,생필품,2025-07-12
6818,,입금,1970488,기타,2025-04-13
6819,,출금,118638,식비,2025-01-19
6820,,출금,391702,생필품,2025-07-07
6821,,출금,239422,의료/건강,2025-06-29
6822,,입금,1187908,기타,2025-06-22
6823,,출금,117335,교통비,2025-02-01
6824,,출금,389282,패션/미용,2025-03-19
6825,,출금,240809,의료/건강,2025-06-23
6826,,출금,472303,주거/공과금,2025-06-18
6827,,출금,3739,교통비,2025-01-04
6828,,출금,172799,생필품,2025-03-25
6829,,출금,483423,패션/미용,2025-04-09
6830,,출금,143550,의료/건강,2025-06-18
6831,,입금,344596,월급,2025-05-23
6832,,입금,1836244,월급,2025-05-28
6833,,출금,380116,식비,2025-06-07
6834,,출금,97482,의료/건강,2025-03-16
6835,,출금,483243,기타,2025-06-20
6836,,출금,496492,문화생활/여가,2025-03-05
6837,,출금,105874,생필품,2025-02-26
6838,,출금,497153,패션/미용,2025-01-31
6839,,출금,351339,식비,2025-03-25
6840,,출금,386023,기타,2025-03-10
6841,,출금,479317,주거/공과금,2025-01-28
6842,,출금,328315,기타,2025-03-07
6843,,출금,474776,생필품,2025-05-20
6844,,출금,62770,식비,2025-03-24
6845,,출금,113885,생필품,2025-06-30
6846,,출금,209275,기타,2025-03-17
6847,,입금,1556046,부수입,2025-06-05
6848,,출금,443161,주거/공과금,2025-04-15
6849,,입금,1830084,월급,2025-03-27
6850,,입금,1052521,월급,2025-05-11
6851,,출금,52572,생필품,2025-01-29
6852,,입금,1994976,부수입,2025-01-15
6853,,입금,65098,기타,2025-03-25
6854,,출금,457879,식비,2025-07-28
6855,,출금,234763,기타,2025-03-14
6856,,출금,431221,기타,2025-06-20
6857,,출금,53951,교통비,2025-04-29
6858,,출금,35943,식비,2025-03-01
6859,,출금,283349,식비,2025-07-25
6860,,입금,693198,부수입,2025-06-04
6861,,입금,2194274,기타,2025-04-26
6862,,입금,1412114,월급,2025-05-12
6863,,출금,310099,기타,2025-06-29
6864,,출금,415102,주거/공과금,2025-04-02
6865,,출금,305505,패션/미용,2025-04-16
6866,,입금,1551515,월급,2025-03-18
6867,,출금,279619,식비,2025-06-05
6868,,출금,221355,의료/건강,2025-05-28
6869,,입금,2064457,부수입,2025-06-07
6870,,입금,2039668,월급,2025-01-02
6871,,출금,444642,교통비,2025-05-09
6872,,출금,436231,문화생활/여가,2025-04-24
6873,,출금,419267,교통비,2025-03-28
6874,,출금,352121,문화생활/여가,2025-01-10
6875,,입금,903058,부수입,2025-05-12
6876,,출금,47223,문화생활/여가,2025-01-12
6877,,출금,349141,교통비,2025-02-16
6878,,출금,199615,식비,2025-06-11
6879,,입금,2098844,기타,2025-04-20
6880,,입금,2036318,부수입,2025-05-02
6881,,출금,471112,식비,2025-03-08
6882,,출금,183473,식비,2025-06-12
6883,,출금,156971,기타,2025-04-26
6884,,출금,350157,기타,2025-06-06
6885,,출금,63776,교통비,2025-04-08
6886,,출금,447197,주거/공과금,2025-06-10
6887,,출금,418246,주거/공과금,2025-01-29
6888,,출금,431461,문화생활/여가,2025-03-29
6889,,입금,925737,월급,2025-04-06
6890,,입금,327724,부수입,2025-03-21
6891,,입금,717302,월급,2025-02-08
6892,,입금,144103,월급,2025-01-14
6893,,출금,465299,문화생활/여가,2025-01-22
6894,,입금,1561967,월급,2025-07-23
6895,,출금,250204,의료/건강,2025-02-16
6896,,출금,260029,패션/미용,2025-06-01
6897,,출금,298184,교통비,2025-03-07
6898,,출금,421850,식비,2025-04-13
6899,,출금,316586,패션/미용,2025-07-19
6900,,입금,974900,부수입,2025-04-03
6901,,출금,287606,기타,2025-07-07
6902,,입금,1233027,월급,2025-04-18
6903,,출금,86486,식비,2025-02-12
6904,,출금,19185,교통비,2025-03-08
6905,,출금,307129,의료/건강,2025-01-20
6906,,출금,325907,기타,2025-05-02
6907,,입금,535852,부수입,2025-05-13
6908,,출금,241223,교통비,2025-06-24
6909,,출금,35881,문화생활/여가,2025-06-30
6910,,출금,314282,의료/건강,2025-06-21
6911,,출금,12100,교통비,2025-02-14
6912,,출금,279218,문화생활/여가,2025-07-02
6913,,입금,2433453,기타,2025-06-24
6914,,출금,32361,생필품,2025-01-13
6915,,출금,303788,패션/미용,2025-02-08
6916,,출금,304626,생필품,2025-04-13
6917,,출금,280579,식비,2025-04-03
6918,,입금,2375347,기타,2025-07-07
6919,,출금,407236,교통비,2025-05-12
6920,,입금,1441114,월급,2025-03-10
6921,,출금,88735,문화생활/여가,2025-01-23
6922,,출금,43983,의료/건강,2025-03-31
6923,,출금,469151,생필품,2025-06-25
6924,,출금,153100,식비,2025-05-19
6925,,입금,322854,월급,2025-07-16
6926,,출금,496110,기타,2025-01-03
6927,,입금,1629320,기타,2025-05-12
6928,,출금,323441,주거/공과금,2025-01-02
6929,,출금,380974,주거/공과금,2025-06-23
6930,,입금,2477209,월급,2025-02-23
6931,,출금,376535,교통비,2025-04-26
6932,,출금,485299,생필품,2025-02-13
6933,,출금,231780,식비,2025-06-30
6934,,출금,280762,식비,2025-07-05
6935,,입금,1600513,월급,2025-07-24
6936,,출금,431089,기타,2025-04-22
6937,,출금,460074,식비,2025-05-29
6938,,출금,188625,의료/건강,2025-04-04
6939,,출금,18985,패션/미용,2025-01-12
6940,,출금,271296,주거/공과금,2025-05-01
6941,,입금,650437,월급,2025-05-31
6942,,출금,293084,기타,2025-02-20
6943,,출금,180205,생필품,2025-03-22
6944,,출금,252600,주거/공과금,2025-02-25
6945,,입금,2238675,부수입,2025-07-22
6946,,입금,528674,기타,2025-06-14
6947,,출금,54631,기타,2025-06-20
6948,,출금,467134,생필품,2025-06-05
6949,,출금,400298,주거/공과금,2025-01-06
6950,,출금,330177,주거/공과금,2025-02-20
6951,,출금,459522,기타,2025-05-13
6952,,출금,102329,주거/공과금,2025-07-28
6953,,입금,369064,월급,2025-01-01
6954,,출금,193606,의료/건강,2025-02-19
6955,,출금,395545,교통비,2025-07-24
6956,,출금,254693,의료/건강,2025-05-28
6957,,입금,335125,기타,2025-01-10
6958,,출금,136273,식비,2025-05-27
6959,,출금,144008,생필품,2025-01-22
6960,,입금,628484,기타,2025-03-22
6961,,출금,58010,문화생활/여가,2025-01-13
6962,,출금,44995,생필품,2025-02-20
6963,,입금,649602,월급,2025-04-17
6964,,입금,2053428,부수입,2025-02-23
6965,,출금,470358,교통비,2025-07-05
6966,,출금,476133,문화생활/여가,2025-02-23
6967,,출금,32457,주거/공과금,2025-01-28
6968,,출금,203250,식비,2025-06-05
6969,,입금,2044098,월급,2025-07-02
6970,,출금,337545,식비,2025-02-26
6971,,출금,294583,교통비,2025-01-22
6972,,출금,37671,주거/공과금,2025-01-11
6973,,입금,781639,부수입,2025-05-08
6974,,출금,196185,의료/건강,2025-06-08
6975,,입금,1621332,부수입,2025-04-18
6976,,입금,2351676,부수입,2025-03-09
6977,,출금,88872,식비,2025-04-13
6978,,출금,28028,주거/공과금,2025-01-23
6979,,출금,69160,의료/건강,2025-02-19
6980,,입금,2282135,월급,2025-03-21
6981,,출금,122368,식비,2025-07-25
6982,,출금,67114,생필품,2025-07-11
6983,,출금,211071,문화생활/여가,2025-04-15
6984,,출금,188976,의료/건강,2025-03-12
6985,,출금,156790,생필품,2025-05-24
6986,,출금,467006,주거/공과금,2025-06-01
6987,,출금,269679,의료/건강,2025-02-04
6988,,출금,208920,기타,2025-01-08
6989,,입금,362628,부수입,2025-05-03
6990,,출금,124824,패션/미용,2025-01-20
6991,,출금,280625,패션/미용,2025-03-19
6992,,출금,111280,생필품,2025-04-28
6993,,입금,70740,기타,2025-03-28
6994,,출금,486658,문화생활/여가,2025-06-25
6995,,출금,158522,교통비,2025-03-26
6996,,입금,1819291,기타,2025-02-14
6997,,출금,341968,의료/건강,2025-07-30
6998,,출금,472600,생필품,2025-04-07
6999,,입금,120461,기타,2025-01-11
7000,,출금,15044,패션/미용,2025-06-05
7001,,출금,227112,식비,2025-07-25
7002,,출금,134766,식비,2025-03-13
7003,,출금,498911,주거/공과금,2025-04-02
7004,,출금,424745,교통비,2025-01-11
7005,,입금,487875,기타,2025-06-29
7006,,출금,220796,패션/미용,2025-01-22
7007,,입금,2341154,기타,2025-02-13
7008,,출금,19800,패션/미용,2025-05-14
7009,,출금,255651,문화생활/여가,2025-06-01
7010,,출금,15576,주거/공과금,2025-03-29
7011,,입금,1540991,기타,2025-01-05
7012,,출금,457440,의료/건강,2025-03-14
7013,,출금,303888,기타,2025-04-01
7014,,출금,282503,패션/미용,2025-06-12
7015,,입금,1403733,월급,2025-01-11
7016,,출금,179757,식비,2025-03-07
7017,,출금,376090,문화생활/여가,2025-01-03
7018,,출금,414202,교통비,2025-03-25
7019,,출금,336441,의료/건강,2025-04-11
7020,,입금,649791,부수입,2025-03-23
7021,,출금,258354,교통비,2025-01-12
7022,,출금,278903,주거/공과금,2025-06-26
7023,,출금,343437,기타,2025-05-20
7024,,입금,1277614,월급,2025-03-06
7025,,입금,1357342,부수입,2025-03-07
7026,,출금,147619,식비,2025-07-19
7027,,출금,119717,식비,2025-06-04
7028,,출금,384290,식비,2025-06-18
7029,,출금,428320,생필품,2025-01-12
7030,,출금,206754,의료/건강,2025-02-03
7031,,입금,1799870,기타,2025-05-04
7032,,출금,208768,교통비,2025-01-14
7033,,출금,40055,교통비,2025-06-24
7034,,출금,65657,패션/미용,2025-05-21
7035,,출금,385673,생필품,2025-06-05
7036,,입금,1658755,기타,2025-02-26
7037,,출금,251736,패션/미용,2025-04-06
7038,,출금,49896,생필품,2025-07-12
7039,,입금,2166159,부수입,2025-04-10
7040,,출금,426742,생필품,2025-07-15
7041,,출금,333563,교통비,2025-01-22
7042,,입금,339312,월급,2025-04-11
7043,,입금,2201151,기타,2025-07-12
7044,,입금,2161996,부수입,2025-03-02
7045,,출금,467928,패션/미용,2025-07-18
7046,,입금,1417768,기타,2025-01-20
7047,,입금,940367,기타,2025-02-14
7048,,입금,692293,부수입,2025-01-11
7049,,출금,81021,패션/미용,2025-01-11
7050,,출금,12733,식비,2025-06-12
7051,,출금,158221,기타,2025-02-22
7052,,출금,480275,문화생활/여가,2025-07-19
7053,,출금,403909,교통비,2025-06-03
7054,,출금,372523,패션/미용,2025-04-13
7055,,입금,2156967,월급,2025-03-08
7056,,출금,464155,주거/공과금,2025-02-10
7057,,출금,454401,패션/미용,2025-02-07
7058,,입금,460995,월급,2025-01-29
7059,,입금,905414,기타,2025-04-13
7060,,출금,272790,식비,2025-04-02
7061,,출금,225023,식비,2025-06-09
7062,,출금,28560,생필품,2025-02-21
7063,,출금,418005,패션/미용,2025-02-04
7064,,출금,264340,패션/미용,2025-07-08
7065,,출금,377754,패션/미용,2025-05-11
7066,,출금,82875,교통비,2025-04-21
7067,,출금,185976,주거/공과금,2025-01-19
7068,,입금,279922,월급,2025-07-20
7069,,출금,422200,식비,2025-03-28
7070,,입금,291917,부수입,2025-01-03
7071,,출금,160165,식비,2025-01-03
7072,,입금,2015920,부수입,2025-01-29
7073,,출금,266155,식비,2025-03-10
7074,,입금,705008,기타,2025-02-11
7075,,입금,2220433,기타,2025-01-16
7076,,입금,1956739,기타,2025-02-14
7077,,출금,406010,패션/미용,2025-06-17
7078,,출금,380178,문화생활/여가,2025-02-08
7079,,출금,312281,식비,2025-02-05
7080,,입금,1270542,부수입,2025-04-27
7081,,출금,216029,패션/미용,2025-03-18
7082,,출금,494030,교통비,2025-01-17
7083,,입금,1688975,기타,2025-05-22
7084,,출금,194414,의료/건강,2025-07-25
7085,,출금,173406,주거/공과금,2025-05-24
7086,,출금,153499,문화생활/여가,2025-02-27
7087,,출금,328597,패션/미용,2025-06-23
7088,,입금,1336998,부수입,2025-07-11
7089,,출금,120335,패션/미용,2025-06-25
7090,,입금,2122966,월급,2025-07-08
7091,,출금,498604,생필품,2025-06-06
7092,,출금,421672,기타,2025-04-12
7093,,입금,1082980,월급,2025-06-10
7094,,출금,216056,식비,2025-05-14
7095,,입금,1230421,월급,2025-06-27
7096,,입금,827391,기타,2025-06-06
7097,,입금,775272,부수입,2025-04-13
7098,,출금,387903,생필품,2025-02-03
7099,,출금,165992,문화생활/여가,2025-06-18
7100,,출금,249194,생필품,2025-01-23
7101,,출금,186350,패션/미용,2025-01-15
7102,,출금,477537,패션/미용,2025-05-03
7103,,출금,85256,문화생활/여가,2025-07-03
7104,,출금,164096,패션/미용,2025-01-02
7105,,출금,473933,의료/건강,2025-07-26
7106,,출금,28938,기타,2025-02-16
7107,,출금,228127,문화생활/여가,2025-03-18
7108,,출금,63600,기타,2025-04-10
7109,,출금,196472,기타,2025-02-21
7110,,출금,163605,식비,2025-07-05
7111,,입금,1502707,부수입,2025-02-26
7112,,출금,492228,식비,2025-03-20
7113,,출금,47236,식비,2025-06-29
7114,,입금,806556,기타,2025-05-23
7115,,출금,440140,기타,2025-06-09
7116,,출금,277248,교통비,2025-02-03
7117,,입금,997230,기타,2025-04-20
7118,,출금,218702,의료/건강,2025-04-25
7119,,출금,161984,의료/건강,2025-04-21
7120,,출금,192342,교통비,2025-03-06
7121,,출금,168314,주거/공과금,2025-01-06
7122,,출금,395569,교통비,2025-07-14
7123,,입금,360171,월급,2025-02-01
7124,,출금,123574,의료/건강,2025-03-28
7125,,입금,152575,부수입,2025-05-08
7126,,출금,493396,패션/미용,2025-04-16
7127,,출금,233435,식비,2025-04-06
7128,,입금,986297,부수입,2025-06-04
7129,,출금,459421,교통비,2025-03-15
7130,,입금,1158648,부수입,2025-06-05
7131,,출금,52740,주거/공과금,2025-02-05
7132,,출금,37732,의료/건강,2025-06-05
7133,,입금,1499814,기타,2025-07-02
7134,,입금,370285,월급,2025-03-31
7135,,출금,393104,주거/공과금,2025-06-19
7136,,출금,380976,주거/공과금,2025-02-11
7137,,출금,31222,식비,2025-01-23
7138,,출금,18339,생필품,2025-05-13
7139,,입금,1390212,부수입,2025-06-01
7140,,입금,2395985,월급,2025-02-25
7141,,입금,135569,월급,2025-03-06
7142,,출금,421138,문화생활/여가,2025-04-20
7143,,입금,2435970,월급,2025-03-15
7144,,입금,680884,기타,2025-03-18
7145,,입금,966431,부수입,2025-02-25
7146,,출금,185246,식비,2025-06-26
7147,,출금,53051,생필품,2025-07-28
7148,,입금,286398,부수입,2025-05-17
7149,,입금,1779981,부수입,2025-05-05
7150,,출금,63139,패션/미용,2025-07-08
7151,,입금,2333859,기타,2025-07-07
7152,,입금,2025483,부수입,2025-04-07
7153,,출금,414103,의료/건강,2025-03-27
7154,,출금,314954,주거/공과금,2025-03-10
7155,,입금,1984631,월급,2025-06-16
7156,,출금,49153,패션/미용,2025-05-20
7157,,출금,13965,문화생활/여가,2025-01-12
7158,,출금,317986,문화생활/여가,2025-03-16
7159,,출금,35827,생필품,2025-05-19
7160,,출금,331708,교통비,2025-06-07
7161,,입금,229539,월급,2025-01-20
7162,,입금,710990,부수입,2025-04-01
7163,,입금,1975642,기타,2025-02-04
7164,,출금,171283,패션/미용,2025-01-30
7165,,출금,64097,의료/건강,2025-05-26
7166,,출금,57013,문화생활/여가,2025-07-27
7167,,입금,1189611,기타,2025-06-12
7168,,출금,103563,생필품,2025-06-15
7169,,출금,46350,생필품,2025-03-24
7170,,출금,402171,교통비,2025-05-26
7171,,입금,553766,부수입,2025-02-16
7172,,입금,1074297,부수입,2025-03-01
7173,,출금,2896,의료/건강,2025-06-02
7174,,입금,880553,부수입,2025-05-04
7175,,입금,2421043,기타,2025-07-24
7176,,출금,134899,의료/건강,2025-02-02
7177,,출금,68320,기타,2025-01-21
7178,,출금,103298,식비,2025-04-27
7179,,출금,99498,기타,2025-02-27
7180,,출금,405250,생필품,2025-03-17
7181,,출금,457500,패션/미용,2025-01-12
7182,,출금,485016,문화생활/여가,2025-04-19
7183,,출금,285544,패션/미용,2025-04-04
7184,,출금,182734,의료/건강,2025-03-13
7185,,입금,732067,부수입,2025-07-25
7186,,출금,279575,의료/건강,2025-07-15
7187,,출금,450653,주거/공과금,2025-02-03
7188,,출금,243629,기타,2025-01-03
7189,,출금,461539,주거/공과금,2025-02-18
7190,,출금,289457,주거/공과금,2025-03-02
7191,,출금,347540,식비,2025-04-24
7192,,입금,331928,기타,2025-03-31
7193,,출금,315344,문화생활/여가,2025-01-26
7194,,출금,22903,기타,2025-07-29
7195,,입금,1739591,부수입,2025-04-19
7196,,출금,347861,식비,2025-06-05
7197,,출금,171747,생필품,2025-05-21
7198,,입금,135704,월급,2025-06-23
7199,,출금,266376,패션/미용,2025-03-13
7200,,출금,181479,의료/건강,2025-03-09
7201,,출금,232447,문화생활/여가,2025-06-09
7202,,출금,166254,기타,2025-06-04
7203,,출금,56602,주거/공과금,2025-03-02
7204,,출금,314604,주거/공과금,2025-03-11
7205,,출금,328704,패션/미용,2025-07-26
7206,,출금,311117,주거/공과금,2025-06-30
7207,,출금,270161,기타,2025-07-20
7208,,출금,130555,생필품,2025-05-28
7209,,입금,1626056,부수입,2025-07-09
7210,,출금,43166,주거/공과금,2025-06-10
7211,,출금,19311,문화생활/여가,2025-07-16
7212,,출금,179100,의료/건강,2025-07-05
7213,,입금,887381,월급,2025-06-08
7214,,출금,20512,생필품,2025-02-23
7215,,출금,125761,문화생활/여가,2025-03-11
7216,,입금,563583,월급,2025-02-22
7217,,출금,340216,의료/건강,2025-03-03
7218,,출금,224465,교통비,2025-05-01
7219,,입금,2432445,부수입,2025-04-02
7220,,출금,44780,문화생활/여가,2025-04-12
7221,,출금,425692,식비,2025-01-10
7222,,출금,434117,문화생활/여가,2025-06-13
7223,,출금,30810,식비,2025-07-02
7224,,출금,357177,주거/공과금,2025-05-31
7225,,출금,171608,의료/건강,2025-02-10
7226,,출금,373757,기타,2025-05-26
7227,,출금,200074,문화생활/여가,2025-07-03
7228,,출금,227074,교통비,2025-06-06
7229,,출금,188615,주거/공과금,2025-07-22
7230,,입금,1223218,기타,2025-01-14
7231,,출금,450425,생필품,2025-01-09
7232,,출금,361413,패션/미용,2025-07-26
7233,,출금,167940,교통비,2025-07-21
7234,,출금,17063,식비,2025-04-28
7235,,출금,10865,문화생활/여가,2025-01-16
7236,,출금,416343,식비,2025-03-25
7237,,출금,57302,기타,2025-07-03
7238,,입금,1113102,기타,2025-04-20
7239,,출금,151008,교통비,2025-01-09
7240,,출금,132922,교통비,2025-07-27
7241,,출금,342200,주거/공과금,2025-03-13
7242,,출금,340246,패션/미용,2025-03-28
7243,,출금,386546,주거/공과금,2025-02-10
7244,,출금,77500,식비,2025-07-18
7245,,출금,92637,의료/건강,2025-06-15
7246,,출금,212031,식비,2025-07-07
7247,,출금,146839,교통비,2025-05-08
7248,,출금,29519,기타,2025-07-22
7249,,출금,409896,교통비,2025-06-09
7250,,입금,1751779,기타,2025-05-14
7251,,출금,260117,의료/건강,2025-03-13
7252,,입금,1777359,기타,2025-02-14
7253,,출금,492723,주거/공과금,2025-03-10
7254,,입금,515835,기타,2025-06-09
7255,,출금,260539,교통비,2025-04-12
7256,,입금,2138727,월급,2025-02-24
7257,,출금,209397,의료/건강,2025-03-14
7258,,출금,50866,생필품,2025-02-17
7259,,입금,1409898,부수입,2025-05-22
7260,,출금,312086,기타,2025-04-15
7261,,출금,9446,패션/미용,2025-03-29
7262,,출금,230762,의료/건강,2025-05-05
7263,,입금,58329,월급,2025-03-03
7264,,출금,7584,생필품,2025-07-10
7265,,출금,132105,식비,2025-02-21
7266,,입금,805269,부수입,2025-07-04
7267,,출금,281168,주거/공과금,2025-03-17
7268,,출금,477055,패션/미용,2025-01-27
7269,,출금,103871,패션/미용,2025-03-26
7270,,입금,2200997,부수입,2025-02-27
7271,,입금,1104028,기타,2025-01-12
7272,,출금,62979,식비,2025-02-05
7273,,출금,244343,생필품,2025-02-09
7274,,출금,293638,교통비,2025-03-29
7275,,입금,1075863,기타,2025-05-24
7276,,입금,1557517,부수입,2025-04-01
7277,,입금,1008176,부수입,2025-02-21
7278,,출금,100005,생필품,2025-07-13
7279,,출금,17949,패션/미용,2025-05-15
7280,,출금,141108,교통비,2025-06-12
7281,,출금,53401,기타,2025-05-09
7282,,출금,14508,문화생활/여가,2025-01-30
7283,,출금,415175,의료/건강,2025-07-03
7284,,출금,128659,교통비,2025-01-03
7285,,출금,173807,문화생활/여가,2025-07-12
7286,,출금,364484,교통비,2025-02-06
7287,,출금,4396,생필품,2025-05-31
7288,,출금,474934,패션/미용,2025-06-12
7289,,출금,240822,의료/건강,2025-03-30
7290,,출금,446956,문화생활/여가,2025-03-25
7291,,출금,60692,패션/미용,2025-04-19
7292,,입금,2463744,월급,2025-02-23
7293,,출금,352130,문화생활/여가,2025-03-24
7294,,입금,747161,월급,2025-04-30
7295,,출금,23769,문화생활/여가,2025-03-19
7296,,출금,53277,의료/건강,2025-07-04
7297,,입금,1312805,월급,2025-06-08
7298,,출금,151591,문화생활/여가,2025-01-21
7299,,출금,168939,의료/건강,2025-05-25
7300,,입금,1759743,월급,2025-06-28
7301,,출금,486471,식비,2025-01-26
7302,,입금,1462643,월급,2025-04-26
7303,,출금,280681,패션/미용,2025-06-09
7304,,출금,296461,패션/미용,2025-02-06
7305,,출금,135413,생필품,2025-04-23
7306,,출금,145773,생필품,2025-07-20
7307,,출금,36921,의료/건강,2025-01-26
7308,,출금,150211,기타,2025-02-02
7309,,출금,392938,교통비,2025-07-08
7310,,출금,379266,식비,2025-06-18
7311,,입금,956482,월급,2025-05-09
7312,,입금,1263039,기타,2025-01-24
7313,,출금,224485,생필품,2025-07-22
7314,,출금,169272,의료/건강,2025-07-20
7315,,출금,361373,식비,2025-07-16
7316,,입금,1933724,월급,2025-05-17
7317,,출금,406423,문화생활/여가,2025-07-02
7318,,출금,75666,의료/건강,2025-06-12
7319,,입금,2162290,부수입,2025-06-09
7320,,입금,747292,부수입,2025-04-21
7321,,입금,259874,부수입,2025-03-18
7322,,입금,1007182,기타,2025-05-30
7323,,출금,189517,문화생활/여가,2025-06-09
7324,,입금,987078,부수입,2025-04-22
7325,,입금,2401797,부수입,2025-06-14
7326,,출금,257318,의료/건강,2025-05-09
7327,,출금,353921,생필품,2025-01-26
7328,,입금,1913464,기타,2025-04-25
7329,,출금,254472,패션/미용,2025-02-14
7330,,입금,687635,부수입,2025-02-09
7331,,입금,131147,부수입,2025-07-20
7332,,출금,277497,기타,2025-06-14
7333,,출금,164900,식비,2025-01-29
7334,,출금,10698,문화생활/여가,2025-02-22
7335,,출금,377810,교통비,2025-03-31
7336,,출금,85707,의료/건강,2025-02-17
7337,,입금,2057676,부수입,2025-03-11
7338,,출금,102837,의료/건강,2025-01-07
7339,,입금,1990192,부수입,2025-07-28
7340,,출금,224827,문화생활/여가,2025-02-01
7341,,출금,164978,식비,2025-05-30
7342,,출금,491093,생필품,2025-04-15
7343,,출금,371066,패션/미용,2025-02-21
7344,,출금,189206,기타,2025-02-26
7345,,출금,394749,패션/미용,2025-01-20
7346,,출금,361794,의료/건강,2025-03-22
7347,,입금,2194823,기타,2025-05-13
7348,,출금,106849,식비,2025-01-16
7349,,출금,3677,주거/공과금,2025-06-10
7350,,출금,403230,기타,2025-05-07
7351,,입금,287496,월급,2025-01-13
7352,,입금,241691,기타,2025-04-20
7353,,출금,216596,기타,2025-02-01
7354,,입금,731510,부수입,2025-03-17
7355,,출금,70951,의료/건강,2025-01-28
7356,,출금,191631,의료/건강,2025-03-29
7357,,출금,399574,식비,2025-05-20
7358,,입금,1632663,기타,2025-02-01
7359,,입금,807302,기타,2025-04-20
7360,,출금,434829,교통비,2025-05-19
7361,,입금,1401595,월급,2025-01-07
7362,,입금,1215940,기타,2025-04-13
7363,,출금,126561,식비,2025-01-01
7364,,출금,48978,기타,2025-06-08
7365,,출금,75871,주거/공과금,2025-02-23
7366,,출금,49511,문화생활/여가,2025-04-20
7367,,출금,158691,의료/건강,2025-06-12
7368,,출금,483698,문화생활/여가,2025-07-26
7369,,입금,1974122,월급,2025-05-09
7370,,출금,38269,생필품,2025-05-29
7371,,입금,1478556,부수입,2025-06-19
7372,,출금,27500,생필품,2025-01-02
7373,,출금,456491,의료/건강,2025-02-02
7374,,출금,299217,문화생활/여가,2025-03-26
7375,,입금,1454307,부수입,2025-01-11
7376,,입금,554030,기타,2025-04-25
7377,,입금,1025490,부수입,2025-03-31
7378,,입금,1913292,월급,2025-01-11
7379,,출금,402756,의료/건강,2025-06-20
7380,,입금,272369,기타,2025-06-12
7381,,입금,578247,기타,2025-01-11
7382,,출금,84667,생필품,2025-05-14
7383,,입금,1277671,기타,2025-02-01
7384,,출금,59334,의료/건강,2025-01-17
7385,,입금,196432,기타,2025-03-27
7386,,출금,109539,교통비,2025-04-03
7387,,출금,246906,패션/미용,2025-03-06
7388,,출금,239762,교통비,2025-04-23
7389,,출금,247919,의료/건강,2025-01-01
7390,,입금,821230,기타,2025-02-22
7391,,출금,304646,패션/미용,2025-04-19
7392,,출금,36372,식비,2025-05-06
7393,,출금,268669,기타,2025-07-13
7394,,입금,366590,부수입,2025-03-03
7395,,출금,102465,주거/공과금,2025-02-16
7396,,출금,231591,기타,2025-05-20
7397,,입금,2412242,부수입,2025-03-27
7398,,출금,276348,주거/공과금,2025-01-20
7399,,입금,1404136,월급,2025-05-21
7400,,출금,339564,주거/공과금,2025-04-20
7401,,출금,340801,의료/건강,2025-04-02
7402,,출금,302240,주거/공과금,2025-01-06
7403,,입금,2463571,월급,2025-01-21
7404,,출금,268881,주거/공과금,2025-03-05
7405,,출금,132588,패션/미용,2025-07-04
7406,,출금,65348,교통비,2025-01-21
7407,,입금,1501927,기타,2025-05-01
7408,,출금,342909,기타,2025-01-19
7409,,출금,437064,교통비,2025-06-03
7410,,출금,203354,패션/미용,2025-04-11
7411,,출금,395465,주거/공과금,2025-04-25
7412,,출금,136235,패션/미용,2025-02-04
7413,,출금,387578,패션/미용,2025-07-28
7414,,출금,329960,생필품,2025-01-17
7415,,출금,67293,교통비,2025-05-27
7416,,입금,575289,월급,2025-04-14
7417,,입금,1704427,부수입,2025-06-19
7418,,출금,70927,생필품,2025-07-20
7419,,출금,471275,주거/공과금,2025-04-03
7420,,출금,474566,문화생활/여가,2025-02-27
7421,,출금,311328,식비,2025-05-18
7422,,출금,159516,식비,2025-05-01
7423,,입금,1134657,부수입,2025-02-27
7424,,입금,875074,부수입,2025-03-04
7425,,출금,481796,의료/건강,2025-05-23
7426,,출금,477697,의료/건강,2025-01-30
7427,,입금,1057209,부수입,2025-03-14
7428,,입금,191899,월급,2025-03-31
7429,,출금,123302,식비,2025-02-02
7430,,출금,134322,주거/공과금,2025-02-02
7431,,출금,300682,식비,2025-01-12
7432,,출금,397768,교통비,2025-07-07
7433,,입금,2453314,부수입,2025-03-05
7434,,출금,126386,기타,2025-07-03
7435,,출금,258434,패션/미용,2025-01-11
7436,,출금,312089,기타,2025-01-13
7437,,출금,173605,패션/미용,2025-02-24
7438,,출금,393514,주거/공과금,2025-03-08
7439,,출금,421813,생필품,2025-07-04
7440,,출금,36882,기타,2025-07-26
7441,,출금,23476,문화생활/여가,2025-07-13
7442,,출금,246977,교통비,2025-04-17
7443,,입금,2244367,월급,2025-06-16
7444,,출금,477022,식비,2025-06-05
7445,,입금,423487,기타,2025-05-20
7446,,출금,12922,기타,2025-06-29
7447,,출금,179822,주거/공과금,2025-07-03
7448,,출금,169909,주거/공과금,2025-07-18
7449,,출금,179319,주거/공과금,2025-02-02
7450,,입금,1577276,기타,2025-03-07
7451,,입금,2461756,월급,2025-06-26
7452,,출금,125225,기타,2025-03-09
7453,,출금,432607,교통비,2025-03-04
7454,,출금,58134,교통비,2025-02-23
7455,,출금,80516,패션/미용,2025-03-01
7456,,출금,240001,의료/건강,2025-03-26
7457,,출금,312458,기타,2025-02-08
7458,,입금,1752233,기타,2025-07-03
7459,,출금,239199,식비,2025-01-19
7460,,입금,1029232,월급,2025-07-24
7461,,입금,77027,월급,2025-01-29
7462,,입금,1876755,부수입,2025-01-20
7463,,입금,1820855,기타,2025-06-15
7464,,출금,156892,기타,2025-03-21
7465,,출금,413107,생필품,2025-03-04
7466,,출금,157738,문화생활/여가,2025-02-23
7467,,출금,454649,교통비,2025-04-23
7468,,출금,24332,의료/건강,2025-04-13
7469,,입금,2135628,월급,2025-05-31
7470,,출금,183337,생필품,2025-06-12
7471,,출금,36815,주거/공과금,2025-03-26
7472,,출금,69193,문화생활/여가,2025-05-07
7473,,출금,356392,식비,2025-07-24
7474,,출금,225945,기타,2025-02-10
7475,,출금,178159,패션/미용,2025-04-13
7476,,출금,148412,문화생활/여가,2025-02-17
7477,,입금,196919,월급,2025-05-16
7478,,출금,151571,문화생활/여가,2025-05-06
7479,,출금,180362,기타,2025-07-18
7480,,출금,426639,의료/건강,2025-04-24
7481,,출금,337223,문화생활/여가,2025-07-02
7482,,출금,346636,교통비,2025-01-18
7483,,입금,1608769,기타,2025-05-26
7484,,출금,177312,의료/건강,2025-03-30
7485,,출금,359915,패션/미용,2025-03-30
7486,,출금,495480,교통비,2025-06-06
7487,,출금,313852,의료/건강,2025-06-24
7488,,출금,29497,문화생활/여가,2025-07-06
7489,,입금,838977,월급,2025-05-27
7490,,출금,161042,의료/건강,2025-05-22
7491,,출금,340427,패션/미용,2025-04-23
7492,,출금,496411,기타,2025-05-06
7493,,출금,474366,패션/미용,2025-02-01
7494,,출금,160787,생필품,2025-06-01
7495,,출금,33134,교통비,2025-02-06
7496,,출금,447676,주거/공과금,2025-04-25
7497,,출금,125096,의료/건강,2025-06-03
7498,,출금,364025,교통비,2025-02-06
7499,,출금,457138,기타,2025-03-06
7500,,출금,447798,생필품,2025-04-09
7501,,출금,188005,식비,2025-04-10
7502,,입금,2487335,월급,2025-03-11
7503,,출금,371313,교통비,2025-02-16
7504,,입금,2247761,부수입,2025-07-14
7505,,입금,1509995,부수입,2025-03-31
7506,,출금,147589,의료/건강,2025-02-24
7507,,출금,282876,의료/건강,2025-01-26
7508,,출금,389679,패션/미용,2025-03-11
7509,,출금,7025,패션/미용,2025-06-09
7510,,출금,222715,생필품,2025-02-07
7511,,입금,2232779,월급,2025-05-12
7512,,출금,90147,의료/건강,2025-07-20
7513,,출금,258175,교통비,2025-07-29
7514,,입금,1926289,기타,2025-04-24
7515,,출금,465525,교통비,2025-03-29
7516,,입금,2086862,기타,2025-02-03
7517,,입금,1155502,부수입,2025-05-24
7518,,출금,380383,주거/공과금,2025-04-29
7519,,출금,321334,생필품,2025-03-24
7520,,출금,100672,교통비,2025-05-31
7521,,출금,422724,교통비,2025-06-19
7522,,출금,306950,주거/공과금,2025-03-21
7523,,출금,38944,기타,2025-01-29
7524,,입금,429936,부수입,2025-01-07
7525,,출금,286556,식비,2025-03-23
7526,,출금,54666,식비,2025-07-30
7527,,출금,224823,문화생활/여가,2025-02-13
7528,,출금,329213,기타,2025-01-13
7529,,출금,494241,식비,2025-02-17
7530,,출금,131695,기타,2025-07-12
7531,,출금,209972,기타,2025-04-20
7532,,입금,1707375,부수입,2025-01-05
7533,,입금,1783552,기타,2025-07-07
7534,,출금,92490,교통비,2025-04-23
7535,,출금,239278,패션/미용,2025-04-20
7536,,출금,183698,교통비,2025-01-13
7537,,입금,1133095,기타,2025-02-04
7538,,출금,32190,식비,2025-03-05
7539,,출금,45915,문화생활/여가,2025-01-25
7540,,출금,485627,주거/공과금,2025-02-04
7541,,출금,117652,기타,2025-07-29
7542,,출금,497692,식비,2025-07-27
7543,,출금,219086,식비,2025-07-27
7544,,입금,144372,부수입,2025-07-02
7545,,출금,463058,식비,2025-07-08
7546,,출금,970,교통비,2025-07-15
7547,,출금,426627,식비,2025-03-23
7548,,출금,228641,주거/공과금,2025-04-16
7549,,출금,209628,문화생활/여가,2025-04-25
7550,,입금,1022979,기타,2025-03-14
7551,,입금,927492,기타,2025-06-13
7552,,출금,259200,생필품,2025-02-01
7553,,출금,33049,교통비,2025-05-15
7554,,출금,295510,의료/건강,2025-05-01
7555,,출금,173227,교통비,2025-05-11
7556,,출금,30989,의료/건강,2025-02-24
7557,,출금,59739,교통비,2025-07-28
7558,,출금,71875,주거/공과금,2025-04-28
7559,,출금,365805,주거/공과금,2025-05-07
7560,,출금,457103,생필품,2025-04-29
7561,,입금,1000580,부수입,2025-04-14
7562,,출금,472497,식비,2025-06-05
7563,,출금,134518,교통비,2025-02-02
7564,,출금,335117,교통비,2025-07-23
7565,,출금,491497,식비,2025-04-15
7566,,입금,865087,부수입,2025-03-22
7567,,입금,342145,기타,2025-04-09
7568,,출금,102774,식비,2025-05-02
7569,,출금,21639,주거/공과금,2025-07-22
7570,,입금,1563994,부수입,2025-03-17
7571,,출금,384997,식비,2025-05-06
7572,,입금,697745,기타,2025-06-08
7573,,출금,228717,패션/미용,2025-04-23
7574,,입금,1585505,기타,2025-04-04
7575,,출금,194821,식비,2025-02-21
7576,,입금,1048146,부수입,2025-07-17
7577,,출금,8728,식비,2025-04-30
7578,,출금,183969,생필품,2025-02-02
7579,,입금,773512,월급,2025-03-30
7580,,출금,380073,패션/미용,2025-04-24
7581,,출금,155145,문화생활/여가,2025-04-30
7582,,출금,92390,교통비,2025-07-29
7583,,출금,36327,의료/건강,2025-01-15
7584,,출금,431279,기타,2025-03-12
7585,,입금,1588636,월급,2025-02-12
7586,,출금,74557,교통비,2025-01-12
7587,,입금,2070376,부수입,2025-07-20
7588,,출금,303427,기타,2025-05-19
7589,,출금,317048,식비,2025-04-17
7590,,입금,2286873,기타,2025-06-24
7591,,출금,398900,생필품,2025-07-10
7592,,출금,436111,주거/공과금,2025-01-12
7593,,출금,407820,문화생활/여가,2025-03-23
7594,,입금,2386258,월급,2025-01-26
7595,,출금,438856,교통비,2025-06-14
7596,,입금,1535495,월급,2025-03-26
7597,,출금,153908,생필품,2025-01-03
7598,,출금,413890,패션/미용,2025-06-13
7599,,출금,389505,기타,2025-01-01
7600,,출금,179167,주거/공과금,2025-07-02
7601,,입금,1721991,부수입,2025-07-22
7602,,입금,2350485,월급,2025-04-17
7603,,출금,189352,생필품,2025-04-18
7604,,입금,2090665,기타,2025-01-15
7605,,출금,149858,기타,2025-01-05
7606,,출금,418275,주거/공과금,2025-01-25
7607,,출금,213422,기타,2025-04-19
7608,,입금,382527,부수입,2025-04-16
7609,,입금,980369,월급,2025-02-28
7610,,출금,3838,식비,2025-03-16
7611,,출금,475569,교통비,2025-05-31
7612,,출금,318352,패션/미용,2025-06-01
7613,,출금,463250,생필품,2025-03-19
7614,,출금,189336,의료/건강,2025-06-09
7615,,출금,426495,패션/미용,2025-05-05
7616,,입금,264773,부수입,2025-01-15
7617,,출금,189732,의료/건강,2025-06-21
7618,,출금,479538,문화생활/여가,2025-07-09
7619,,출금,178752,식비,2025-02-24
7620,,출금,425849,패션/미용,2025-01-14
7621,,출금,283981,기타,2025-06-04
7622,,출금,179796,문화생활/여가,2025-07-20
7623,,출금,460546,패션/미용,2025-06-13
7624,,출금,167674,식비,2025-03-26
7625,,출금,196632,교통비,2025-02-15
7626,,입금,541975,월급,2025-03-11
7627,,입금,2005880,월급,2025-04-11
7628,,입금,2377698,월급,2025-07-03
7629,,출금,19191,패션/미용,2025-07-14
7630,,출금,399676,문화생활/여가,2025-03-02
7631,,입금,1494759,부수입,2025-06-01
7632,,입금,819114,부수입,2025-04-12
7633,,출금,344515,교통비,2025-04-17
7634,,출금,388125,교통비,2025-01-06
7635,,출금,130555,패션/미용,2025-07-26
7636,,출금,336188,식비,2025-06-28
7637,,출금,361906,문화생활/여가,2025-01-22
7638,,출금,256985,식비,2025-05-24
7639,,출금,41510,생필품,2025-05-26
7640,,출금,400670,생필품,2025-01-20
7641,,입금,1482770,부수입,2025-07-08
7642,,출금,454647,패션/미용,2025-06-20
7643,,출금,428517,교통비,2025-05-15
7644,,입금,922951,부수입,2025-01-16
7645,,출금,214217,기타,2025-04-09
7646,,출금,403268,기타,2025-04-29
7647,,출금,393354,문화생활/여가,2025-01-02
7648,,입금,1952971,부수입,2025-03-21
7649,,출금,225755,문화생활/여가,2025-04-07
7650,,출금,420906,문화생활/여가,2025-05-07
7651,,출금,295463,주거/공과금,2025-05-31
7652,,출금,253395,패션/미용,2025-05-24
7653,,출금,346033,의료/건강,2025-05-01
7654,,출금,151380,기타,2025-06-03
7655,,출금,166487,문화생활/여가,2025-06-07
7656,,출금,237575,주거/공과금,2025-02-03
7657,,출금,476010,의료/건강,2025-03-01
7658,,출금,400801,의료/건강,2025-04-04
7659,,입금,500190,기타,2025-03-09
7660,,출금,384426,의료/건강,2025-05-18
7661,,입금,1422902,기타,2025-05-16
7662,,출금,169912,교통비,2025-01-13
7663,,출금,39181,패션/미용,2025-05-16
7664,,입금,1233401,월급,2025-04-05
7665,,입금,2476724,부수입,2025-06-14
7666,,출금,279937,기타,2025-01-25
7667,,출금,358511,패션/미용,2025-06-14
7668,,입금,1364151,기타,2025-07-12
7669,,출금,247765,의료/건강,2025-06-10
7670,,출금,487295,식비,2025-06-26
7671,,출금,342933,주거/공과금,2025-03-29
7672,,입금,2463238,월급,2025-06-02
7673,,출금,222682,식비,2025-06-14
7674,,출금,212879,주거/공과금,2025-01-14
7675,,출금,183710,문화생활/여가,2025-05-27
7676,,출금,323090,교통비,2025-04-28
7677,,입금,1904308,월급,2025-07-26
7678,,입금,1208549,월급,2025-07-21
7679,,입금,2010576,부수입,2025-03-11
7680,,출금,287979,의료/건강,2025-02-21
7681,,입금,1768645,부수입,2025-03-08
7682,,출금,54712,기타,2025-01-28
7683,,입금,1714074,월급,2025-03-28
7684,,출금,176394,문화생활/여가,2025-05-06
7685,,출금,391272,기타,2025-05-26
7686,,입금,1234276,기타,2025-07-18
7687,,출금,79402,패션/미용,2025-07-28
7688,,출금,450722,패션/미용,2025-06-06
7689,,입금,460964,월급,2025-05-04
7690,,출금,2929,식비,2025-06-12
7691,,출금,173947,교통비,2025-06-25
7692,,출금,283129,패션/미용,2025-02-09
7693,,입금,1536262,월급,2025-04-20
7694,,출금,209799,문화생활/여가,2025-01-04
7695,,입금,2283753,기타,2025-05-28
7696,,출금,110709,식비,2025-02-07
7697,,출금,160674,기타,2025-02-02
7698,,입금,352979,부수입,2025-01-31
7699,,출금,152030,생필품,2025-02-14
7700,,입금,469875,기타,2025-04-13
7701,,출금,258381,주거/공과금,2025-04-12
7702,,출금,64414,식비,2025-05-23
7703,,출금,153700,교통비,2025-01-04
7704,,출금,51814,생필품,2025-03-19
7705,,출금,230613,패션/미용,2025-06-11
7706,,출금,75504,생필품,2025-05-03
7707,,출금,47519,패션/미용,2025-05-27
7708,,입금,1336479,월급,2025-06-17
7709,,입금,2065908,부수입,2025-03-15
7710,,출금,381634,기타,2025-07-05
7711,,입금,288227,기타,2025-04-05
7712,,출금,60381,교통비,2025-02-06
7713,,출금,366725,주거/공과금,2025-07-07
7714,,출금,225878,기타,2025-03-09
7715,,출금,214741,주거/공과금,2025-04-01
7716,,입금,2099099,월급,2025-04-05
7717,,출금,368952,생필품,2025-02-19
7718,,출금,482427,의료/건강,2025-03-12
7719,,입금,1520936,부수입,2025-05-01
7720,,출금,323049,교통비,2025-01-12
7721,,출금,450028,교통비,2025-06-29
7722,,출금,325343,문화생활/여가,2025-05-04
7723,,입금,1346448,부수입,2025-01-15
7724,,출금,54540,의료/건강,2025-06-22
7725,,출금,321376,주거/공과금,2025-05-23
7726,,입금,154418,기타,2025-07-25
7727,,출금,111899,기타,2025-02-25
7728,,출금,12264,기타,2025-06-30
7729,,출금,100207,교통비,2025-01-08
7730,,출금,113991,문화생활/여가,2025-01-11
7731,,입금,2198410,기타,2025-07-20
7732,,출금,65513,주거/공과금,2025-01-26
7733,,출금,381013,기타,2025-04-09
7734,,입금,359928,월급,2025-04-21
7735,,입금,366359,기타,2025-03-29
7736,,출금,490492,교통비,2025-06-28
7737,,출금,90134,교통비,2025-02-17
7738,,입금,1332384,기타,2025-01-17
7739,,출금,286833,주거/공과금,2025-06-08
7740,,입금,138946,기타,2025-07-06
7741,,출금,56815,생필품,2025-02-04
7742,,출금,495063,기타,2025-01-13
7743,,출금,29867,문화생활/여가,2025-06-27
7744,,출금,396124,주거/공과금,2025-04-14
7745,,출금,4983,패션/미용,2025-06-30
7746,,입금,1751638,월급,2025-02-25
7747,,출금,25341,의료/건강,2025-01-08
7748,,출금,271932,생필품,2025-01-15
7749,,출금,279460,기타,2025-07-13
7750,,출금,214061,생필품,2025-01-14
7751,,출금,228678,생필품,2025-01-21
7752,,출금,247560,생필품,2025-05-06
7753,,입금,1532702,부수입,2025-06-26
7754,,출금,432900,패션/미용,2025-02-19
7755,,입금,149104,부수입,2025-04-23
7756,,출금,297880,주거/공과금,2025-04-21
7757,,출금,375731,의료/건강,2025-01-12
7758,,출금,491494,문화생활/여가,2025-07-08
7759,,출금,263184,패션/미용,2025-01-20
7760,,입금,1384417,기타,2025-04-29
7761,,출금,124491,생필품,2025-01-23
7762,,출금,258564,교통비,2025-04-08
7763,,출금,476106,생필품,2025-07-01
7764,,입금,1131993,월급,2025-04-11
7765,,출금,152262,패션/미용,2025-04-22
7766,,출금,379933,기타,2025-06-12
7767,,입금,1903296,부수입,2025-06-29
7768,,입금,1992683,기타,2025-05-06
7769,,출금,107431,주거/공과금,2025-05-15
7770,,출금,419485,식비,2025-06-27
7771,,입금,300234,기타,2025-07-21
7772,,출금,237982,식비,2025-01-30
7773,,입금,153562,부수입,2025-05-16
7774,,출금,84412,기타,2025-02-27
7775,,입금,2180062,기타,2025-02-11
7776,,출금,267766,교통비,2025-06-13
7777,,출금,108401,문화생활/여가,2025-06-12
7778,,출금,113320,식비,2025-04-04
7779,,입금,1754845,기타,2025-04-28
7780,,출금,220406,문화생활/여가,2025-07-11
7781,,입금,1922537,월급,2025-07-16
7782,,입금,378307,월급,2025-04-25
7783,,출금,493212,교통비,2025-05-20
7784,,출금,311610,교통비,2025-06-16
7785,,입금,1313484,월급,2025-05-12
7786,,입금,1321781,부수입,2025-05-08
7787,,입금,97457,월급,2025-03-17
7788,,출금,264773,패션/미용,2025-03-30
7789,,출금,478229,문화생활/여가,2025-04-04
7790,,입금,468284,월급,2025-07-15
7791,,입금,2137385,월급,2025-05-15
7792,,출금,196792,식비,2025-07-30
7793,,입금,1790422,기타,2025-04-22
7794,,출금,126879,생필품,2025-07-14
7795,,출금,100927,의료/건강,2025-01-20
7796,,입금,1648081,부수입,2025-04-17
7797,,입금,2373344,월급,2025-02-24
7798,,출금,178345,생필품,2025-02-17
7799,,입금,842743,부수입,2025-06-28
7800,,입금,1378545,부수입,2025-03-15
7801,,출금,40311,식비,2025-06-18
7802,,출금,204795,식비,2025-03-30
7803,,출금,251325,의료/건강,2025-02-10
7804,,입금,91276,월급,2025-06-07
7805,,출금,101729,의료/건강,2025-03-07
7806,,출금,246130,기타,2025-06-18
7807,,출금,216493,문화생활/여가,2025-02-23
7808,,입금,879968,부수입,2025-01-05
7809,,출금,243797,교통비,2025-02-12
7810,,출금,44320,교통비,2025-06-09
7811,,출금,425135,기타,2025-01-27
7812,,입금,397661,기타,2025-06-07
7813,,출금,403803,생필품,2025-01-16
7814,,출금,210264,의료/건강,2025-01-24
7815,,출금,111102,의료/건강,2025-03-25
7816,,출금,189775,교통비,2025-01-01
7817,,출금,19739,문화생활/여가,2025-03-22
7818,,입금,1259327,기타,2025-01-31
7819,,출금,366091,생필품,2025-07-19
7820,,입금,437667,부수입,2025-03-28
7821,,출금,109923,기타,2025-02-02
7822,,입금,660708,기타,2025-06-02
7823,,출금,13283,식비,2025-03-15
7824,,출금,398841,교통비,2025-06-10
7825,,입금,180453,기타,2025-01-25
7826,,출금,138058,생필품,2025-02-25
7827,,출금,144890,교통비,2025-01-15
7828,,출금,40616,패션/미용,2025-02-19
7829,,출금,122599,교통비,2025-05-07
7830,,출금,337907,기타,2025-05-02
7831,,출금,428786,기타,2025-04-28
7832,,출금,466506,교통비,2025-01-25
7833,,입금,2432806,기타,2025-07-08
7834,,입금,2178301,부수입,2025-03-26
7835,,입금,1772628,월급,2025-07-16
7836,,입금,168600,월급,2025-02-28
7837,,입금,245626,부수입,2025-01-20
7838,,입금,421396,월급,2025-03-23
7839,,출금,310335,패션/미용,2025-06-14
7840,,출금,446900,의료/건강,2025-07-11
7841,,출금,248230,교통비,2025-02-18
7842,,출금,120446,문화생활/여가,2025-01-12
7843,,입금,2478656,부수입,2025-05-23
7844,,입금,1780662,월급,2025-05-10
7845,,입금,1950659,부수입,2025-05-18
7846,,입금,841401,월급,2025-07-25
7847,,출금,65872,문화생활/여가,2025-03-22
7848,,출금,298714,생필품,2025-04-17
7849,,출금,107047,기타,2025-03-18
7850,,출금,248335,의료/건강,2025-02-07
7851,,출금,405790,기타,2025-07-06
7852,,출금,113598,식비,2025-03-06
7853,,출금,262322,기타,2025-06-15
7854,,출금,453458,기타,2025-07-26
7855,,입금,89523,월급,2025-03-27
7856,,출금,362341,주거/공과금,2025-06-11
7857,,출금,105506,생필품,2025-04-22
7858,,출금,245084,생필품,2025-03-13
7859,,출금,35844,패션/미용,2025-07-30
7860,,입금,1253099,월급,2025-07-04
7861,,입금,2251649,월급,2025-02-05
7862,,출금,110871,기타,2025-01-24
7863,,출금,384547,생필품,2025-02-07
7864,,출금,202796,패션/미용,2025-06-14
7865,,출금,12574,식비,2025-06-06
7866,,출금,159422,의료/건강,2025-02-12
7867,,출금,468972,식비,2025-01-11
7868,,출금,488507,생필품,2025-05-11
7869,,출금,159011,기타,2025-03-25
7870,,입금,2259421,월급,2025-06-01
7871,,출금,425710,패션/미용,2025-06-05
7872,,출금,110982,생필품,2025-07-15
7873,,입금,2421072,기타,2025-07-27
7874,,출금,40291,의료/건강,2025-02-28
7875,,출금,346799,주거/공과금,2025-07-22
7876,,출금,374545,기타,2025-03-19
7877,,입금,2072120,월급,2025-04-16
7878,,출금,7154,의료/건강,2025-02-19
7879,,출금,227459,패션/미용,2025-01-29
7880,,출금,168269,식비,2025-03-05
7881,,출금,275549,주거/공과금,2025-03-18
7882,,입금,106149,부수입,2025-04-25
7883,,출금,127338,기타,2025-04-29
7884,,출금,487710,주거/공과금,2025-06-08
7885,,출금,313685,패션/미용,2025-04-26
7886,,출금,13088,주거/공과금,2025-07-14
7887,,입금,1655733,부수입,2025-02-05
7888,,입금,1133504,월급,2025-03-06
7889,,출금,405796,기타,2025-07-28
7890,,출금,401249,주거/공과금,2025-04-20
7891,,출금,352552,기타,2025-02-19
7892,,출금,172273,기타,2025-01-11
7893,,출금,370155,식비,2025-01-17
7894,,입금,1517529,기타,2025-01-18
7895,,입금,1676118,월급,2025-06-08
7896,,입금,1033811,부수입,2025-01-27
7897,,출금,192892,기타,2025-01-13
7898,,출금,227475,교통비,2025-05-30
7899,,입금,663756,부수입,2025-05-03
7900,,출금,181370,주거/공과금,2025-05-10
7901,,출금,105028,생필품,2025-05-13
7902,,출금,425953,주거/공과금,2025-03-28
7903,,출금,282691,의료/건강,2025-07-15
7904,,출금,190693,의료/건강,2025-03-11
7905,,출금,187890,의료/건강,2025-03-20
7906,,입금,62212,기타,2025-07-22
7907,,입금,871247,부수입,2025-03-14
7908,,출금,84311,문화생활/여가,2025-01-26
7909,,출금,498158,패션/미용,2025-01-25
7910,,입금,239566,부수입,2025-04-21
7911,,출금,423162,교통비,2025-01-14
7912,,출금,178382,주거/공과금,2025-03-11
7913,,출금,54396,의료/건강,2025-04-04
7914,,출금,364678,생필품,2025-02-08
7915,,출금,387846,생필품,2025-02-18
7916,,입금,2039409,월급,2025-03-21
7917,,출금,272932,기타,2025-05-31
7918,,출금,222828,문화생활/여가,2025-05-12
7919,,출금,496228,식비,2025-07-29
7920,,출금,228993,문화생활/여가,2025-07-15
7921,,출금,461548,식비,2025-05-25
7922,,출금,336460,패션/미용,2025-05-24
7923,,출금,211109,문화생활/여가,2025-05-19
7924,,출금,227185,생필품,2025-03-27
7925,,출금,174475,의료/건강,2025-07-25
7926,,출금,125187,의료/건강,2025-05-31
7927,,입금,1838258,월급,2025-02-20
7928,,출금,301940,식비,2025-04-11
7929,,입금,1963116,부수입,2025-03-02
7930,,출금,467564,생필품,2025-03-06
7931,,출금,474004,주거/공과금,2025-05-01
7932,,출금,169103,식비,2025-06-02
7933,,출금,422862,주거/공과금,2025-03-09
7934,,입금,1659979,부수입,2025-03-15
7935,,출금,61189,교통비,2025-07-21
7936,,출금,22066,기타,2025-07-30
7937,,입금,1463464,월급,2025-03-26
7938,,입금,653342,기타,2025-03-02
7939,,출금,449280,주거/공과금,2025-03-10
7940,,입금,2071990,월급,2025-05-21
7941,,출금,356535,문화생활/여가,2025-07-13
7942,,출금,489113,문화생활/여가,2025-06-25
7943,,출금,354468,패션/미용,2025-01-30
7944,,출금,308822,문화생활/여가,2025-04-24
7945,,출금,409482,주거/공과금,2025-04-12
7946,,출금,245023,교통비,2025-02-05
7947,,출금,320767,주거/공과금,2025-03-26
7948,,출금,436215,주거/공과금,2025-01-06
7949,,출금,440811,주거/공과금,2025-07-03
7950,,출금,246981,교통비,2025-05-08
7951,,입금,142421,월급,2025-05-26
7952,,출금,202025,교통비,2025-01-10
7953,,출금,233982,주거/공과금,2025-06-26
7954,,입금,2100019,월급,2025-05-22
7955,,출금,409856,생필품,2025-06-26
7956,,출금,174663,문화생활/여가,2025-06-25
7957,,입금,609388,부수입,2025-06-09
7958,,출금,374596,의료/건강,2025-06-08
7959,,출금,473601,문화생활/여가,2025-05-03
7960,,출금,382040,주거/공과금,2025-06-13
7961,,출금,460137,식비,2025-02-18
7962,,입금,589134,기타,2025-05-16
7963,,출금,95545,문화생활/여가,2025-07-17
7964,,출금,141294,주거/공과금,2025-05-24
7965,,출금,83302,패션/미용,2025-04-29
7966,,입금,1157155,기타,2025-01-14
7967,,출금,105243,기타,2025-04-20
7968,,입금,2235922,기타,2025-06-09
7969,,출금,241726,교통비,2025-04-23
7970,,출금,102402,주거/공과금,2025-04-24
7971,,출금,388872,의료/건강,2025-03-29
7972,,출금,440800,교통비,2025-04-30
7973,,출금,28875,기타,2025-05-20
7974,,출금,328084,의료/건강,2025-02-25
7975,,출금,497982,주거/공과금,2025-02-19
7976,,출금,276629,패션/미용,2025-05-22
7977,,출금,416191,패션/미용,2025-07-24
7978,,출금,228579,의료/건강,2025-07-28
7979,,입금,271346,월급,2025-04-07
7980,,입금,1320552,월급,2025-07-07
7981,,입금,1617109,부수입,2025-05-01
7982,,출금,443991,의료/건강,2025-03-22
7983,,출금,160169,기타,2025-01-01
7984,,출금,463604,패션/미용,2025-02-18
7985,,출금,487862,의료/건강,2025-02-07
7986,,출금,93340,의료/건강,2025-06-23
7987,,출금,124675,의료/건강,2025-03-11
7988,,입금,2443727,월급,2025-05-29
7989,,출금,174811,패션/미용,2025-01-18
7990,,입금,2194208,부수입,2025-07-29
7991,,출금,295150,생필품,2025-04-22
7992,,입금,238641,월급,2025-02-23
7993,,출금,299682,교통비,2025-01-30
7994,,출금,44253,생필품,2025-03-01
7995,,입금,1057526,월급,2025-03-22
7996,,출금,168071,의료/건강,2025-04-04
7997,,입금,1371395,부수입,2025-05-05
7998,,출금,340666,주거/공과금,2025-02-19
7999,,출금,19935,의료/건강,2025-06-27
8000,,출금,29310,주거/공과금,2025-06-17
8001,,입금,124902,월급,2025-04-22
8002,,입금,1037260,기타,2025-07-22
8003,,입금,581570,월급,2025-06-08
8004,,입금,1677222,기타,2025-07-07
8005,,출금,377686,기타,2025-06-10
8006,,출금,92207,문화생활/여가,2025-03-08
8007,,출금,444693,패션/미용,2025-02-20
8008,,출금,362659,의료/건강,2025-03-17
8009,,출금,416346,식비,2025-03-10
8010,,출금,226621,패션/미용,2025-07-25
8011,,출금,339868,생필품,2025-06-20
8012,,입금,180659,부수입,2025-05-03
8013,,출금,468522,식비,2025-06-07
8014,,입금,1666718,기타,2025-07-02
8015,,입금,1600929,부수입,2025-06-18
8016,,출금,274974,기타,2025-01-14
8017,,입금,638411,부수입,2025-01-16
8018,,입금,1959868,기타,2025-04-13
8019,,입금,2023396,기타,2025-07-26
8020,,출금,395275,식비,2025-04-29
8021,,출금,332134,기타,2025-03-17
8022,,출금,286920,식비,2025-05-27
8023,,출금,132723,패션/미용,2025-03-09
8024,,출금,255939,생필품,2025-05-20
8025,,출금,307007,생필품,2025-01-25
8026,,출금,477630,의료/건강,2025-03-29
8027,,출금,412035,문화생활/여가,2025-04-15
8028,,입금,1125296,월급,2025-03-28
8029,,출금,467483,패션/미용,2025-04-15
8030,,출금,2294,문화생활/여가,2025-07-23
8031,,출금,49711,식비,2025-05-29
8032,,출금,250473,식비,2025-02-08
8033,,출금,444067,패션/미용,2025-07-17
8034,,출금,400559,기타,2025-07-15
8035,,입금,1819143,기타,2025-02-12
8036,,출금,146528,문화생활/여가,2025-02-19
8037,,출금,49204,패션/미용,2025-02-13
8038,,입금,1162254,월급,2025-03-23
8039,,출금,117059,기타,2025-01-09
8040,,출금,358817,패션/미용,2025-06-03
8041,,입금,1409673,월급,2025-05-14
8042,,출금,425467,기타,2025-05-02
8043,,출금,232210,기타,2025-05-26
8044,,출금,47583,식비,2025-03-03
8045,,출금,24964,생필품,2025-02-04
8046,,출금,251276,의료/건강,2025-02-19
8047,,입금,1575631,월급,2025-04-14
8048,,출금,482950,교통비,2025-05-26
8049,,출금,188776,주거/공과금,2025-01-12
8050,,입금,1262554,월급,2025-06-20
8051,,출금,375761,의료/건강,2025-07-13
8052,,출금,79477,식비,2025-06-10
8053,,입금,1189531,월급,2025-07-16
8054,,출금,295817,생필품,2025-06-23
8055,,입금,386910,월급,2025-03-11
8056,,출금,278801,생필품,2025-03-08
8057,,출금,416670,주거/공과금,2025-01-22
8058,,출금,173506,주거/공과금,2025-01-21
8059,,출금,476817,주거/공과금,2025-07-20
8060,,입금,74795,기타,2025-03-15
8061,,출금,315963,주거/공과금,2025-06-18
8062,,출금,266027,기타,2025-03-12
8063,,입금,1939394,월급,2025-02-09
8064,,출금,184472,식비,2025-02-16
8065,,출금,29693,패션/미용,2025-07-12
8066,,출금,162012,의료/건강,2025-07-05
8067,,출금,316343,문화생활/여가,2025-05-07
8068,,출금,266181,생필품,2025-05-06
8069,,출금,443960,식비,2025-05-21
8070,,출금,130085,의료/건강,2025-05-02
8071,,입금,87831,기타,2025-05-31
8072,,출금,158714,교통비,2025-04-12
8073,,출금,344362,문화생활/여가,2025-02-05
8074,,입금,1245119,월급,2025-05-27
8075,,출금,362607,교통비,2025-03-03
8076,,출금,9228,교통비,2025-07-14
8077,,입금,963716,부수입,2025-07-28
8078,,출금,137102,의료/건강,2025-01-13
8079,,출금,131570,기타,2025-03-11
8080,,출금,412139,교통비,2025-01-07
8081,,입금,1386936,부수입,2025-03-01
8082,,입금,1670818,월급,2025-05-08
8083,,출금,408347,주거/공과금,2025-02-03
8084,,출금,164317,교통비,2025-02-27
8085,,입금,2312586,부수입,2025-04-11
8086,,출금,406216,문화생활/여가,2025-02-24
8087,,입금,2260539,부수입,2025-03-10
8088,,출금,171481,주거/공과금,2025-03-07
8089,,출금,389419,식비,2025-04-24
8090,,출금,482537,문화생활/여가,2025-01-12
8091,,출금,428242,의료/건강,2025-07-12
8092,,출금,207619,생필품,2025-01-23
8093,,출금,356296,기타,2025-01-04
8094,,출금,293393,주거/공과금,2025-02-03
8095,,출금,226285,패션/미용,2025-03-16
8096,,출금,372135,문화생활/여가,2025-01-31
8097,,출금,305228,교통비,2025-07-16
8098,,출금,478810,의료/건강,2025-01-28
8099,,출금,73613,주거/공과금,2025-01-19
8100,,출금,137879,주거/공과금,2025-01-08
8101,,입금,1050484,부수입,2025-02-17
8102,,출금,37638,의료/건강,2025-07-19
8103,,입금,831259,부수입,2025-01-27
8104,,출금,448200,문화생활/여가,2025-05-28
8105,,출금,414916,문화생활/여가,2025-01-16
8106,,출금,126718,생필품,2025-06-06
8107,,출금,226339,패션/미용,2025-02-03
8108,,입금,832300,기타,2025-04-17
8109,,출금,355545,기타,2025-06-01
8110,,출금,177792,기타,2025-06-06
8111,,출금,417143,패션/미용,2025-06-20
8112,,출금,292723,패션/미용,2025-01-02
8113,,출금,478646,의료/건강,2025-05-15
8114,,출금,364502,문화생활/여가,2025-05-22
8115,,출금,202771,기타,2025-07-23
8116,,출금,462448,교통비,2025-07-24
8117,,출금,384275,생필품,2025-07-01
8118,,입금,720185,월급,2025-05-07
8119,,출금,484353,의료/건강,2025-07-18
8120,,출금,425730,식비,2025-07-21
8121,,입금,1869448,월급,2025-06-18
8122,,출금,422538,의료/건강,2025-01-21
8123,,입금,520310,기타,2025-05-04
8124,,출금,179523,기타,2025-03-12
8125,,출금,258498,식비,2025-04-06
8126,,입금,1768772,부수입,2025-06-22
8127,,출금,219713,식비,2025-02-04
8128,,입금,2118159,기타,2025-01-30
8129,,입금,841180,기타,2025-05-26
8130,,출금,211813,의료/건강,2025-02-02
8131,,입금,1707632,기타,2025-03-04
8132,,입금,705003,월급,2025-06-23
8133,,출금,51338,패션/미용,2025-06-15
8134,,출금,394128,패션/미용,2025-03-07
8135,,출금,45818,교통비,2025-07-16
8136,,입금,502428,기타,2025-02-26
8137,,입금,1548091,부수입,2025-02-16
8138,,입금,2056394,기타,2025-03-20
8139,,출금,476288,패션/미용,2025-01-03
8140,,출금,291984,문화생활/여가,2025-01-08
8141,,출금,339298,문화생활/여가,2025-07-24
8142,,출금,276395,패션/미용,2025-01-14
8143,,출금,62620,교통비,2025-07-30
8144,,출금,202495,의료/건강,2025-06-28
8145,,출금,150734,생필품,2025-05-24
8146,,입금,1770930,기타,2025-03-31
8147,,출금,303327,문화생활/여가,2025-06-26
8148,,입금,2390714,부수입,2025-04-15
8149,,입금,2139544,기타,2025-01-12
8150,,입금,538992,월급,2025-07-25
8151,,출금,420481,주거/공과금,2025-03-03
8152,,출금,302857,생필품,2025-07-20
8153,,출금,471122,기타,2025-07-30
8154,,출금,470801,의료/건강,2025-05-12
8155,,출금,28956,교통비,2025-04-26
8156,,출금,70735,패션/미용,2025-06-07
8157,,출금,353164,교통비,2025-03-26
8158,,입금,1633322,부수입,2025-04-30
8159,,출금,94300,의료/건강,2025-01-05
8160,,입금,2403275,부수입,2025-03-14
8161,,출금,92342,식비,2025-04-01
8162,,출금,217092,생필품,2025-05-12
8163,,출금,499835,패션/미용,2025-06-30
8164,,출금,264150,생필품,2025-03-06
8165,,출금,19250,문화생활/여가,2025-07-26
8166,,입금,1161335,월급,2025-07-30
8167,,출금,463977,기타,2025-04-16
8168,,출금,477547,생필품,2025-05-19
8169,,출금,477210,교통비,2025-03-23
8170,,출금,307961,의료/건강,2025-03-11
8171,,출금,492483,의료/건강,2025-01-04
8172,,출금,280463,교통비,2025-07-15
8173,,출금,308005,문화생활/여가,2025-04-28
8174,,출금,205668,의료/건강,2025-05-20
8175,,입금,777013,부수입,2025-06-07
8176,,출금,81607,주거/공과금,2025-04-07
8177,,출금,51006,의료/건강,2025-03-18
8178,,출금,58045,생필품,2025-07-02
8179,,입금,1593497,기타,2025-01-16
8180,,출금,300710,기타,2025-05-20
8181,,출금,9675,의료/건강,2025-01-05
8182,,출금,44837,기타,2025-01-28
8183,,입금,164705,월급,2025-01-29
8184,,출금,493426,식비,2025-05-23
8185,,출금,238691,패션/미용,2025-01-23
8186,,출금,150068,문화생활/여가,2025-02-18
8187,,출금,185406,패션/미용,2025-04-30
8188,,출금,187967,식비,2025-06-06
8189,,출금,476134,문화생활/여가,2025-02-20
8190,,입금,339004,부수입,2025-05-19
8191,,출금,371813,주거/공과금,2025-01-02
8192,,입금,93000,부수입,2025-02-14
8193,,출금,268270,주거/공과금,2025-03-10
8194,,출금,329422,교통비,2025-04-01
8195,,출금,185296,교통비,2025-04-10
8196,,출금,182196,기타,2025-01-19
8197,,출금,135679,식비,2025-05-18
8198,,출금,359291,패션/미용,2025-01-30
8199,,출금,6736,주거/공과금,2025-07-04
8200,,출금,16654,주거/공과금,2025-02-02
8201,,출금,5827,주거/공과금,2025-02-23
8202,,출금,159703,식비,2025-07-14
8203,,출금,211582,교통비,2025-07-09
8204,,출금,30171,교통비,2025-04-16
8205,,출금,96657,기타,2025-06-18
8206,,출금,83535,문화생활/여가,2025-03-25
8207,,입금,2200571,기타,2025-04-05
8208,,출금,394580,생필품,2025-05-29
8209,,출금,202393,식비,2025-02-20
8210,,입금,1116198,월급,2025-04-24
8211,,입금,1443008,부수입,2025-04-16
8212,,출금,155686,의료/건강,2025-06-20
8213,,출금,386189,식비,2025-02-11
8214,,출금,375865,식비,2025-01-22
8215,,출금,147221,식비,2025-05-05
8216,,출금,121753,의료/건강,2025-05-09
8217,,입금,2426405,월급,2025-04-01
8218,,출금,67197,기타,2025-04-18
8219,,출금,414627,식비,2025-04-12
8220,,출금,261915,패션/미용,2025-01-28
8221,,출금,440957,주거/공과금,2025-02-07
8222,,출금,92940,패션/미용,2025-02-06
8223,,출금,434901,식비,2025-05-16
8224,,입금,1312866,월급,2025-02-11
8225,,입금,1786719,월급,2025-02-20
8226,,출금,367020,문화생활/여가,2025-07-09
8227,,출금,483577,식비,2025-02-02
8228,,출금,99367,기타,2025-01-20
8229,,입금,1016278,부수입,2025-04-20
8230,,출금,29025,주거/공과금,2025-04-15
8231,,출금,474477,패션/미용,2025-06-25
8232,,출금,494596,식비,2025-04-05
8233,,출금,112707,생필품,2025-05-03
8234,,출금,232144,주거/공과금,2025-06-03
8235,,출금,442336,주거/공과금,2025-03-09
8236,,출금,271759,주거/공과금,2025-05-02
8237,,출금,411209,기타,2025-01-18
8238,,출금,223726,생필품,2025-05-11
8239,,출금,283897,문화생활/여가,2025-03-17
8240,,출금,444696,주거/공과금,2025-03-25
8241,,출금,282040,패션/미용,2025-01-30
8242,,출금,187546,의료/건강,2025-07-13
8243,,출금,208536,문화생활/여가,2025-04-20
8244,,출금,98957,생필품,2025-05-16
8245,,출금,190714,기타,2025-01-16
8246,,출금,346681,기타,2025-05-28
8247,,출금,53863,문화생활/여가,2025-04-24
8248,,입금,447238,월급,2025-06-01
8249,,입금,1785757,월급,2025-01-23
8250,,출금,14274,주거/공과금,2025-07-26
8251,,출금,35908,생필품,2025-06-07
8252,,입금,1440765,월급,2025-06-24
8253,,출금,407728,패션/미용,2025-04-04
8254,,출금,308677,교통비,2025-02-10
8255,,출금,309935,패션/미용,2025-06-20
8256,,출금,145923,기타,2025-05-29
8257,,출금,304544,문화생활/여가,2025-07-18
8258,,출금,485944,패션/미용,2025-02-08
8259,,입금,1040748,부수입,2025-06-06
8260,,입금,2328464,부수입,2025-05-19
8261,,입금,168583,부수입,2025-07-26
8262,,출금,258334,패션/미용,2025-05-01
8263,,출금,294793,교통비,2025-03-08
8264,,출금,66867,생필품,2025-01-13
8265,,입금,1621763,기타,2025-02-15
8266,,출금,34957,기타,2025-07-20
8267,,출금,282409,의료/건강,2025-02-12
8268,,입금,1441531,기타,2025-03-16
8269,,출금,314040,기타,2025-02-17
8270,,입금,1866636,기타,2025-04-29
8271,,출금,174686,교통비,2025-07-12
8272,,출금,303559,생필품,2025-06-27
8273,,입금,1802868,부수입,2025-01-11
8274,,출금,367952,패션/미용,2025-03-30
8275,,출금,166397,교통비,2025-03-17
8276,,출금,396095,생필품,2025-05-22
8277,,출금,282251,생필품,2025-02-13
8278,,입금,422254,월급,2025-04-08
8279,,출금,61802,주거/공과금,2025-01-05
8280,,출금,75173,기타,2025-04-16
8281,,입금,1160904,부수입,2025-07-22
8282,,출금,52456,생필품,2025-05-12
8283,,입금,688221,기타,2025-04-02
8284,,출금,310652,주거/공과금,2025-05-25
8285,,입금,369912,월급,2025-03-04
8286,,입금,2040990,월급,2025-04-06
8287,,출금,422462,패션/미용,2025-01-24
8288,,출금,47559,주거/공과금,2025-06-15
8289,,출금,331865,생필품,2025-05-09
8290,,입금,744255,월급,2025-04-17
8291,,출금,315985,주거/공과금,2025-01-09
8292,,입금,54673,월급,2025-04-14
8293,,출금,30036,식비,2025-02-09
8294,,출금,51217,교통비,2025-06-29
8295,,출금,105009,생필품,2025-04-19
8296,,출금,176381,의료/건강,2025-01-23
8297,,출금,114152,패션/미용,2025-07-06
8298,,출금,227117,기타,2025-04-18
8299,,출금,137161,패션/미용,2025-06-19
8300,,출금,226356,생필품,2025-05-16
8301,,입금,2474949,월급,2025-01-31
8302,,입금,1961729,기타,2025-05-31
8303,,출금,480879,의료/건강,2025-07-11
8304,,입금,216713,기타,2025-05-24
8305,,출금,327142,주거/공과금,2025-02-08
8306,,출금,104484,의료/건강,2025-04-02
8307,,출금,89405,기타,2025-01-12
8308,,출금,406941,기타,2025-04-05
8309,,입금,1391209,부수입,2025-07-06
8310,,출금,65614,교통비,2025-01-25
8311,,출금,269061,기타,2025-01-21
8312,,출금,302770,식비,2025-04-06
8313,,출금,314567,기타,2025-04-18
8314,,입금,870910,월급,2025-04-19
8315,,출금,259773,의료/건강,2025-01-21
8316,,입금,1609570,기타,2025-07-04
8317,,입금,168749,부수입,2025-07-17
8318,,입금,2335768,기타,2025-06-14
8319,,출금,205415,문화생활/여가,2025-07-04
8320,,입금,2372013,기타,2025-06-19
8321,,출금,297146,기타,2025-05-09
8322,,출금,62024,주거/공과금,2025-01-29
8323,,출금,220178,식비,2025-04-29
8324,,출금,347513,식비,2025-06-12
8325,,출금,433432,패션/미용,2025-07-13
8326,,출금,114055,생필품,2025-07-11
8327,,출금,77911,생필품,2025-01-14
8328,,출금,41940,교통비,2025-03-14
8329,,출금,197514,주거/공과금,2025-03-19
8330,,입금,1260707,월급,2025-06-19
8331,,출금,19184,교통비,2025-01-23
8332,,입금,739198,기타,2025-01-20
8333,,입금,1628475,기타,2025-06-20
8334,,입금,471419,월급,2025-06-30
8335,,입금,2036625,월급,2025-05-27
8336,,출금,323633,주거/공과금,2025-06-22
8337,,출금,102714,생필품,2025-07-15
8338,,출금,409551,기타,2025-05-17
8339,,출금,160025,교통비,2025-05-24
8340,,출금,197824,패션/미용,2025-05-13
8341,,출금,423071,생필품,2025-03-16
8342,,출금,357600,패션/미용,2025-07-16
8343,,출금,451699,의료/건강,2025-06-27
8344,,출금,394371,기타,2025-06-26
8345,,출금,166508,교통비,2025-03-09
8346,,출금,444119,문화생활/여가,2025-05-05
8347,,출금,388211,주거/공과금,2025-05-26
8348,,입금,1652788,부수입,2025-03-07
8349,,출금,270365,패션/미용,2025-05-26
8350,,출금,324569,생필품,2025-06-13
8351,,입금,785331,부수입,2025-04-28
8352,,출금,214352,주거/공과금,2025-06-12
8353,,출금,208058,문화생활/여가,2025-05-01
8354,,출금,402977,생필품,2025-05-11
8355,,입금,438163,월급,2025-03-16
8356,,출금,478936,주거/공과금,2025-07-30
8357,,출금,255423,문화생활/여가,2025-05-29
8358,,출금,270442,패션/미용,2025-07-09
8359,,출금,415034,의료/건강,2025-02-24
8360,,출금,465420,생필품,2025-05-30
8361,,출금,404154,식비,2025-04-28
8362,,입금,1160798,월급,2025-01-29
8363,,출금,100541,식비,2025-05-18
8364,,출금,210185,식비,2025-04-17
8365,,출금,301274,기타,2025-03-23
8366,,입금,2482936,기타,2025-04-05
8367,,출금,494666,식비,2025-02-05
8368,,출금,484325,식비,2025-05-13
8369,,출금,211252,주거/공과금,2025-02-06
8370,,입금,744002,기타,2025-05-10
8371,,입금,1958819,기타,2025-03-26
8372,,입금,176964,부수입,2025-06-25
8373,,출금,322267,교통비,2025-05-31
8374,,출금,77698,패션/미용,2025-01-14
8375,,입금,1089437,기타,2025-05-18
8376,,입금,296580,기타,2025-01-16
8377,,출금,85036,주거/공과금,2025-06-19
8378,,입금,416182,기타,2025-07-17
8379,,출금,363535,교통비,2025-05-31
8380,,출금,281945,식비,2025-02-13
8381,,입금,2421871,부수입,2025-02-15
8382,,출금,287415,주거/공과금,2025-04-09
8383,,출금,311995,교통비,2025-04-29
8384,,출금,87855,생필품,2025-03-09
8385,,입금,1243612,부수입,2025-07-10
8386,,출금,277915,생필품,2025-04-13
8387,,출금,322378,주거/공과금,2025-04-11
8388,,출금,472418,기타,2025-07-07
8389,,입금,2456545,월급,2025-02-19
8390,,입금,1014228,기타,2025-07-08
8391,,출금,37106,문화생활/여가,2025-04-26
8392,,입금,351620,기타,2025-02-03
8393,,출금,254860,식비,2025-07-02
8394,,출금,285223,의료/건강,2025-01-21
8395,,출금,465305,교통비,2025-04-24
8396,,출금,301275,의료/건강,2025-04-15
8397,,출금,134774,교통비,2025-04-25
8398,,입금,513611,월급,2025-05-27
8399,,출금,393621,기타,2025-06-30
8400,,출금,304941,교통비,2025-06-29
8401,,출금,219308,문화생활/여가,2025-06-07
8402,,입금,955966,기타,2025-04-05
8403,,출금,107370,생필품,2025-05-17
8404,,출금,398884,식비,2025-05-10
8405,,출금,418967,문화생활/여가,2025-04-03
8406,,입금,463843,부수입,2025-02-03
8407,,출금,278504,의료/건강,2025-01-25
8408,,입금,2119987,월급,2025-07-19
8409,,입금,387948,부수입,2025-04-08
8410,,입금,2136052,월급,2025-07-01
8411,,출금,51733,문화생활/여가,2025-06-22
8412,,출금,314522,의료/건강,2025-06-05
8413,,출금,335834,생필품,2025-04-07
8414,,출금,359675,패션/미용,2025-03-08
8415,,입금,2307449,부수입,2025-04-18
8416,,입금,1566529,부수입,2025-03-23
8417,,출금,143836,기타,2025-06-03
8418,,입금,1481250,월급,2025-03-01
8419,,출금,310811,문화생활/여가,2025-02-05
8420,,입금,1351835,기타,2025-04-14
8421,,입금,1891576,부수입,2025-02-02
8422,,출금,20204,식비,2025-01-18
8423,,출금,39414,패션/미용,2025-07-17
8424,,입금,1561810,월급,2025-03-08
8425,,입금,626502,부수입,2025-02-09
8426,,출금,479587,생필품,2025-07-06
8427,,출금,37964,교통비,2025-04-30
8428,,입금,1423624,기타,2025-06-05
8429,,출금,110511,주거/공과금,2025-04-05
8430,,입금,805674,월급,2025-05-28
8431,,출금,72710,교통비,2025-06-19
8432,,출금,162657,문화생활/여가,2025-02-20
8433,,출금,115711,주거/공과금,2025-03-12
8434,,입금,2130146,부수입,2025-06-12
8435,,출금,260970,생필품,2025-06-11
8436,,입금,287641,월급,2025-07-19
8437,,출금,390972,문화생활/여가,2025-05-15
8438,,출금,47866,기타,2025-02-25
8439,,출금,14457,문화생활/여가,2025-04-04
8440,,출금,350378,생필품,2025-02-02
8441,,입금,1001378,부수입,2025-02-03
8442,,입금,1633950,부수입,2025-05-26
8443,,출금,243796,생필품,2025-05-04
8444,,출금,367686,생필품,2025-04-18
8445,,입금,70819,부수입,2025-04-16
8446,,입금,1344301,월급,2025-04-28
8447,,입금,2288025,기타,2025-01-01
8448,,출금,369820,의료/건강,2025-07-04
8449,,출금,143815,식비,2025-06-15
8450,,출금,480244,생필품,2025-04-18
8451,,입금,867489,부수입,2025-05-27
8452,,출금,477442,생필품,2025-07-16
8453,,출금,25108,기타,2025-03-20
8454,,입금,696065,월급,2025-03-22
8455,,입금,1039178,월급,2025-02-02
8456,,출금,206605,패션/미용,2025-07-05
8457,,입금,402199,기타,2025-06-30
8458,,출금,239373,의료/건강,2025-05-25
8459,,출금,218113,의료/건강,2025-03-12
8460,,출금,270640,패션/미용,2025-05-09
8461,,출금,229400,교통비,2025-02-03
8462,,출금,32403,의료/건강,2025-02-14
8463,,입금,758247,기타,2025-01-30
8464,,출금,371179,식비,2025-04-16
8465,,출금,380164,교통비,2025-04-03
8466,,입금,1042363,부수입,2025-05-23
8467,,출금,52581,기타,2025-05-02
8468,,입금,2233565,월급,2025-06-08
8469,,입금,2157046,부수입,2025-06-14
8470,,입금,1601791,기타,2025-04-20
8471,,출금,477637,교통비,2025-04-11
8472,,입금,171749,기타,2025-04-30
8473,,출금,58708,문화생활/여가,2025-06-06
8474,,입금,1147578,월급,2025-02-12
8475,,출금,383016,교통비,2025-01-18
8476,,출금,207874,식비,2025-02-01
8477,,입금,1417157,부수입,2025-04-24
8478,,출금,28090,패션/미용,2025-07-27
8479,,출금,256972,교통비,2025-04-03
8480,,출금,85169,문화생활/여가,2025-04-03
8481,,출금,211859,주거/공과금,2025-01-20
8482,,출금,480943,주거/공과금,2025-01-16
8483,,입금,2090262,기타,2025-03-02
8484,,출금,38095,의료/건강,2025-06-10
8485,,입금,368454,부수입,2025-02-22
8486,,입금,1190404,부수입,2025-02-02
8487,,출금,40614,기타,2025-05-03
8488,,출금,382634,주거/공과금,2025-01-15
8489,,입금,1448833,월급,2025-06-01
8490,,출금,179372,의료/건강,2025-01-20
8491,,출금,123528,패션/미용,2025-04-25
8492,,출금,458217,패션/미용,2025-01-28
8493,,출금,98501,문화생활/여가,2025-03-05
8494,,출금,107968,의료/건강,2025-07-04
8495,,출금,264832,패션/미용,2025-02-27
8496,,입금,998339,기타,2025-04-11
8497,,입금,2499552,부수입,2025-02-07
8498,,출금,324914,문화생활/여가,2025-03-05
8499,,입금,347548,기타,2025-07-08
8500,,출금,291147,기타,2025-02-15
8501,,출금,54426,교통비,2025-03-02
8502,,출금,327360,기타,2025-05-12
8503,,출금,460564,생필품,2025-02-11
8504,,출금,254467,기타,2025-07-01
8505,,출금,188402,문화생활/여가,2025-04-23
8506,,출금,71289,문화생활/여가,2025-01-06
8507,,입금,1827613,부수입,2025-06-13
8508,,출금,482163,기타,2025-05-22
8509,,출금,229199,식비,2025-02-04
8510,,입금,630236,부수입,2025-02-01
8511,,출금,453559,기타,2025-02-13
8512,,출금,434096,식비,2025-07-14
8513,,출금,358236,식비,2025-04-10
8514,,입금,1066457,월급,2025-02-19
8515,,입금,317518,월급,2025-01-18
8516,,출금,443211,패션/미용,2025-01-31
8517,,출금,59588,식비,2025-06-01
8518,,입금,2049044,부수입,2025-07-16
8519,,입금,1681879,월급,2025-01-12
8520,,출금,393246,생필품,2025-04-07
8521,,출금,346281,식비,2025-07-15
8522,,출금,19868,생필품,2025-07-09
8523,,입금,752860,부수입,2025-03-19
8524,,출금,410227,식비,2025-04-04
8525,,출금,347933,생필품,2025-06-01
8526,,출금,122630,교통비,2025-04-04
8527,,출금,28939,기타,2025-06-16
8528,,출금,249313,의료/건강,2025-02-23
8529,,출금,61702,문화생활/여가,2025-02-11
8530,,입금,1652080,부수입,2025-03-10
8531,,출금,330100,기타,2025-05-19
8532,,입금,1716836,부수입,2025-01-13
8533,,출금,112294,주거/공과금,2025-07-25
8534,,출금,212998,식비,2025-07-04
8535,,출금,297131,생필품,2025-01-12
8536,,입금,1865156,월급,2025-01-08
8537,,출금,438537,문화생활/여가,2025-03-15
8538,,입금,513325,부수입,2025-01-30
8539,,출금,17127,패션/미용,2025-03-14
8540,,출금,145253,생필품,2025-07-06
8541,,입금,512005,기타,2025-07-12
8542,,출금,88740,식비,2025-04-10
8543,,출금,122828,패션/미용,2025-03-16
8544,,출금,397800,의료/건강,2025-07-17
8545,,입금,1701645,월급,2025-05-10
8546,,출금,183895,식비,2025-02-08
8547,,출금,108636,주거/공과금,2025-01-16
8548,,출금,377403,주거/공과금,2025-07-23
8549,,출금,395988,문화생활/여가,2025-02-06
8550,,출금,313688,문화생활/여가,2025-03-10
8551,,출금,139527,주거/공과금,2025-04-17
8552,,입금,2145995,기타,2025-01-20
8553,,출금,256571,문화생활/여가,2025-07-04
8554,,출금,485282,문화생활/여가,2025-03-29
8555,,입금,386669,기타,2025-05-19
8556,,출금,381079,문화생활/여가,2025-01-30
8557,,출금,184407,기타,2025-03-15
8558,,입금,2047952,월급,2025-02-09
8559,,출금,49897,식비,2025-05-14
8560,,출금,498115,문화생활/여가,2025-06-10
8561,,출금,255383,패션/미용,2025-03-07
8562,,출금,162806,문화생활/여가,2025-06-05
8563,,입금,2400995,월급,2025-03-24
8564,,출금,44486,교통비,2025-04-11
8565,,출금,112260,패션/미용,2025-05-30
8566,,출금,292274,식비,2025-07-16
8567,,입금,1770044,기타,2025-01-17
8568,,입금,2081739,기타,2025-02-02
8569,,출금,404927,교통비,2025-01-30
8570,,입금,1534850,기타,2025-03-05
8571,,출금,137671,교통비,2025-01-13
8572,,출금,204880,문화생활/여가,2025-04-16
8573,,입금,730047,월급,2025-03-28
8574,,입금,168554,월급,2025-03-23
8575,,출금,374906,의료/건강,2025-03-01
8576,,출금,357057,식비,2025-02-15
8577,,입금,1885572,부수입,2025-05-02
8578,,출금,383940,주거/공과금,2025-01-10
8579,,입금,1040608,월급,2025-04-02
8580,,출금,37815,생필품,2025-03-03
8581,,출금,353998,주거/공과금,2025-06-19
8582,,입금,726188,부수입,2025-05-11
8583,,출금,368372,생필품,2025-01-18
8584,,입금,2385753,부수입,2025-07-21
8585,,출금,41814,교통비,2025-01-25
8586,,출금,180867,식비,2025-07-23
8587,,출금,486856,패션/미용,2025-07-28
8588,,출금,30902,패션/미용,2025-04-10
8589,,출금,360015,의료/건강,2025-02-16
8590,,출금,385132,의료/건강,2025-03-20
8591,,출금,457214,기타,2025-07-16
8592,,출금,408258,문화생활/여가,2025-03-17
8593,,출금,256093,주거/공과금,2025-03-05
8594,,출금,381420,주거/공과금,2025-07-07
8595,,입금,575960,기타,2025-01-14
8596,,입금,1822316,부수입,2025-06-21
8597,,출금,446779,문화생활/여가,2025-04-20
8598,,입금,1152407,부수입,2025-05-31
8599,,출금,61166,패션/미용,2025-03-24
8600,,출금,356726,패션/미용,2025-07-03
8601,,출금,430696,문화생활/여가,2025-01-31
8602,,출금,26689,교통비,2025-01-01
8603,,출금,219544,식비,2025-04-01
8604,,입금,1730098,월급,2025-04-07
8605,,출금,347073,패션/미용,2025-02-13
8606,,출금,113264,패션/미용,2025-03-23
8607,,출금,81537,생필품,2025-06-27
8608,,출금,215953,주거/공과금,2025-06-24
8609,,출금,12389,기타,2025-02-16
8610,,출금,417107,문화생활/여가,2025-07-27
8611,,입금,1404778,부수입,2025-05-18
8612,,출금,242138,의료/건강,2025-05-07
8613,,출금,61641,주거/공과금,2025-05-28
8614,,출금,192593,문화생활/여가,2025-02-07
8615,,입금,662003,월급,2025-05-28
8616,,출금,67411,의료/건강,2025-05-26
8617,,출금,16827,문화생활/여가,2025-04-23
8618,,입금,102436,월급,2025-01-22
8619,,입금,1142291,부수입,2025-02-10
8620,,출금,489045,주거/공과금,2025-05-25
8621,,출금,267447,교통비,2025-06-02
8622,,출금,314445,패션/미용,2025-04-03
8623,,출금,251857,패션/미용,2025-06-15
8624,,출금,496366,패션/미용,2025-06-13
8625,,출금,296966,기타,2025-05-15
8626,,출금,258412,교통비,2025-03-09
8627,,출금,288078,식비,2025-01-18
8628,,입금,761399,월급,2025-03-10
8629,,입금,2130418,월급,2025-05-12
8630,,출금,194023,패션/미용,2025-02-12
8631,,출금,47321,생필품,2025-04-18
8632,,출금,38659,교통비,2025-04-17
8633,,출금,187130,패션/미용,2025-07-19
8634,,출금,222153,생필품,2025-03-19
8635,,입금,2483876,기타,2025-02-24
8636,,입금,1405430,월급,2025-05-26
8637,,출금,120150,패션/미용,2025-03-10
8638,,입금,1990720,부수입,2025-06-16
8639,,입금,877471,부수입,2025-02-22
8640,,출금,53025,의료/건강,2025-02-11
8641,,출금,194811,패션/미용,2025-01-19
8642,,출금,276306,문화생활/여가,2025-01-22
8643,,출금,344860,교통비,2025-02-21
8644,,출금,308751,생필품,2025-05-29
8645,,출금,75793,의료/건강,2025-07-19
8646,,입금,1137033,기타,2025-04-16
8647,,출금,103039,기타,2025-03-04
8648,,입금,2061195,월급,2025-03-27
8649,,출금,151042,기타,2025-04-01
8650,,출금,324288,교통비,2025-02-01
8651,,출금,159089,의료/건강,2025-02-01
8652,,출금,161192,기타,2025-04-12
8653,,출금,278804,식비,2025-03-13
8654,,출금,433297,주거/공과금,2025-02-01
8655,,출금,110916,생필품,2025-06-07
8656,,출금,224993,패션/미용,2025-05-26
8657,,출금,372028,식비,2025-06-17
8658,,출금,401700,교통비,2025-01-09
8659,,입금,73505,월급,2025-02-25
8660,,출금,364393,식비,2025-03-29
8661,,출금,145921,교통비,2025-07-05
8662,,출금,403029,기타,2025-03-12
8663,,출금,221857,문화생활/여가,2025-06-05
8664,,출금,269734,의료/건강,2025-07-17
8665,,출금,439473,의료/건강,2025-06-05
8666,,출금,140810,기타,2025-04-17
8667,,출금,123255,문화생활/여가,2025-01-20
8668,,입금,118916,월급,2025-01-04
8669,,출금,423821,기타,2025-01-14
8670,,입금,1225473,월급,2025-06-22
8671,,입금,1826293,기타,2025-06-13
8672,,출금,346776,생필품,2025-05-21
8673,,출금,335657,식비,2025-03-19
8674,,입금,211024,월급,2025-04-12
8675,,출금,483438,교통비,2025-02-21
8676,,출금,132205,교통비,2025-02-09
8677,,출금,94204,생필품,2025-03-07
8678,,출금,471564,기타,2025-07-02
8679,,출금,427373,주거/공과금,2025-03-14
8680,,출금,451178,주거/공과금,2025-01-23
8681,,입금,244876,부수입,2025-06-20
8682,,입금,826086,월급,2025-04-13
8683,,입금,1345599,기타,2025-05-08
8684,,출금,412167,패션/미용,2025-04-08
8685,,출금,341716,주거/공과금,2025-04-16
8686,,입금,2170057,월급,2025-05-14
8687,,입금,600756,부수입,2025-06-05
8688,,입금,126765,월급,2025-06-16
8689,,출금,93453,의료/건강,2025-02-08
8690,,출금,287363,의료/건강,2025-02-15
8691,,출금,44967,문화생활/여가,2025-03-08
8692,,입금,925205,기타,2025-05-10
8693,,출금,313271,기타,2025-01-13
8694,,출금,114158,식비,2025-05-27
8695,,출금,181462,의료/건강,2025-01-23
8696,,출금,279866,문화생활/여가,2025-04-21
8697,,출금,199060,문화생활/여가,2025-04-27
8698,,출금,198015,문화생활/여가,2025-05-27
8699,,입금,693992,기타,2025-02-28
8700,,출금,336721,주거/공과금,2025-01-12
8701,,입금,2313605,기타,2025-02-23
8702,,출금,459247,패션/미용,2025-07-03
8703,,출금,260241,패션/미용,2025-05-12
8704,,출금,94872,문화생활/여가,2025-05-24
8705,,입금,1718890,기타,2025-07-15
8706,,출금,130889,의료/건강,2025-07-30
8707,,출금,155049,의료/건강,2025-05-07
8708,,출금,51367,기타,2025-05-29
8709,,출금,318756,문화생활/여가,2025-01-26
8710,,출금,399233,생필품,2025-02-20
8711,,출금,457808,생필품,2025-07-07
8712,,입금,1023232,기타,2025-07-21
8713,,출금,467293,패션/미용,2025-02-23
8714,,출금,438846,패션/미용,2025-04-05
8715,,출금,397586,교통비,2025-01-30
8716,,출금,288653,생필품,2025-05-28
8717,,출금,362639,기타,2025-04-15
8718,,출금,381702,패션/미용,2025-01-23
8719,,출금,381986,기타,2025-03-28
8720,,입금,2150470,월급,2025-06-19
8721,,출금,492553,문화생활/여가,2025-04-13
8722,,출금,55450,문화생활/여가,2025-04-29
8723,,출금,162339,기타,2025-01-28
8724,,출금,184552,주거/공과금,2025-04-20
8725,,출금,12592,의료/건강,2025-01-27
8726,,출금,496412,의료/건강,2025-02-23
8727,,출금,167867,문화생활/여가,2025-07-20
8728,,출금,454425,생필품,2025-06-03
8729,,출금,43501,식비,2025-03-19
8730,,출금,154392,문화생활/여가,2025-03-21
8731,,출금,456126,의료/건강,2025-01-20
8732,,출금,365115,교통비,2025-03-10
8733,,입금,2271360,월급,2025-03-25
8734,,출금,284317,생필품,2025-04-01
8735,,입금,1119931,월급,2025-02-03
8736,,출금,429851,주거/공과금,2025-03-22
8737,,출금,17375,생필품,2025-06-24
8738,,출금,55137,생필품,2025-03-10
8739,,입금,1743827,기타,2025-03-04
8740,,출금,197762,의료/건강,2025-07-08
8741,,출금,459073,기타,2025-07-25
8742,,출금,465573,생필품,2025-06-25
8743,,출금,464062,의료/건강,2025-02-07
8744,,출금,329343,생필품,2025-03-18
8745,,출금,383573,기타,2025-06-20
8746,,입금,2006487,기타,2025-07-01
8747,,입금,1432348,부수입,2025-01-04
8748,,출금,412052,기타,2025-01-31
8749,,출금,374586,문화생활/여가,2025-06-22
8750,,출금,99302,주거/공과금,2025-01-08
8751,,입금,363754,기타,2025-04-28
8752,,입금,630774,월급,2025-02-23
8753,,입금,2421055,월급,2025-05-13
8754,,출금,393613,교통비,2025-04-16
8755,,출금,122849,교통비,2025-03-14
8756,,출금,291053,기타,2025-03-27
8757,,출금,387788,주거/공과금,2025-03-23
8758,,출금,442952,패션/미용,2025-04-01
8759,,출금,403217,교통비,2025-01-10
8760,,입금,1300662,월급,2025-01-24
8761,,입금,1252465,부수입,2025-03-13
8762,,출금,125257,생필품,2025-02-02
8763,,입금,2105123,월급,2025-05-08
8764,,입금,2472769,월급,2025-06-07
8765,,입금,1573149,부수입,2025-05-25
8766,,출금,399918,의료/건강,2025-04-04
8767,,출금,260721,주거/공과금,2025-01-08
8768,,출금,127616,기타,2025-05-31
8769,,출금,42382,생필품,2025-06-27
8770,,출금,243934,패션/미용,2025-05-15
8771,,출금,77476,기타,2025-01-21
8772,,입금,1218919,부수입,2025-02-15
8773,,출금,27915,주거/공과금,2025-07-20
8774,,입금,1638118,월급,2025-04-08
8775,,출금,244091,패션/미용,2025-01-28
8776,,입금,1168979,부수입,2025-03-15
8777,,출금,402834,의료/건강,2025-01-06
8778,,출금,226644,의료/건강,2025-02-23
8779,,입금,170980,기타,2025-01-12
8780,,입금,1103394,기타,2025-01-23
8781,,출금,183184,문화생활/여가,2025-01-21
8782,,출금,79404,식비,2025-05-09
8783,,출금,316507,기타,2025-04-21
8784,,출금,421406,생필품,2025-01-13
8785,,출금,400748,식비,2025-04-02
8786,,출금,154927,패션/미용,2025-07-01
8787,,입금,833736,월급,2025-01-30
8788,,입금,1973864,부수입,2025-06-26
8789,,출금,75702,주거/공과금,2025-05-12
8790,,출금,454323,주거/공과금,2025-03-03
8791,,출금,108824,식비,2025-05-01
8792,,출금,49178,주거/공과금,2025-07-24
8793,,입금,1217712,기타,2025-05-21
8794,,출금,458089,문화생활/여가,2025-06-21
8795,,출금,195784,식비,2025-03-22
8796,,출금,196635,의료/건강,2025-01-12
8797,,입금,1946165,부수입,2025-07-26
8798,,출금,435498,의료/건강,2025-03-14
8799,,출금,461891,패션/미용,2025-06-25
8800,,입금,771036,부수입,2025-05-06
8801,,입금,904277,월급,2025-06-12
8802,,출금,456128,문화생활/여가,2025-06-18
8803,,입금,51457,월급,2025-05-13
8804,,출금,476317,문화생활/여가,2025-06-06
8805,,입금,1557796,부수입,2025-04-14
8806,,출금,310819,의료/건강,2025-07-10
8807,,출금,203486,문화생활/여가,2025-03-13
8808,,출금,51771,기타,2025-01-23
8809,,입금,1195977,부수입,2025-02-01
8810,,출금,490024,식비,2025-04-24
8811,,출금,236341,주거/공과금,2025-07-22
8812,,입금,1530655,기타,2025-05-18
8813,,출금,327761,주거/공과금,2025-05-04
8814,,출금,44446,주거/공과금,2025-05-16
8815,,입금,756988,기타,2025-03-21
8816,,출금,106351,문화생활/여가,2025-07-20
8817,,출금,477243,교통비,2025-05-15
8818,,출금,156998,의료/건강,2025-06-20
8819,,출금,333089,생필품,2025-07-23
8820,,입금,71445,월급,2025-02-16
8821,,출금,400649,식비,2025-02-28
8822,,입금,1188846,기타,2025-04-21
8823,,입금,1364354,기타,2025-04-12
8824,,출금,62884,문화생활/여가,2025-02-22
8825,,출금,95494,기타,2025-04-14
8826,,출금,134727,생필품,2025-01-21
8827,,출금,65364,의료/건강,2025-07-18
8828,,출금,428334,의료/건강,2025-02-14
8829,,출금,238156,기타,2025-01-01
8830,,입금,174170,기타,2025-06-20
8831,,출금,204916,생필품,2025-07-28
8832,,출금,421671,패션/미용,2025-01-22
8833,,출금,80647,생필품,2025-03-03
8834,,입금,2118843,기타,2025-04-29
8835,,출금,290164,문화생활/여가,2025-07-09
8836,,입금,2064084,기타,2025-05-17
8837,,출금,394350,생필품,2025-01-22
8838,,출금,292947,의료/건강,2025-07-28
8839,,입금,1157544,부수입,2025-01-21
8840,,출금,417836,문화생활/여가,2025-03-30
8841,,출금,136640,식비,2025-01-18
8842,,출금,154424,문화생활/여가,2025-02-09
8843,,출금,266824,교통비,2025-05-11
8844,,입금,2408464,부수입,2025-05-14
8845,,출금,306845,기타,2025-02-28
8846,,입금,1836737,기타,2025-07-18
8847,,출금,10252,식비,2025-05-28
8848,,출금,288812,문화생활/여가,2025-05-24
8849,,출금,252606,주거/공과금,2025-03-27
8850,,출금,246518,주거/공과금,2025-04-21
8851,,출금,488439,패션/미용,2025-04-13
8852,,출금,10902,교통비,2025-06-22
8853,,출금,32493,생필품,2025-05-18
8854,,출금,61750,패션/미용,2025-07-18
8855,,출금,291100,식비,2025-07-08
8856,,입금,1577893,기타,2025-04-08
8857,,출금,473446,의료/건강,2025-01-08
8858,,출금,104550,기타,2025-06-30
8859,,출금,64403,의료/건강,2025-02-15
8860,,입금,1959426,기타,2025-04-06
8861,,출금,270263,생필품,2025-07-29
8862,,입금,2334389,기타,2025-02-20
8863,,출금,54727,식비,2025-02-13
8864,,출금,282255,식비,2025-02-03
8865,,출금,133783,교통비,2025-03-31
8866,,입금,1621777,월급,2025-05-04
8867,,입금,1012324,기타,2025-01-04
8868,,출금,386348,문화생활/여가,2025-03-14
8869,,출금,398574,문화생활/여가,2025-03-16
8870,,출금,11743,주거/공과금,2025-05-17
8871,,출금,422781,식비,2025-07-26
8872,,출금,468978,문화생활/여가,2025-04-18
8873,,출금,448245,식비,2025-04-24
8874,,출금,377527,기타,2025-06-12
8875,,출금,290132,문화생활/여가,2025-05-23
8876,,입금,2449614,기타,2025-02-28
8877,,출금,474031,생필품,2025-01-26
8878,,출금,224006,기타,2025-01-22
8879,,출금,205497,의료/건강,2025-05-14
8880,,출금,314543,의료/건강,2025-01-04
8881,,출금,170681,주거/공과금,2025-06-19
8882,,입금,2443974,부수입,2025-04-16
8883,,출금,295401,생필품,2025-03-10
8884,,출금,26436,식비,2025-03-09
8885,,출금,359722,생필품,2025-02-09
8886,,출금,61287,생필품,2025-03-27
8887,,출금,85150,기타,2025-01-22
8888,,출금,470858,주거/공과금,2025-05-16
8889,,입금,1583026,부수입,2025-01-24
8890,,출금,163698,패션/미용,2025-02-28
8891,,입금,2157496,부수입,2025-05-20
8892,,출금,42089,식비,2025-07-01
8893,,출금,353617,식비,2025-01-16
8894,,출금,314182,식비,2025-04-18
8895,,출금,227514,기타,2025-03-17
8896,,출금,7545,생필품,2025-06-10
8897,,출금,43797,의료/건강,2025-07-26
8898,,입금,1151857,부수입,2025-02-18
8899,,출금,186282,주거/공과금,2025-02-04
8900,,출금,7021,기타,2025-01-31
8901,,출금,406645,문화생활/여가,2025-05-28
8902,,출금,398251,교통비,2025-04-09
8903,,출금,420878,주거/공과금,2025-05-09
8904,,출금,1311,교통비,2025-01-28
8905,,출금,163720,패션/미용,2025-01-05
8906,,출금,66592,생필품,2025-03-27
8907,,입금,1563135,기타,2025-05-27
8908,,입금,716955,부수입,2025-02-18
8909,,출금,426178,식비,2025-04-21
8910,,입금,2467388,월급,2025-01-13
8911,,출금,30588,주거/공과금,2025-05-10
8912,,입금,1635835,월급,2025-03-06
8913,,출금,161161,기타,2025-05-06
8914,,출금,460467,기타,2025-06-17
8915,,입금,1835446,기타,2025-04-07
8916,,입금,1889194,부수입,2025-02-17
8917,,입금,2460958,기타,2025-07-02
8918,,출금,300015,기타,2025-04-16
8919,,출금,412800,주거/공과금,2025-07-19
8920,,출금,282491,생필품,2025-07-06
8921,,출금,80057,식비,2025-05-21
8922,,출금,391192,교통비,2025-02-09
8923,,출금,469648,생필품,2025-05-30
8924,,입금,149450,기타,2025-05-18
8925,,입금,1374762,기타,2025-06-07
8926,,출금,44515,주거/공과금,2025-05-19
8927,,출금,185153,의료/건강,2025-07-13
8928,,출금,169011,교통비,2025-02-12
8929,,출금,47245,기타,2025-07-22
8930,,출금,15482,패션/미용,2025-03-18
8931,,입금,2072450,월급,2025-06-16
8932,,출금,330982,의료/건강,2025-07-15
8933,,출금,363663,식비,2025-02-02
8934,,출금,131444,의료/건강,2025-05-28
8935,,출금,256602,기타,2025-06-26
8936,,출금,334296,기타,2025-01-18
8937,,출금,222392,의료/건강,2025-04-13
8938,,입금,2305113,기타,2025-07-14
8939,,출금,410000,문화생활/여가,2025-07-15
8940,,출금,109942,생필품,2025-03-03
8941,,입금,872444,월급,2025-06-29
8942,,출금,8031,교통비,2025-07-24
8943,,출금,75331,식비,2025-04-05
8944,,출금,7083,교통비,2025-01-15
8945,,출금,275746,주거/공과금,2025-07-21
8946,,입금,709824,월급,2025-07-01
8947,,출금,25054,식비,2025-04-27
8948,,입금,940642,부수입,2025-02-06
8949,,출금,325705,기타,2025-04-05
8950,,출금,66171,기타,2025-03-17
8951,,입금,585133,기타,2025-05-04
8952,,출금,18678,기타,2025-05-15
8953,,출금,416586,생필품,2025-03-07
8954,,입금,1397751,기타,2025-06-02
8955,,출금,71661,주거/공과금,2025-07-19
8956,,출금,100529,의료/건강,2025-04-27
8957,,출금,192559,기타,2025-04-21
8958,,출금,305165,주거/공과금,2025-01-16
8959,,입금,686835,기타,2025-01-13
8960,,출금,98401,주거/공과금,2025-05-14
8961,,입금,747240,월급,2025-03-23
8962,,출금,223730,문화생활/여가,2025-02-17
8963,,출금,333168,기타,2025-04-01
8964,,출금,364802,생필품,2025-05-26
8965,,출금,318698,의료/건강,2025-04-08
8966,,출금,387218,생필품,2025-06-10
8967,,출금,345599,문화생활/여가,2025-05-07
8968,,출금,291627,주거/공과금,2025-06-24
8969,,출금,119639,패션/미용,2025-07-04
8970,,출금,248399,식비,2025-02-19
8971,,입금,721053,부수입,2025-06-05
8972,,입금,1810769,월급,2025-02-05
8973,,출금,336567,주거/공과금,2025-04-11
8974,,입금,1526085,기타,2025-03-17
8975,,출금,59646,문화생활/여가,2025-02-21
8976,,출금,203234,패션/미용,2025-01-06
8977,,출금,272460,문화생활/여가,2025-07-16
8978,,출금,308847,생필품,2025-02-27
8979,,입금,316020,기타,2025-01-17
8980,,출금,317258,주거/공과금,2025-07-07
8981,,출금,76102,패션/미용,2025-07-09
8982,,출금,374565,문화생활/여가,2025-07-23
8983,,출금,276348,교통비,2025-06-29
8984,,출금,6208,생필품,2025-01-19
8985,,입금,904574,부수입,2025-02-19
8986,,출금,409074,생필품,2025-06-05
8987,,출금,54850,교통비,2025-04-10
8988,,출금,659,패션/미용,2025-07-23
8989,,출금,457133,패션/미용,2025-03-31
8990,,입금,2303831,부수입,2025-03-08
8991,,출금,357785,기타,2025-02-12
8992,,출금,238724,주거/공과금,2025-04-22
8993,,입금,1921150,부수입,2025-01-07
8994,,입금,1912500,월급,2025-02-27
8995,,출금,372310,식비,2025-04-11
8996,,출금,218108,기타,2025-05-30
8997,,출금,439161,식비,2025-06-05
8998,,출금,182792,생필품,2025-05-11
8999,,출금,37640,패션/미용,2025-04-15
9000,,출금,364910,문화생활/여가,2025-07-25
9001,,출금,223444,패션/미용,2025-04-10
9002,,입금,2376127,월급,2025-05-16
9003,,출금,451867,교통비,2025-03-12
9004,,출금,333699,식비,2025-06-26
9005,,입금,266823,부수입,2025-03-20
9006,,출금,363290,주거/공과금,2025-06-22
9007,,출금,243061,생필품,2025-05-10
9008,,출금,476561,식비,2025-01-16
9009,,출금,129285,패션/미용,2025-02-13
9010,,입금,2376037,기타,2025-04-10
9011,,출금,56199,주거/공과금,2025-01-06
9012,,출금,458415,생필품,2025-03-02
9013,,출금,211477,생필품,2025-06-11
9014,,입금,1417291,월급,2025-04-06
9015,,출금,121160,식비,2025-01-03
9016,,출금,403069,교통비,2025-06-08
9017,,출금,143293,문화생활/여가,2025-02-23
9018,,출금,87227,교통비,2025-04-18
9019,,입금,581681,부수입,2025-02-28
9020,,출금,262238,기타,2025-02-11
9021,,출금,105191,식비,2025-07-08
9022,,입금,2454488,기타,2025-02-04
9023,,출금,222588,기타,2025-06-13
9024,,출금,424117,식비,2025-02-08
9025,,입금,545969,기타,2025-01-26
9026,,출금,39770,의료/건강,2025-01-17
9027,,출금,358257,문화생활/여가,2025-07-12
9028,,출금,424370,기타,2025-07-08
9029,,출금,474117,기타,2025-06-27
9030,,출금,215151,주거/공과금,2025-05-28
9031,,입금,2426723,기타,2025-02-03
9032,,출금,16404,생필품,2025-06-03
9033,,입금,904786,월급,2025-04-03
9034,,출금,303645,생필품,2025-02-24
9035,,입금,1756604,부수입,2025-02-11
9036,,출금,273338,문화생활/여가,2025-04-21
9037,,입금,1806443,부수입,2025-05-13
9038,,출금,401736,의료/건강,2025-01-02
9039,,출금,437719,문화생활/여가,2025-07-15
9040,,출금,221879,교통비,2025-05-29
9041,,출금,449051,패션/미용,2025-01-05
9042,,출금,165321,의료/건강,2025-07-22
9043,,출금,448547,기타,2025-07-14
9044,,출금,306101,문화생활/여가,2025-01-04
9045,,입금,1702813,월급,2025-03-20
9046,,입금,991037,부수입,2025-07-23
9047,,입금,2296960,부수입,2025-03-04
9048,,입금,2352425,부수입,2025-03-14
9049,,출금,471898,주거/공과금,2025-01-17
9050,,출금,293170,생필품,2025-01-22
9051,,출금,14442,패션/미용,2025-02-17
9052,,출금,341451,생필품,2025-03-22
9053,,출금,3466,문화생활/여가,2025-02-23
9054,,출금,163909,문화생활/여가,2025-03-06
9055,,출금,156079,교통비,2025-03-30
9056,,출금,187985,주거/공과금,2025-01-20
9057,,입금,186804,월급,2025-04-12
9058,,출금,268603,기타,2025-05-11
9059,,출금,319001,패션/미용,2025-04-13
9060,,출금,73376,문화생활/여가,2025-07-17
9061,,출금,71948,식비,2025-06-28
9062,,출금,43585,주거/공과금,2025-04-27
9063,,입금,1787145,부수입,2025-05-08
9064,,출금,487268,생필품,2025-05-28
9065,,입금,1925794,부수입,2025-03-28
9066,,출금,283786,주거/공과금,2025-05-24
9067,,출금,466623,식비,2025-04-18
9068,,출금,350496,패션/미용,2025-02-05
9069,,출금,169952,교통비,2025-04-20
9070,,출금,394278,생필품,2025-02-02
9071,,출금,328209,주거/공과금,2025-07-19
9072,,출금,121616,식비,2025-05-27
9073,,입금,1767620,월급,2025-06-22
9074,,출금,443246,기타,2025-03-23
9075,,출금,158402,기타,2025-04-20
9076,,출금,134035,패션/미용,2025-06-27
9077,,출금,138606,식비,2025-05-23
9078,,입금,732020,부수입,2025-04-19
9079,,출금,420463,교통비,2025-07-03
9080,,출금,24862,식비,2025-05-15
9081,,출금,461799,교통비,2025-07-06
9082,,출금,95701,식비,2025-03-04
9083,,출금,97974,식비,2025-05-16
9084,,출금,240117,생필품,2025-02-11
9085,,입금,1041501,월급,2025-01-13
9086,,출금,145338,패션/미용,2025-02-03
9087,,출금,12877,생필품,2025-07-01
9088,,출금,6075,주거/공과금,2025-01-09
9089,,출금,358256,패션/미용,2025-01-28
9090,,출금,217767,의료/건강,2025-07-07
9091,,입금,1610030,기타,2025-02-11
9092,,입금,931324,월급,2025-07-15
9093,,출금,10793,패션/미용,2025-03-18
9094,,출금,162881,패션/미용,2025-04-19
9095,,입금,1091976,월급,2025-01-13
9096,,출금,477275,의료/건강,2025-07-29
9097,,입금,696025,기타,2025-01-06
9098,,출금,174486,생필품,2025-01-05
9099,,출금,296458,의료/건강,2025-04-24
9100,,입금,2381011,월급,2025-06-20
9101,,출금,247572,의료/건강,2025-04-09
9102,,입금,881437,기타,2025-05-18
9103,,출금,156560,패션/미용,2025-01-24
9104,,출금,421155,패션/미용,2025-05-01
9105,,출금,446203,의료/건강,2025-04-11
9106,,입금,2263974,월급,2025-06-20
9107,,입금,644705,부수입,2025-05-14
9108,,출금,303374,식비,2025-02-05
9109,,출금,187589,주거/공과금,2025-01-25
9110,,출금,452443,문화생활/여가,2025-01-21
9111,,입금,217562,월급,2025-07-09
9112,,입금,1426080,기타,2025-06-24
9113,,입금,2348738,월급,2025-02-23
9114,,입금,1511147,월급,2025-05-13
9115,,출금,148948,기타,2025-05-19
9116,,출금,124648,교통비,2025-06-18
9117,,출금,133515,생필품,2025-04-07
9118,,입금,253901,기타,2025-07-13
9119,,출금,226207,생필품,2025-04-27
9120,,입금,705392,월급,2025-02-14
9121,,출금,110247,교통비,2025-01-17
9122,,출금,57716,의료/건강,2025-01-05
9123,,출금,6016,주거/공과금,2025-07-14
9124,,출금,433444,기타,2025-05-13
9125,,출금,244474,식비,2025-03-06
9126,,출금,51954,식비,2025-02-25
9127,,출금,330651,의료/건강,2025-05-06
9128,,출금,360182,기타,2025-05-02
9129,,출금,3230,의료/건강,2025-03-16
9130,,입금,259413,부수입,2025-03-07
9131,,출금,128541,기타,2025-02-11
9132,,출금,191987,교통비,2025-07-10
9133,,출금,191989,의료/건강,2025-04-30
9134,,출금,302955,주거/공과금,2025-05-04
9135,,출금,419431,교통비,2025-05-12
9136,,입금,2422041,부수입,2025-01-13
9137,,출금,153695,주거/공과금,2025-07-05
9138,,입금,1844513,기타,2025-06-06
9139,,입금,546568,부수입,2025-01-24
9140,,입금,861365,기타,2025-07-30
9141,,출금,51555,식비,2025-02-21
9142,,출금,114457,문화생활/여가,2025-03-26
9143,,입금,630602,월급,2025-01-29
9144,,출금,440559,생필품,2025-01-01
9145,,출금,499488,기타,2025-05-07
9146,,입금,118291,부수입,2025-06-28
9147,,출금,388451,식비,2025-04-09
9148,,출금,391957,기타,2025-01-01
9149,,입금,1404067,월급,2025-02-22
9150,,출금,490577,기타,2025-07-21
9151,,출금,242223,주거/공과금,2025-02-14
9152,,입금,2098794,기타,2025-06-27
9153,,출금,368294,문화생활/여가,2025-04-03
9154,,출금,441818,문화생활/여가,2025-04-13
9155,,출금,170988,의료/건강,2025-01-17
9156,,출금,149124,문화생활/여가,2025-04-11
9157,,입금,2245740,월급,2025-01-14
9158,,입금,2305808,기타,2025-03-28
9159,,출금,163086,패션/미용,2025-02-26
9160,,입금,1292940,월급,2025-03-30
9161,,출금,88250,생필품,2025-04-22
9162,,출금,223922,패션/미용,2025-02-15
9163,,출금,24168,의료/건강,2025-01-28
9164,,입금,240291,월급,2025-02-02
9165,,입금,2438942,부수입,2025-06-29
9166,,입금,139983,부수입,2025-07-10
9167,,출금,237455,교통비,2025-06-03
9168,,입금,2028505,기타,2025-05-29
9169,,입금,1194262,부수입,2025-04-04
9170,,출금,463725,의료/건강,2025-02-21
9171,,입금,2256400,월급,2025-04-03
9172,,출금,440071,문화생활/여가,2025-03-13
9173,,출금,238187,의료/건강,2025-07-05
9174,,입금,2120925,기타,2025-05-03
9175,,출금,175996,기타,2025-06-03
9176,,출금,27149,의료/건강,2025-05-20
9177,,입금,516437,부수입,2025-02-21
9178,,출금,77789,주거/공과금,2025-02-23
9179,,출금,261983,생필품,2025-06-24
9180,,입금,2074376,기타,2025-07-24
9181,,출금,116956,생필품,2025-06-03
9182,,출금,404551,식비,2025-07-03
9183,,출금,406063,식비,2025-07-05
9184,,출금,78340,문화생활/여가,2025-02-26
9185,,출금,463873,패션/미용,2025-02-16
9186,,출금,418852,패션/미용,2025-03-23
9187,,출금,337267,의료/건강,2025-03-25
9188,,출금,434874,생필품,2025-07-18
9189,,입금,762146,기타,2025-06-01
9190,,입금,990931,부수입,2025-07-19
9191,,입금,1020959,부수입,2025-02-03
9192,,출금,287261,생필품,2025-02-01
9193,,출금,463632,식비,2025-01-05
9194,,출금,132764,주거/공과금,2025-07-15
9195,,출금,303164,의료/건강,2025-05-22
9196,,출금,184759,교통비,2025-02-03
9197,,출금,238352,의료/건강,2025-07-30
9198,,입금,948302,기타,2025-05-25
9199,,출금,414129,의료/건강,2025-05-24
9200,,출금,35679,교통비,2025-04-03
9201,,입금,583407,월급,2025-04-09
9202,,출금,381940,의료/건강,2025-05-30
9203,,입금,159059,월급,2025-05-31
9204,,입금,476773,부수입,2025-01-05
9205,,출금,429275,생필품,2025-07-17
9206,,출금,101659,문화생활/여가,2025-03-22
9207,,출금,459659,주거/공과금,2025-05-19
9208,,출금,476191,식비,2025-04-19
9209,,출금,272430,식비,2025-03-16
9210,,출금,67283,문화생활/여가,2025-05-13
9211,,출금,380988,식비,2025-02-25
9212,,출금,416501,교통비,2025-06-23
9213,,출금,333411,의료/건강,2025-04-29
9214,,입금,712788,기타,2025-01-16
9215,,출금,125292,주거/공과금,2025-02-27
9216,,출금,489169,식비,2025-07-23
9217,,출금,341124,의료/건강,2025-01-04
9218,,출금,61008,식비,2025-01-14
9219,,입금,959378,부수입,2025-06-30
9220,,출금,450491,식비,2025-01-02
9221,,출금,119771,생필품,2025-05-11
9222,,출금,121382,식비,2025-05-01
9223,,출금,335828,의료/건강,2025-01-28
9224,,출금,291639,식비,2025-03-26
9225,,입금,1814313,월급,2025-04-08
9226,,출금,466677,기타,2025-01-07
9227,,출금,303620,주거/공과금,2025-04-29
9228,,출금,268850,생필품,2025-03-16
9229,,출금,284445,패션/미용,2025-07-28
9230,,출금,392699,주거/공과금,2025-06-22
9231,,출금,477168,기타,2025-01-24
9232,,출금,401810,문화생활/여가,2025-02-17
9233,,출금,488414,주거/공과금,2025-07-04
9234,,출금,304471,교통비,2025-03-17
9235,,입금,2006528,부수입,2025-04-08
9236,,입금,1055865,월급,2025-02-17
9237,,입금,940749,월급,2025-04-07
9238,,출금,229411,패션/미용,2025-01-07
9239,,입금,1148303,부수입,2025-05-17
9240,,출금,75476,기타,2025-04-05
9241,,출금,50704,패션/미용,2025-05-01
9242,,출금,389795,식비,2025-02-06
9243,,출금,76981,기타,2025-02-14
9244,,입금,1887420,월급,2025-07-06
9245,,출금,473027,교통비,2025-02-03
9246,,입금,1176610,기타,2025-02-24
9247,,출금,43599,기타,2025-05-30
9248,,출금,181198,주거/공과금,2025-07-06
9249,,출금,101415,생필품,2025-01-25
9250,,출금,157564,의료/건강,2025-05-13
9251,,출금,196763,생필품,2025-06-19
9252,,입금,1612282,기타,2025-01-08
9253,,출금,143097,생필품,2025-06-07
9254,,출금,316032,기타,2025-04-10
9255,,출금,267563,주거/공과금,2025-07-05
9256,,출금,223572,생필품,2025-05-23
9257,,출금,465894,주거/공과금,2025-05-08
9258,,출금,365854,기타,2025-05-23
9259,,출금,142209,식비,2025-06-26
9260,,출금,20437,주거/공과금,2025-04-01
9261,,출금,41719,교통비,2025-06-29
9262,,출금,354420,생필품,2025-03-13
9263,,출금,424716,기타,2025-01-31
9264,,출금,353418,교통비,2025-03-12
9265,,출금,73886,식비,2025-06-17
9266,,출금,291231,식비,2025-03-04
9267,,입금,287829,월급,2025-03-18
9268,,입금,1436830,월급,2025-03-29
9269,,출금,62283,생필품,2025-07-17
9270,,출금,337060,교통비,2025-07-20
9271,,출금,368338,패션/미용,2025-03-11
9272,,출금,485860,패션/미용,2025-02-22
9273,,출금,9263,패션/미용,2025-02-06
9274,,입금,2099020,월급,2025-03-10
9275,,출금,129349,주거/공과금,2025-01-13
9276,,출금,75607,교통비,2025-01-14
9277,,입금,77829,기타,2025-07-20
9278,,출금,415236,패션/미용,2025-04-28
9279,,출금,399862,식비,2025-07-21
9280,,출금,141941,교통비,2025-02-05
9281,,입금,581798,기타,2025-07-10
9282,,출금,6781,생필품,2025-04-05
9283,,출금,83358,교통비,2025-07-01
9284,,출금,104571,주거/공과금,2025-06-28
9285,,출금,208984,의료/건강,2025-05-11
9286,,출금,189959,식비,2025-05-14
9287,,출금,309656,패션/미용,2025-02-05
9288,,입금,2440632,부수입,2025-06-15
9289,,입금,1728704,월급,2025-03-24
9290,,입금,2462293,월급,2025-01-18
9291,,입금,1982906,기타,2025-03-18
9292,,출금,166784,식비,2025-05-09
9293,,출금,171989,교통비,2025-02-23
9294,,출금,358803,기타,2025-03-11
9295,,출금,51391,교통비,2025-01-19
9296,,입금,1907739,월급,2025-03-14
9297,,출금,430128,식비,2025-07-24
9298,,출금,248364,문화생활/여가,2025-04-30
9299,,출금,95716,식비,2025-01-24
9300,,입금,1590065,기타,2025-02-16
9301,,입금,2078760,부수입,2025-07-23
9302,,입금,2116546,월급,2025-05-08
9303,,출금,51252,문화생활/여가,2025-05-27
9304,,출금,188765,문화생활/여가,2025-06-20
9305,,출금,479579,생필품,2025-06-13
9306,,출금,152222,의료/건강,2025-02-10
9307,,출금,111763,교통비,2025-01-27
9308,,출금,116578,문화생활/여가,2025-04-11
9309,,출금,188188,주거/공과금,2025-02-25
9310,,출금,200725,교통비,2025-01-08
9311,,입금,1532713,기타,2025-01-06
9312,,출금,489506,패션/미용,2025-07-05
9313,,입금,2382587,월급,2025-01-07
9314,,출금,340491,문화생활/여가,2025-05-27
9315,,입금,2495753,월급,2025-02-18
9316,,입금,2261392,월급,2025-02-16
9317,,출금,405175,문화생활/여가,2025-07-29
9318,,출금,356955,패션/미용,2025-03-22
9319,,출금,437114,문화생활/여가,2025-06-14
9320,,출금,37719,기타,2025-04-22
9321,,출금,254298,패션/미용,2025-03-31
9322,,출금,337297,기타,2025-01-07
9323,,출금,297124,기타,2025-02-18
9324,,입금,2375284,기타,2025-07-21
9325,,입금,1670340,월급,2025-02-28
9326,,입금,434656,부수입,2025-06-12
9327,,입금,2469506,부수입,2025-07-23
9328,,출금,19021,주거/공과금,2025-04-18
9329,,출금,295187,의료/건강,2025-01-05
9330,,출금,103812,패션/미용,2025-02-16
9331,,입금,641352,월급,2025-07-11
9332,,출금,281478,패션/미용,2025-07-02
9333,,입금,1196104,기타,2025-03-29
9334,,출금,208144,의료/건강,2025-02-25
9335,,출금,77400,생필품,2025-04-11
9336,,출금,122925,식비,2025-05-26
9337,,출금,125085,식비,2025-02-20
9338,,입금,2227792,부수입,2025-01-10
9339,,출금,221696,주거/공과금,2025-06-13
9340,,출금,294309,식비,2025-05-24
9341,,입금,1462129,부수입,2025-06-23
9342,,출금,148282,식비,2025-02-08
9343,,입금,1571073,부수입,2025-03-13
9344,,출금,222979,패션/미용,2025-04-30
9345,,출금,152796,문화생활/여가,2025-02-20
9346,,출금,392430,교통비,2025-01-09
9347,,출금,336816,식비,2025-02-14
9348,,입금,391687,부수입,2025-05-05
9349,,출금,453955,의료/건강,2025-03-05
9350,,입금,194570,월급,2025-04-15
9351,,입금,1316594,기타,2025-07-10
9352,,입금,234831,기타,2025-07-18
9353,,입금,314650,기타,2025-05-29
9354,,출금,204711,교통비,2025-01-09
9355,,입금,1670168,월급,2025-01-06
9356,,입금,514462,월급,2025-05-27
9357,,출금,171313,생필품,2025-07-04
9358,,출금,388787,기타,2025-01-21
9359,,출금,226998,교통비,2025-01-25
9360,,출금,17090,생필품,2025-06-18
9361,,출금,120733,식비,2025-01-07
9362,,입금,2015039,부수입,2025-02-20
9363,,출금,232525,교통비,2025-06-21
9364,,출금,44447,패션/미용,2025-01-22
9365,,출금,364059,교통비,2025-01-22
9366,,입금,1532701,부수입,2025-05-18
9367,,입금,477235,기타,2025-01-22
9368,,입금,1749790,기타,2025-01-20
9369,,출금,174877,문화생활/여가,2025-07-11
9370,,입금,2460601,월급,2025-03-10
9371,,출금,407797,주거/공과금,2025-07-06
9372,,출금,305281,식비,2025-02-28
9373,,출금,290277,식비,2025-04-13
9374,,출금,138619,기타,2025-05-02
9375,,출금,211588,생필품,2025-03-30
9376,,출금,217732,주거/공과금,2025-02-26
9377,,입금,174924,기타,2025-04-24
9378,,입금,928122,기타,2025-01-01
9379,,출금,15910,기타,2025-07-11
9380,,출금,342603,식비,2025-06-22
9381,,출금,44789,교통비,2025-03-01
9382,,출금,343916,교통비,2025-04-05
9383,,입금,1802201,월급,2025-07-21
9384,,출금,306748,식비,2025-06-29
9385,,출금,459978,패션/미용,2025-01-24
9386,,입금,317111,월급,2025-04-07
9387,,출금,452087,기타,2025-01-20
9388,,출금,124222,패션/미용,2025-07-16
9389,,출금,365349,식비,2025-01-19
9390,,출금,99006,의료/건강,2025-01-26
9391,,출금,180718,식비,2025-02-05
9392,,입금,1521786,부수입,2025-06-17
9393,,출금,210340,패션/미용,2025-02-07
9394,,출금,183870,주거/공과금,2025-06-09
9395,,출금,398602,식비,2025-02-02
9396,,출금,259286,의료/건강,2025-06-01
9397,,출금,390147,교통비,2025-03-21
9398,,출금,436004,기타,2025-03-22
9399,,출금,258053,패션/미용,2025-03-06
9400,,출금,3364,기타,2025-06-22
9401,,출금,139601,교통비,2025-04-30
9402,,출금,163515,주거/공과금,2025-05-21
9403,,출금,40784,주거/공과금,2025-03-08
9404,,출금,319025,식비,2025-05-25
9405,,출금,154030,문화생활/여가,2025-02-13
9406,,출금,314156,식비,2025-01-03
9407,,출금,248658,기타,2025-03-26
9408,,입금,1674279,기타,2025-05-15
9409,,입금,996527,부수입,2025-04-12
9410,,출금,430734,생필품,2025-06-08
9411,,출금,162670,생필품,2025-03-30
9412,,입금,1554041,월급,2025-01-29
9413,,입금,2150699,부수입,2025-04-06
9414,,출금,442166,기타,2025-07-27
9415,,입금,1508960,기타,2025-07-06
9416,,출금,300418,생필품,2025-01-19
9417,,출금,417631,주거/공과금,2025-03-25
9418,,출금,24492,패션/미용,2025-04-13
9419,,출금,131123,기타,2025-01-13
9420,,출금,344432,의료/건강,2025-04-19
9421,,출금,431423,식비,2025-04-01
9422,,출금,229568,주거/공과금,2025-01-09
9423,,출금,141489,생필품,2025-04-20
9424,,입금,1802589,월급,2025-07-17
9425,,출금,326006,의료/건강,2025-01-18
9426,,출금,126853,식비,2025-07-19
9427,,출금,39515,식비,2025-05-01
9428,,출금,384723,패션/미용,2025-04-09
9429,,입금,534133,기타,2025-07-04
9430,,출금,212800,식비,2025-04-20
9431,,출금,131112,패션/미용,2025-03-16
9432,,출금,454529,생필품,2025-05-23
9433,,출금,298133,교통비,2025-03-28
9434,,출금,257346,식비,2025-07-24
9435,,출금,157764,생필품,2025-02-14
9436,,출금,432515,식비,2025-06-21
9437,,입금,1007958,월급,2025-07-17
9438,,출금,212902,교통비,2025-03-30
9439,,출금,357330,주거/공과금,2025-07-29
9440,,출금,396228,패션/미용,2025-07-26
9441,,출금,74628,식비,2025-05-10
9442,,출금,65140,패션/미용,2025-03-02
9443,,출금,478142,생필품,2025-06-27
9444,,출금,194989,주거/공과금,2025-04-06
9445,,출금,22328,주거/공과금,2025-01-14
9446,,입금,1524600,부수입,2025-06-28
9447,,입금,684829,부수입,2025-01-08
9448,,출금,373268,패션/미용,2025-04-04
9449,,입금,151360,월급,2025-06-10
9450,,출금,240773,주거/공과금,2025-01-29
9451,,출금,57208,문화생활/여가,2025-07-20
9452,,출금,498981,패션/미용,2025-03-11
9453,,출금,227046,주거/공과금,2025-03-22
9454,,출금,236139,교통비,2025-01-17
9455,,출금,402977,교통비,2025-03-07
9456,,출금,66080,식비,2025-02-05
9457,,출금,284587,패션/미용,2025-03-14
9458,,입금,347863,부수입,2025-01-27
9459,,출금,236917,패션/미용,2025-03-17
9460,,입금,2121938,부수입,2025-06-17
9461,,출금,115137,패션/미용,2025-05-17
9462,,출금,65967,교통비,2025-02-28
9463,,입금,1074030,부수입,2025-07-10
9464,,입금,342780,기타,2025-05-22
9465,,출금,32471,교통비,2025-07-13
9466,,출금,149237,패션/미용,2025-06-30
9467,,출금,339927,교통비,2025-02-09
9468,,출금,120579,패션/미용,2025-01-11
9469,,출금,10319,기타,2025-06-23
9470,,출금,434265,패션/미용,2025-05-29
9471,,출금,144982,의료/건강,2025-07-06
9472,,출금,401209,문화생활/여가,2025-04-29
9473,,출금,45362,의료/건강,2025-03-26
9474,,입금,1985786,부수입,2025-07-10
9475,,입금,434899,부수입,2025-02-15
9476,,입금,1708184,부수입,2025-05-18
9477,,출금,348840,문화생활/여가,2025-06-17
9478,,출금,15672,의료/건강,2025-02-05
9479,,출금,385365,문화생활/여가,2025-07-14
9480,,출금,490988,주거/공과금,2025-07-20
9481,,입금,1853736,기타,2025-05-03
9482,,출금,133893,생필품,2025-05-07
9483,,출금,264922,주거/공과금,2025-01-24
9484,,입금,350862,기타,2025-03-06
9485,,입금,1363456,부수입,2025-05-04
9486,,입금,371878,부수입,2025-05-27
9487,,출금,291793,의료/건강,2025-01-09
9488,,출금,130284,문화생활/여가,2025-07-29
9489,,입금,1277956,기타,2025-06-19
9490,,출금,291159,기타,2025-05-16
9491,,입금,394202,부수입,2025-02-15
9492,,출금,490697,주거/공과금,2025-03-08
9493,,출금,84106,주거/공과금,2025-03-30
9494,,출금,201029,생필품,2025-03-27
9495,,출금,35817,생필품,2025-02-24
9496,,입금,476294,기타,2025-01-14
9497,,출금,155281,패션/미용,2025-06-13
9498,,출금,232221,생필품,2025-01-01
9499,,입금,1299351,월급,2025-05-02
9500,,입금,834043,부수입,2025-03-24
9501,,출금,329410,기타,2025-04-11
9502,,출금,34613,교통비,2025-05-02
9503,,입금,856196,부수입,2025-05-07
9504,,입금,1788642,부수입,2025-03-21
9505,,입금,661678,기타,2025-03-17
9506,,입금,2241524,부수입,2025-03-15
9507,,입금,2244632,기타,2025-06-16
9508,,출금,494427,교통비,2025-01-31
9509,,출금,44405,생필품,2025-04-28
9510,,출금,189943,교통비,2025-02-03
9511,,출금,204003,식비,2025-06-08
9512,,출금,228564,교통비,2025-03-24
9513,,입금,1647569,부수입,2025-03-25
9514,,출금,474772,교통비,2025-04-15
9515,,입금,2483000,월급,2025-05-05
9516,,출금,377575,패션/미용,2025-07-26
9517,,입금,795615,부수입,2025-01-09
9518,,입금,2174385,월급,2025-05-15
9519,,출금,490799,패션/미용,2025-03-13
9520,,출금,143590,의료/건강,2025-04-18
9521,,출금,267169,교통비,2025-03-24
9522,,출금,318151,문화생활/여가,2025-03-15
9523,,입금,1171485,부수입,2025-07-13
9524,,출금,381098,교통비,2025-04-24
9525,,출금,124808,교통비,2025-07-30
9526,,출금,452577,문화생활/여가,2025-06-07
9527,,입금,1677974,월급,2025-04-13
9528,,출금,21310,생필품,2025-02-23
9529,,출금,186895,주거/공과금,2025-03-07
9530,,입금,1994392,기타,2025-04-24
9531,,출금,453422,교통비,2025-05-15
9532,,입금,2206136,기타,2025-04-16
9533,,출금,162587,의료/건강,2025-07-06
9534,,출금,916,문화생활/여가,2025-06-14
9535,,출금,388178,문화생활/여가,2025-06-20
9536,,출금,334063,주거/공과금,2025-07-02
9537,,출금,179414,식비,2025-07-30
9538,,출금,365202,의료/건강,2025-05-27
9539,,출금,261421,교통비,2025-03-30
9540,,출금,272268,패션/미용,2025-02-07
9541,,입금,907080,월급,2025-03-23
9542,,출금,246939,식비,2025-03-16
9543,,출금,156912,생필품,2025-05-27
9544,,출금,492178,기타,2025-07-06
9545,,입금,2322823,기타,2025-06-07
9546,,입금,1291020,기타,2025-02-28
9547,,출금,12168,생필품,2025-02-20
9548,,출금,419752,교통비,2025-07-25
9549,,입금,2092798,월급,2025-06-15
9550,,출금,111693,주거/공과금,2025-03-17
9551,,입금,511774,부수입,2025-02-08
9552,,출금,484748,문화생활/여가,2025-07-01
9553,,출금,211556,의료/건강,2025-06-02
9554,,출금,469825,생필품,2025-04-21
9555,,출금,443022,식비,2025-04-27
9556,,입금,1065336,부수입,2025-02-25
9557,,출금,361197,주거/공과금,2025-05-04
9558,,입금,1072405,기타,2025-07-16
9559,,출금,477836,교통비,2025-06-15
9560,,출금,355444,교통비,2025-07-16
9561,,출금,223212,교통비,2025-02-05
9562,,입금,1984607,기타,2025-01-05
9563,,출금,260470,문화생활/여가,2025-04-09
9564,,출금,54036,생필품,2025-02-06
9565,,출금,39869,패션/미용,2025-04-30
9566,,출금,12864,문화생활/여가,2025-07-04
9567,,입금,1927939,기타,2025-04-21
9568,,출금,240461,교통비,2025-02-11
9569,,입금,2379377,부수입,2025-07-23
9570,,출금,168213,문화생활/여가,2025-05-20
9571,,출금,494900,기타,2025-07-07
9572,,입금,1848823,부수입,2025-02-07
9573,,출금,369659,문화생활/여가,2025-05-05
9574,,입금,2331242,월급,2025-04-14
9575,,출금,360932,패션/미용,2025-06-30
9576,,입금,241432,기타,2025-02-05
9577,,출금,18432,문화생활/여가,2025-01-25
9578,,출금,51843,패션/미용,2025-06-05
9579,,입금,1078154,부수입,2025-03-04
9580,,출금,255642,패션/미용,2025-01-01
9581,,입금,704462,부수입,2025-02-08
9582,,출금,472188,생필품,2025-04-23
9583,,입금,204845,월급,2025-05-03
9584,,출금,447598,의료/건강,2025-05-24
9585,,출금,244319,패션/미용,2025-06-10
9586,,출금,349584,기타,2025-03-22
9587,,출금,426598,생필품,2025-03-02
9588,,출금,118044,기타,2025-06-09
9589,,출금,195544,기타,2025-03-16
9590,,출금,303435,기타,2025-07-24
9591,,입금,243092,월급,2025-05-25
9592,,입금,1027785,기타,2025-06-10
9593,,출금,288351,문화생활/여가,2025-02-21
9594,,출금,392081,교통비,2025-04-04
9595,,입금,1379194,기타,2025-07-15
9596,,출금,204826,주거/공과금,2025-07-05
9597,,출금,478557,식비,2025-04-30
9598,,입금,1127587,월급,2025-01-23
9599,,출금,409019,문화생활/여가,2025-04-24
9600,,출금,493048,문화생활/여가,2025-01-03
9601,,출금,443711,패션/미용,2025-02-13
9602,,출금,207517,의료/건강,2025-03-21
9603,,출금,246627,주거/공과금,2025-07-09
9604,,입금,2436522,월급,2025-07-21
9605,,출금,399863,교통비,2025-04-04
9606,,입금,1846849,부수입,2025-04-28
9607,,입금,181806,월급,2025-03-19
9608,,입금,750029,부수입,2025-07-04
9609,,출금,304513,식비,2025-05-14
9610,,입금,680778,부수입,2025-04-06
9611,,출금,464464,패션/미용,2025-01-23
9612,,입금,1458747,기타,2025-03-09
9613,,입금,735778,월급,2025-07-25
9614,,출금,249667,교통비,2025-01-14
9615,,출금,106752,문화생활/여가,2025-02-27
9616,,출금,437908,패션/미용,2025-06-07
9617,,출금,470531,패션/미용,2025-01-14
9618,,출금,479922,생필품,2025-03-25
9619,,입금,2184891,월급,2025-03-28
9620,,입금,189042,기타,2025-03-08
9621,,출금,205567,생필품,2025-05-10
9622,,출금,89998,주거/공과금,2025-04-08
9623,,출금,326343,문화생활/여가,2025-04-28
9624,,출금,122737,의료/건강,2025-04-19
9625,,출금,353981,생필품,2025-02-16
9626,,입금,686936,월급,2025-02-18
9627,,출금,102947,식비,2025-07-19
9628,,입금,1160470,기타,2025-01-14
9629,,출금,71829,패션/미용,2025-06-16
9630,,출금,277902,주거/공과금,2025-06-23
9631,,입금,1245550,부수입,2025-03-16
9632,,입금,106692,기타,2025-01-29
9633,,입금,2109992,월급,2025-04-19
9634,,출금,249173,생필품,2025-04-20
9635,,출금,134659,패션/미용,2025-05-14
9636,,출금,409213,기타,2025-04-19
9637,,출금,26111,주거/공과금,2025-07-08
9638,,입금,2104901,기타,2025-01-23
9639,,출금,492868,생필품,2025-07-11
9640,,출금,329876,생필품,2025-06-16
9641,,출금,482359,패션/미용,2025-01-10
9642,,출금,448607,패션/미용,2025-06-15
9643,,출금,228634,기타,2025-07-26
9644,,출금,240689,문화생활/여가,2025-05-09
9645,,출금,438733,패션/미용,2025-05-04
9646,,출금,458349,식비,2025-05-06
9647,,출금,283997,식비,2025-03-01
9648,,출금,483516,생필품,2025-07-24
9649,,출금,262082,기타,2025-01-05
9650,,출금,491470,교통비,2025-06-09
9651,,출금,153845,기타,2025-04-21
9652,,입금,1725838,기타,2025-04-24
9653,,출금,114693,교통비,2025-02-28
9654,,출금,119598,패션/미용,2025-07-05
9655,,출금,391719,생필품,2025-02-14
9656,,출금,12782,생필품,2025-05-24
9657,,출금,247132,의료/건강,2025-04-23
9658,,출금,419675,생필품,2025-05-28
9659,,입금,881956,기타,2025-07-02
9660,,출금,117216,교통비,2025-02-23
9661,,출금,371498,의료/건강,2025-05-07
9662,,출금,63444,패션/미용,2025-06-05
9663,,출금,82290,교통비,2025-04-18
9664,,출금,490481,생필품,2025-05-23
9665,,출금,359173,패션/미용,2025-05-15
9666,,출금,415132,기타,2025-05-01
9667,,출금,407233,교통비,2025-04-19
9668,,입금,1382659,기타,2025-06-15
9669,,출금,293027,식비,2025-06-19
9670,,출금,496442,의료/건강,2025-04-16
9671,,출금,372377,의료/건강,2025-03-25
9672,,입금,815664,부수입,2025-05-31
9673,,입금,1791339,기타,2025-01-27
9674,,입금,1088273,월급,2025-01-17
9675,,출금,163483,교통비,2025-04-16
9676,,입금,2426610,월급,2025-06-25
9677,,출금,168497,주거/공과금,2025-05-02
9678,,출금,318652,문화생활/여가,2025-03-08
9679,,출금,20310,문화생활/여가,2025-01-07
9680,,출금,217564,문화생활/여가,2025-02-16
9681,,출금,337985,주거/공과금,2025-07-28
9682,,출금,378185,기타,2025-01-16
9683,,출금,179131,패션/미용,2025-03-16
9684,,출금,446338,기타,2025-06-05
9685,,입금,1295562,월급,2025-03-26
9686,,출금,239627,교통비,2025-01-23
9687,,출금,13167,의료/건강,2025-04-04
9688,,입금,179438,월급,2025-01-31
9689,,출금,270657,식비,2025-07-01
9690,,입금,1326697,기타,2025-03-19
9691,,출금,342604,기타,2025-06-19
9692,,입금,986861,기타,2025-01-11
9693,,출금,22352,기타,2025-04-07
9694,,출금,135257,문화생활/여가,2025-05-20
9695,,출금,135973,패션/미용,2025-05-13
9696,,입금,810289,월급,2025-03-16
9697,,입금,1850462,월급,2025-04-08
9698,,출금,129396,생필품,2025-06-12
9699,,출금,5194,패션/미용,2025-05-28
9700,,출금,146684,의료/건강,2025-03-02
9701,,출금,199481,식비,2025-04-20
9702,,출금,459288,생필품,2025-06-06
9703,,출금,252106,기타,2025-07-13
9704,,출금,117645,기타,2025-05-13
9705,,출금,428227,교통비,2025-05-14
9706,,출금,262675,식비,2025-07-26
9707,,출금,384087,교통비,2025-07-02
9708,,입금,2400866,기타,2025-07-24
9709,,출금,457809,기타,2025-04-26
9710,,출금,346812,패션/미용,2025-02-09
9711,,입금,809735,부수입,2025-05-08
9712,,출금,58005,식비,2025-07-24
9713,,출금,171000,패션/미용,2025-01-01
9714,,출금,120479,생필품,2025-07-10
9715,,출금,467967,식비,2025-06-26
9716,,출금,425746,의료/건강,2025-05-17
9717,,출금,348147,주거/공과금,2025-06-22
9718,,출금,186642,기타,2025-01-18
9719,,출금,211090,교통비,2025-03-04
9720,,출금,392492,패션/미용,2025-07-08
9721,,출금,447408,기타,2025-07-18
9722,,입금,1216215,기타,2025-05-05
9723,,출금,95182,의료/건강,2025-03-28
9724,,출금,200862,패션/미용,2025-06-15
9725,,입금,2003060,월급,2025-07-03
9726,,출금,35384,생필품,2025-06-15
9727,,출금,204807,주거/공과금,2025-07-09
9728,,출금,400490,식비,2025-01-17
9729,,출금,106403,식비,2025-03-16
9730,,출금,28955,패션/미용,2025-04-24
9731,,출금,190414,교통비,2025-03-24
9732,,입금,1542270,부수입,2025-03-26
9733,,출금,461749,패션/미용,2025-06-27
9734,,입금,727358,기타,2025-02-17
9735,,입금,2353859,부수입,2025-04-28
9736,,출금,372351,문화생활/여가,2025-05-31
9737,,출금,481048,문화생활/여가,2025-01-27
9738,,출금,366324,생필품,2025-06-11
9739,,입금,1181742,부수입,2025-02-18
9740,,출금,438756,주거/공과금,2025-04-01
9741,,입금,2060773,기타,2025-06-13
9742,,입금,1115500,월급,2025-07-11
9743,,출금,191096,교통비,2025-01-20
9744,,출금,496238,의료/건강,2025-06-26
9745,,출금,197307,문화생활/여가,2025-03-12
9746,,입금,2006322,부수입,2025-07-24
9747,,출금,91820,문화생활/여가,2025-07-04
9748,,입금,1260199,기타,2025-06-16
9749,,입금,2117146,부수입,2025-02-17
9750,,입금,1259810,월급,2025-07-25
9751,,출금,198405,식비,2025-02-19
9752,,입금,609153,기타,2025-03-14
9753,,입금,2493518,부수입,2025-01-21
9754,,입금,2043064,월급,2025-05-07
9755,,출금,37451,교통비,2025-02-24
9756,,입금,1548102,기타,2025-05-14
9757,,출금,359275,생필품,2025-06-28
9758,,출금,144820,의료/건강,2025-04-21
9759,,출금,318275,교통비,2025-01-02
9760,,출금,4778,생필품,2025-06-01
9761,,출금,494018,의료/건강,2025-06-26
9762,,출금,308174,의료/건강,2025-06-11
9763,,출금,353660,의료/건강,2025-04-23
9764,,출금,262780,패션/미용,2025-07-25
9765,,출금,101191,문화생활/여가,2025-06-25
9766,,출금,497485,패션/미용,2025-01-03
9767,,입금,1192140,기타,2025-02-22
9768,,출금,195632,생필품,2025-03-09
9769,,입금,1490959,기타,2025-01-07
9770,,입금,2143054,부수입,2025-07-10
9771,,출금,37938,문화생활/여가,2025-06-27
9772,,출금,8191,기타,2025-01-16
9773,,입금,1903532,월급,2025-07-13
9774,,입금,1601936,부수입,2025-01-09
9775,,입금,1307955,월급,2025-04-25
9776,,출금,179385,주거/공과금,2025-01-27
9777,,출금,326793,패션/미용,2025-07-22
9778,,출금,40328,문화생활/여가,2025-01-03
9779,,출금,109266,생필품,2025-06-30
9780,,출금,367913,기타,2025-07-14
9781,,입금,2428419,월급,2025-02-02
9782,,입금,1014009,부수입,2025-04-30
9783,,출금,354380,교통비,2025-02-13
9784,,입금,2302311,기타,2025-01-03
9785,,입금,742189,월급,2025-03-09
9786,,출금,73547,생필품,2025-02-12
9787,,출금,357520,교통비,2025-05-10
9788,,입금,930685,월급,2025-06-27
9789,,출금,449852,문화생활/여가,2025-04-03
9790,,출금,326077,의료/건강,2025-06-09
9791,,입금,259638,기타,2025-03-10
9792,,출금,382671,생필품,2025-05-17
9793,,출금,345817,주거/공과금,2025-03-09
9794,,입금,1117819,기타,2025-03-28
9795,,출금,79854,식비,2025-04-19
9796,,입금,165794,월급,2025-07-29
9797,,입금,2359835,부수입,2025-01-06
9798,,입금,64531,부수입,2025-06-20
9799,,출금,325093,주거/공과금,2025-05-07
9800,,출금,92730,생필품,2025-04-01
9801,,출금,83637,의료/건강,2025-05-07
9802,,출금,89787,주거/공과금,2025-07-24
9803,,입금,2167806,부수입,2025-01-09
9804,,출금,499485,주거/공과금,2025-04-03
9805,,출금,461774,교통비,2025-01-04
9806,,입금,2119833,부수입,2025-06-14
9807,,출금,328540,패션/미용,2025-01-15
9808,,입금,851364,월급,2025-06-09
9809,,출금,37149,생필품,2025-06-09
9810,,출금,219812,문화생활/여가,2025-01-02
9811,,출금,456538,주거/공과금,2025-03-17
9812,,출금,291288,교통비,2025-07-14
9813,,입금,1796845,월급,2025-07-10
9814,,출금,470081,문화생활/여가,2025-05-22
9815,,출금,172154,패션/미용,2025-05-25
9816,,입금,557726,월급,2025-01-10
9817,,입금,1495555,기타,2025-07-07
9818,,출금,15369,문화생활/여가,2025-06-05
9819,,출금,260350,식비,2025-07-27
9820,,입금,2282773,월급,2025-03-09
9821,,출금,330099,의료/건강,2025-03-31
9822,,출금,229164,문화생활/여가,2025-06-04
9823,,입금,2338933,월급,2025-06-26
9824,,출금,52409,의료/건강,2025-04-05
9825,,출금,263599,패션/미용,2025-05-14
9826,,입금,424034,월급,2025-06-11
9827,,출금,73003,생필품,2025-05-29
9828,,입금,1355762,월급,2025-06-27
9829,,출금,389169,식비,2025-05-27
9830,,출금,345025,주거/공과금,2025-02-22
9831,,입금,913289,월급,2025-07-13
9832,,입금,1087366,기타,2025-03-26
9833,,출금,173735,기타,2025-07-28
9834,,출금,167321,기타,2025-02-14
9835,,출금,155466,패션/미용,2025-01-31
9836,,입금,1775436,부수입,2025-02-27
9837,,입금,1169230,부수입,2025-03-07
9838,,입금,2398907,월급,2025-03-31
9839,,출금,385397,기타,2025-04-10
9840,,입금,2064632,부수입,2025-07-16
9841,,출금,126109,패션/미용,2025-06-18
9842,,출금,252645,기타,2025-05-17
9843,,출금,183009,기타,2025-06-08
9844,,출금,319905,패션/미용,2025-03-07
9845,,출금,448679,기타,2025-05-17
9846,,출금,105432,식비,2025-06-30
9847,,입금,1089996,부수입,2025-03-30
9848,,입금,387341,월급,2025-06-18
9849,,입금,714913,부수입,2025-04-12
9850,,출금,14452,기타,2025-01-07
9851,,출금,225461,주거/공과금,2025-06-18
9852,,출금,287818,주거/공과금,2025-01-22
9853,,입금,1567924,부수입,2025-04-30
9854,,출금,211287,패션/미용,2025-02-13
9855,,입금,616165,월급,2025-01-23
9856,,출금,98400,주거/공과금,2025-07-08
9857,,입금,1114057,부수입,2025-05-01
9858,,출금,96711,식비,2025-06-26
9859,,입금,917562,기타,2025-02-06
9860,,입금,195018,부수입,2025-01-05
9861,,출금,378094,의료/건강,2025-04-18
9862,,입금,1748038,기타,2025-07-28
9863,,입금,537136,기타,2025-01-25
9864,,출금,91679,생필품,2025-07-25
9865,,출금,445778,교통비,2025-04-26
9866,,입금,1534441,부수입,2025-05-06
9867,,출금,425777,교통비,2025-04-17
9868,,출금,320059,의료/건강,2025-07-11
9869,,출금,117414,생필품,2025-05-20
9870,,출금,40375,의료/건강,2025-03-11
9871,,출금,40430,생필품,2025-01-07
9872,,출금,249188,교통비,2025-06-27
9873,,출금,249012,생필품,2025-02-26
9874,,입금,717325,부수입,2025-04-14
9875,,입금,329835,월급,2025-03-21
9876,,출금,218399,의료/건강,2025-01-12
9877,,출금,201980,식비,2025-02-11
9878,,출금,418858,식비,2025-01-18
9879,,출금,380988,의료/건강,2025-06-01
9880,,입금,1348709,월급,2025-01-17
9881,,출금,198404,기타,2025-05-22
9882,,입금,621165,부수입,2025-04-11
9883,,출금,443011,생필품,2025-03-28
9884,,출금,306509,식비,2025-01-19
9885,,입금,1041418,월급,2025-01-27
9886,,입금,708061,기타,2025-03-02
9887,,출금,335172,생필품,2025-04-10
9888,,입금,2234594,기타,2025-01-03
9889,,입금,736580,기타,2025-05-17
9890,,출금,452565,주거/공과금,2025-06-17
9891,,출금,320605,생필품,2025-02-14
9892,,출금,351187,생필품,2025-03-11
9893,,입금,1486632,월급,2025-02-23
9894,,입금,1731339,월급,2025-02-28
9895,,출금,213882,주거/공과금,2025-01-08
9896,,출금,271731,식비,2025-06-22
9897,,출금,339871,의료/건강,2025-07-28
9898,,출금,273746,문화생활/여가,2025-04-19
9899,,출금,439929,문화생활/여가,2025-05-21
9900,,입금,1568939,부수입,2025-04-09
9901,,출금,161400,의료/건강,2025-05-28
9902,,입금,442868,부수입,2025-05-14
9903,,출금,96078,교통비,2025-05-15
9904,,입금,763143,부수입,2025-04-26
9905,,출금,360750,문화생활/여가,2025-04-22
9906,,출금,79946,주거/공과금,2025-07-03
9907,,출금,432610,패션/미용,2025-03-09
9908,,출금,68542,식비,2025-06-29
9909,,입금,1406948,월급,2025-01-20
9910,,입금,2216748,월급,2025-07-04
9911,,입금,1429373,부수입,2025-04-27
9912,,출금,216355,문화생활/여가,2025-04-10
9913,,출금,424353,식비,2025-03-27
9914,,출금,134370,의료/건강,2025-06-29
9915,,출금,91933,기타,2025-07-03
9916,,출금,422364,생필품,2025-03-28
9917,,출금,83521,기타,2025-06-13
9918,,출금,410019,기타,2025-03-11
9919,,입금,341734,기타,2025-07-03
9920,,출금,74644,의료/건강,2025-05-18
9921,,출금,322177,식비,2025-01-28
9922,,출금,243989,문화생활/여가,2025-03-14
9923,,출금,495966,식비,2025-04-09
9924,,입금,362446,기타,2025-05-24
9925,,출금,222428,문화생활/여가,2025-03-12
9926,,입금,872232,기타,2025-07-01
9927,,출금,399999,문화생활/여가,2025-07-11
9928,,출금,203635,의료/건강,2025-05-05
9929,,출금,325744,교통비,2025-06-01
9930,,출금,282547,기타,2025-06-15
9931,,입금,1380006,월급,2025-07-26
9932,,출금,248703,식비,2025-04-04
9933,,출금,470118,패션/미용,2025-05-18
9934,,출금,447761,패션/미용,2025-04-28
9935,,출금,478101,주거/공과금,2025-04-15
9936,,출금,227167,생필품,2025-05-19
9937,,입금,557240,기타,2025-03-04
9938,,입금,1881204,기타,2025-03-09
9939,,출금,295049,교통비,2025-06-27
9940,,출금,307109,생필품,2025-03-16
9941,,입금,377032,월급,2025-02-18
9942,,출금,298194,생필품,2025-02-22
9943,,출금,303086,생필품,2025-02-05
9944,,출금,181013,패션/미용,2025-06-05
9945,,출금,295347,식비,2025-03-26
9946,,입금,415156,월급,2025-07-19
9947,,출금,123259,패션/미용,2025-03-16
9948,,출금,91387,패션/미용,2025-04-20
9949,,입금,1308714,기타,2025-07-26
9950,,입금,103548,월급,2025-02-14
9951,,입금,353413,기타,2025-05-30
9952,,입금,767894,월급,2025-06-15
9953,,입금,1710561,기타,2025-06-24
9954,,입금,610171,부수입,2025-01-18
9955,,출금,414377,생필품,2025-03-16
9956,,입금,1698080,기타,2025-02-10
9957,,출금,303996,패션/미용,2025-05-20
9958,,출금,428794,교통비,2025-07-19
9959,,출금,388777,주거/공과금,2025-07-15
9960,,입금,307762,월급,2025-05-18
9961,,출금,51739,패션/미용,2025-06-08
9962,,출금,174543,기타,2025-05-12
9963,,출금,224584,교통비,2025-04-06
9964,,입금,1989279,월급,2025-06-18
9965,,출금,319751,패션/미용,2025-07-17
9966,,출금,85906,생필품,2025-07-27
9967,,출금,165542,식비,2025-02-08
9968,,입금,1079804,부수입,2025-05-10
9969,,출금,44743,패션/미용,2025-04-01
9970,,출금,300384,기타,2025-01-07
9971,,출금,120495,패션/미용,2025-01-21
9972,,출금,84496,생필품,2025-05-09
9973,,출금,161002,식비,2025-04-09
9974,,출금,259945,기타,2025-04-23
9975,,출금,151979,기타,2025-01-07
9976,,입금,185988,기타,2025-01-25
9977,,출금,59192,식비,2025-06-20
9978,,출금,5149,주거/공과금,2025-04-24
9979,,출금,399963,기타,2025-06-04
9980,,출금,145740,패션/미용,2025-06-28
9981,,출금,12965,주거/공과금,2025-07-14
9982,,출금,307998,식비,2025-03-27
9983,,입금,460176,부수입,2025-01-23
9984,,출금,448904,패션/미용,2025-07-11
9985,,출금,176974,교통비,2025-01-27
9986,,입금,2427803,부수입,2025-01-16
9987,,출금,345092,패션/미용,2025-01-01
9988,,출금,363814,식비,2025-07-02
9989,,출금,153167,주거/공과금,2025-03-30
9990,,출금,38852,주거/공과금,2025-07-11
9991,,입금,659512,기타,2025-07-05
9992,,입금,1933767,부수입,2025-04-21
9993,,출금,194326,식비,2025-02-19
9994,,출금,23376,주거/공과금,2025-04-18
9995,,입금,657199,기타,2025-01-23
9996,,출금,230968,식비,2025-07-10
9997,,입금,2018196,월급,2025-06-23
9998,,출금,236449,패션/미용,2025-04-21
9999,,입금,2331436,기타,2025-07-15
10000,,입금,1980052,부수입,2025-02-05